[2025-09-09 04:06:58] local.ERROR: Livewire page component layout view not found: [components.layouts.app] {"exception":"[object] (Livewire\\Features\\SupportPageComponents\\MissingLayoutException(code: 0): Livewire page component layout view not found: [components.layouts.app] at E:\\Productivity\\wamp64\\www\\laravel\\originality\\vendor\\livewire\\livewire\\src\\Features\\SupportPageComponents\\SupportPageComponents.php:192)
[stacktrace]
#0 E:\\Productivity\\wamp64\\www\\laravel\\originality\\vendor\\livewire\\livewire\\src\\Features\\SupportPageComponents\\HandlesPageComponents.php(24): Livewire\\Features\\SupportPageComponents\\SupportPageComponents::renderContentsIntoLayout('<div wire:snaps...', Object(Livewire\\Features\\SupportPageComponents\\PageComponentConfig))
#1 E:\\Productivity\\wamp64\\www\\laravel\\originality\\vendor\\laravel\\framework\\src\\Illuminate\\Routing\\ControllerDispatcher.php(46): Livewire\\Component->__invoke()
#2 E:\\Productivity\\wamp64\\www\\laravel\\originality\\vendor\\laravel\\framework\\src\\Illuminate\\Routing\\Route.php(265): Illuminate\\Routing\\ControllerDispatcher->dispatch(Object(Illuminate\\Routing\\Route), Object(App\\Livewire\\Auth\\LoginForm), '__invoke')
#3 E:\\Productivity\\wamp64\\www\\laravel\\originality\\vendor\\laravel\\framework\\src\\Illuminate\\Routing\\Route.php(211): Illuminate\\Routing\\Route->runController()
#4 E:\\Productivity\\wamp64\\www\\laravel\\originality\\vendor\\laravel\\framework\\src\\Illuminate\\Routing\\Router.php(822): Illuminate\\Routing\\Route->run()
#5 E:\\Productivity\\wamp64\\www\\laravel\\originality\\vendor\\laravel\\framework\\src\\Illuminate\\Pipeline\\Pipeline.php(180): Illuminate\\Routing\\Router->Illuminate\\Routing\\{closure}(Object(Illuminate\\Http\\Request))
#6 E:\\Productivity\\wamp64\\www\\laravel\\originality\\vendor\\laravel\\framework\\src\\Illuminate\\Routing\\Middleware\\SubstituteBindings.php(50): Illuminate\\Pipeline\\Pipeline->Illuminate\\Pipeline\\{closure}(Object(Illuminate\\Http\\Request))
#7 E:\\Productivity\\wamp64\\www\\laravel\\originality\\vendor\\laravel\\framework\\src\\Illuminate\\Pipeline\\Pipeline.php(219): Illuminate\\Routing\\Middleware\\SubstituteBindings->handle(Object(Illuminate\\Http\\Request), Object(Closure))
#8 E:\\Productivity\\wamp64\\www\\laravel\\originality\\vendor\\laravel\\framework\\src\\Illuminate\\Foundation\\Http\\Middleware\\VerifyCsrfToken.php(87): Illuminate\\Pipeline\\Pipeline->Illuminate\\Pipeline\\{closure}(Object(Illuminate\\Http\\Request))
#9 E:\\Productivity\\wamp64\\www\\laravel\\originality\\vendor\\laravel\\framework\\src\\Illuminate\\Pipeline\\Pipeline.php(219): Illuminate\\Foundation\\Http\\Middleware\\VerifyCsrfToken->handle(Object(Illuminate\\Http\\Request), Object(Closure))
#10 E:\\Productivity\\wamp64\\www\\laravel\\originality\\vendor\\laravel\\framework\\src\\Illuminate\\View\\Middleware\\ShareErrorsFromSession.php(48): Illuminate\\Pipeline\\Pipeline->Illuminate\\Pipeline\\{closure}(Object(Illuminate\\Http\\Request))
#11 E:\\Productivity\\wamp64\\www\\laravel\\originality\\vendor\\laravel\\framework\\src\\Illuminate\\Pipeline\\Pipeline.php(219): Illuminate\\View\\Middleware\\ShareErrorsFromSession->handle(Object(Illuminate\\Http\\Request), Object(Closure))
#12 E:\\Productivity\\wamp64\\www\\laravel\\originality\\vendor\\laravel\\framework\\src\\Illuminate\\Session\\Middleware\\StartSession.php(120): Illuminate\\Pipeline\\Pipeline->Illuminate\\Pipeline\\{closure}(Object(Illuminate\\Http\\Request))
#13 E:\\Productivity\\wamp64\\www\\laravel\\originality\\vendor\\laravel\\framework\\src\\Illuminate\\Session\\Middleware\\StartSession.php(63): Illuminate\\Session\\Middleware\\StartSession->handleStatefulRequest(Object(Illuminate\\Http\\Request), Object(Illuminate\\Session\\Store), Object(Closure))
#14 E:\\Productivity\\wamp64\\www\\laravel\\originality\\vendor\\laravel\\framework\\src\\Illuminate\\Pipeline\\Pipeline.php(219): Illuminate\\Session\\Middleware\\StartSession->handle(Object(Illuminate\\Http\\Request), Object(Closure))
#15 E:\\Productivity\\wamp64\\www\\laravel\\originality\\vendor\\laravel\\framework\\src\\Illuminate\\Cookie\\Middleware\\AddQueuedCookiesToResponse.php(36): Illuminate\\Pipeline\\Pipeline->Illuminate\\Pipeline\\{closure}(Object(Illuminate\\Http\\Request))
#16 E:\\Productivity\\wamp64\\www\\laravel\\originality\\vendor\\laravel\\framework\\src\\Illuminate\\Pipeline\\Pipeline.php(219): Illuminate\\Cookie\\Middleware\\AddQueuedCookiesToResponse->handle(Object(Illuminate\\Http\\Request), Object(Closure))
#17 E:\\Productivity\\wamp64\\www\\laravel\\originality\\vendor\\laravel\\framework\\src\\Illuminate\\Cookie\\Middleware\\EncryptCookies.php(74): Illuminate\\Pipeline\\Pipeline->Illuminate\\Pipeline\\{closure}(Object(Illuminate\\Http\\Request))
#18 E:\\Productivity\\wamp64\\www\\laravel\\originality\\vendor\\laravel\\framework\\src\\Illuminate\\Pipeline\\Pipeline.php(219): Illuminate\\Cookie\\Middleware\\EncryptCookies->handle(Object(Illuminate\\Http\\Request), Object(Closure))
#19 E:\\Productivity\\wamp64\\www\\laravel\\originality\\vendor\\laravel\\framework\\src\\Illuminate\\Pipeline\\Pipeline.php(137): Illuminate\\Pipeline\\Pipeline->Illuminate\\Pipeline\\{closure}(Object(Illuminate\\Http\\Request))
#20 E:\\Productivity\\wamp64\\www\\laravel\\originality\\vendor\\laravel\\framework\\src\\Illuminate\\Routing\\Router.php(821): Illuminate\\Pipeline\\Pipeline->then(Object(Closure))
#21 E:\\Productivity\\wamp64\\www\\laravel\\originality\\vendor\\laravel\\framework\\src\\Illuminate\\Routing\\Router.php(800): Illuminate\\Routing\\Router->runRouteWithinStack(Object(Illuminate\\Routing\\Route), Object(Illuminate\\Http\\Request))
#22 E:\\Productivity\\wamp64\\www\\laravel\\originality\\vendor\\laravel\\framework\\src\\Illuminate\\Routing\\Router.php(764): Illuminate\\Routing\\Router->runRoute(Object(Illuminate\\Http\\Request), Object(Illuminate\\Routing\\Route))
#23 E:\\Productivity\\wamp64\\www\\laravel\\originality\\vendor\\laravel\\framework\\src\\Illuminate\\Routing\\Router.php(753): Illuminate\\Routing\\Router->dispatchToRoute(Object(Illuminate\\Http\\Request))
#24 E:\\Productivity\\wamp64\\www\\laravel\\originality\\vendor\\laravel\\framework\\src\\Illuminate\\Foundation\\Http\\Kernel.php(200): Illuminate\\Routing\\Router->dispatch(Object(Illuminate\\Http\\Request))
#25 E:\\Productivity\\wamp64\\www\\laravel\\originality\\vendor\\laravel\\framework\\src\\Illuminate\\Pipeline\\Pipeline.php(180): Illuminate\\Foundation\\Http\\Kernel->Illuminate\\Foundation\\Http\\{closure}(Object(Illuminate\\Http\\Request))
#26 E:\\Productivity\\wamp64\\www\\laravel\\originality\\vendor\\livewire\\livewire\\src\\Features\\SupportDisablingBackButtonCache\\DisableBackButtonCacheMiddleware.php(19): Illuminate\\Pipeline\\Pipeline->Illuminate\\Pipeline\\{closure}(Object(Illuminate\\Http\\Request))
#27 E:\\Productivity\\wamp64\\www\\laravel\\originality\\vendor\\laravel\\framework\\src\\Illuminate\\Pipeline\\Pipeline.php(219): Livewire\\Features\\SupportDisablingBackButtonCache\\DisableBackButtonCacheMiddleware->handle(Object(Illuminate\\Http\\Request), Object(Closure))
#28 E:\\Productivity\\wamp64\\www\\laravel\\originality\\vendor\\laravel\\framework\\src\\Illuminate\\Foundation\\Http\\Middleware\\TransformsRequest.php(21): Illuminate\\Pipeline\\Pipeline->Illuminate\\Pipeline\\{closure}(Object(Illuminate\\Http\\Request))
#29 E:\\Productivity\\wamp64\\www\\laravel\\originality\\vendor\\laravel\\framework\\src\\Illuminate\\Foundation\\Http\\Middleware\\ConvertEmptyStringsToNull.php(31): Illuminate\\Foundation\\Http\\Middleware\\TransformsRequest->handle(Object(Illuminate\\Http\\Request), Object(Closure))
#30 E:\\Productivity\\wamp64\\www\\laravel\\originality\\vendor\\laravel\\framework\\src\\Illuminate\\Pipeline\\Pipeline.php(219): Illuminate\\Foundation\\Http\\Middleware\\ConvertEmptyStringsToNull->handle(Object(Illuminate\\Http\\Request), Object(Closure))
#31 E:\\Productivity\\wamp64\\www\\laravel\\originality\\vendor\\laravel\\framework\\src\\Illuminate\\Foundation\\Http\\Middleware\\TransformsRequest.php(21): Illuminate\\Pipeline\\Pipeline->Illuminate\\Pipeline\\{closure}(Object(Illuminate\\Http\\Request))
#32 E:\\Productivity\\wamp64\\www\\laravel\\originality\\vendor\\laravel\\framework\\src\\Illuminate\\Foundation\\Http\\Middleware\\TrimStrings.php(51): Illuminate\\Foundation\\Http\\Middleware\\TransformsRequest->handle(Object(Illuminate\\Http\\Request), Object(Closure))
#33 E:\\Productivity\\wamp64\\www\\laravel\\originality\\vendor\\laravel\\framework\\src\\Illuminate\\Pipeline\\Pipeline.php(219): Illuminate\\Foundation\\Http\\Middleware\\TrimStrings->handle(Object(Illuminate\\Http\\Request), Object(Closure))
#34 E:\\Productivity\\wamp64\\www\\laravel\\originality\\vendor\\laravel\\framework\\src\\Illuminate\\Http\\Middleware\\ValidatePostSize.php(27): Illuminate\\Pipeline\\Pipeline->Illuminate\\Pipeline\\{closure}(Object(Illuminate\\Http\\Request))
#35 E:\\Productivity\\wamp64\\www\\laravel\\originality\\vendor\\laravel\\framework\\src\\Illuminate\\Pipeline\\Pipeline.php(219): Illuminate\\Http\\Middleware\\ValidatePostSize->handle(Object(Illuminate\\Http\\Request), Object(Closure))
#36 E:\\Productivity\\wamp64\\www\\laravel\\originality\\vendor\\laravel\\framework\\src\\Illuminate\\Foundation\\Http\\Middleware\\PreventRequestsDuringMaintenance.php(109): Illuminate\\Pipeline\\Pipeline->Illuminate\\Pipeline\\{closure}(Object(Illuminate\\Http\\Request))
#37 E:\\Productivity\\wamp64\\www\\laravel\\originality\\vendor\\laravel\\framework\\src\\Illuminate\\Pipeline\\Pipeline.php(219): Illuminate\\Foundation\\Http\\Middleware\\PreventRequestsDuringMaintenance->handle(Object(Illuminate\\Http\\Request), Object(Closure))
#38 E:\\Productivity\\wamp64\\www\\laravel\\originality\\vendor\\laravel\\framework\\src\\Illuminate\\Http\\Middleware\\HandleCors.php(48): Illuminate\\Pipeline\\Pipeline->Illuminate\\Pipeline\\{closure}(Object(Illuminate\\Http\\Request))
#39 E:\\Productivity\\wamp64\\www\\laravel\\originality\\vendor\\laravel\\framework\\src\\Illuminate\\Pipeline\\Pipeline.php(219): Illuminate\\Http\\Middleware\\HandleCors->handle(Object(Illuminate\\Http\\Request), Object(Closure))
#40 E:\\Productivity\\wamp64\\www\\laravel\\originality\\vendor\\laravel\\framework\\src\\Illuminate\\Http\\Middleware\\TrustProxies.php(58): Illuminate\\Pipeline\\Pipeline->Illuminate\\Pipeline\\{closure}(Object(Illuminate\\Http\\Request))
#41 E:\\Productivity\\wamp64\\www\\laravel\\originality\\vendor\\laravel\\framework\\src\\Illuminate\\Pipeline\\Pipeline.php(219): Illuminate\\Http\\Middleware\\TrustProxies->handle(Object(Illuminate\\Http\\Request), Object(Closure))
#42 E:\\Productivity\\wamp64\\www\\laravel\\originality\\vendor\\laravel\\framework\\src\\Illuminate\\Foundation\\Http\\Middleware\\InvokeDeferredCallbacks.php(22): Illuminate\\Pipeline\\Pipeline->Illuminate\\Pipeline\\{closure}(Object(Illuminate\\Http\\Request))
#43 E:\\Productivity\\wamp64\\www\\laravel\\originality\\vendor\\laravel\\framework\\src\\Illuminate\\Pipeline\\Pipeline.php(219): Illuminate\\Foundation\\Http\\Middleware\\InvokeDeferredCallbacks->handle(Object(Illuminate\\Http\\Request), Object(Closure))
#44 E:\\Productivity\\wamp64\\www\\laravel\\originality\\vendor\\laravel\\framework\\src\\Illuminate\\Http\\Middleware\\ValidatePathEncoding.php(26): Illuminate\\Pipeline\\Pipeline->Illuminate\\Pipeline\\{closure}(Object(Illuminate\\Http\\Request))
#45 E:\\Productivity\\wamp64\\www\\laravel\\originality\\vendor\\laravel\\framework\\src\\Illuminate\\Pipeline\\Pipeline.php(219): Illuminate\\Http\\Middleware\\ValidatePathEncoding->handle(Object(Illuminate\\Http\\Request), Object(Closure))
#46 E:\\Productivity\\wamp64\\www\\laravel\\originality\\vendor\\laravel\\framework\\src\\Illuminate\\Pipeline\\Pipeline.php(137): Illuminate\\Pipeline\\Pipeline->Illuminate\\Pipeline\\{closure}(Object(Illuminate\\Http\\Request))
#47 E:\\Productivity\\wamp64\\www\\laravel\\originality\\vendor\\laravel\\framework\\src\\Illuminate\\Foundation\\Http\\Kernel.php(175): Illuminate\\Pipeline\\Pipeline->then(Object(Closure))
#48 E:\\Productivity\\wamp64\\www\\laravel\\originality\\vendor\\laravel\\framework\\src\\Illuminate\\Foundation\\Http\\Kernel.php(144): Illuminate\\Foundation\\Http\\Kernel->sendRequestThroughRouter(Object(Illuminate\\Http\\Request))
#49 E:\\Productivity\\wamp64\\www\\laravel\\originality\\vendor\\laravel\\framework\\src\\Illuminate\\Foundation\\Application.php(1220): Illuminate\\Foundation\\Http\\Kernel->handle(Object(Illuminate\\Http\\Request))
#50 E:\\Productivity\\wamp64\\www\\laravel\\originality\\public\\index.php(20): Illuminate\\Foundation\\Application->handleRequest(Object(Illuminate\\Http\\Request))
#51 E:\\Productivity\\wamp64\\www\\laravel\\originality\\vendor\\laravel\\framework\\src\\Illuminate\\Foundation\\resources\\server.php(23): require_once('E:\\\\Productivity...')
#52 {main}
"} 
[2025-09-09 04:09:43] local.ERROR: Vite manifest not found at: E:\Productivity\wamp64\www\laravel\originality\public\build/manifest.json (View: E:\Productivity\wamp64\www\laravel\originality\resources\views\components\layouts\app.blade.php) (View: E:\Productivity\wamp64\www\laravel\originality\resources\views\components\layouts\app.blade.php) {"exception":"[object] (Illuminate\\View\\ViewException(code: 0): Vite manifest not found at: E:\\Productivity\\wamp64\\www\\laravel\\originality\\public\\build/manifest.json (View: E:\\Productivity\\wamp64\\www\\laravel\\originality\\resources\\views\\components\\layouts\\app.blade.php) (View: E:\\Productivity\\wamp64\\www\\laravel\\originality\\resources\\views\\components\\layouts\\app.blade.php) at E:\\Productivity\\wamp64\\www\\laravel\\originality\\vendor\\laravel\\framework\\src\\Illuminate\\Foundation\\Vite.php:935)
[stacktrace]
#0 E:\\Productivity\\wamp64\\www\\laravel\\originality\\vendor\\livewire\\livewire\\src\\Mechanisms\\ExtendBlade\\ExtendedCompilerEngine.php(58): Illuminate\\View\\Engines\\CompilerEngine->handleViewException(Object(Illuminate\\View\\ViewException), 1)
#1 E:\\Productivity\\wamp64\\www\\laravel\\originality\\vendor\\laravel\\framework\\src\\Illuminate\\View\\Engines\\PhpEngine.php(59): Livewire\\Mechanisms\\ExtendBlade\\ExtendedCompilerEngine->handleViewException(Object(Illuminate\\View\\ViewException), 1)
#2 E:\\Productivity\\wamp64\\www\\laravel\\originality\\vendor\\livewire\\livewire\\src\\Mechanisms\\ExtendBlade\\ExtendedCompilerEngine.php(22): Illuminate\\View\\Engines\\PhpEngine->evaluatePath('E:\\\\Productivity...', Array)
#3 E:\\Productivity\\wamp64\\www\\laravel\\originality\\vendor\\laravel\\framework\\src\\Illuminate\\View\\Engines\\CompilerEngine.php(76): Livewire\\Mechanisms\\ExtendBlade\\ExtendedCompilerEngine->evaluatePath('E:\\\\Productivity...', Array)
#4 E:\\Productivity\\wamp64\\www\\laravel\\originality\\vendor\\livewire\\livewire\\src\\Mechanisms\\ExtendBlade\\ExtendedCompilerEngine.php(10): Illuminate\\View\\Engines\\CompilerEngine->get('E:\\\\Productivity...', Array)
#5 E:\\Productivity\\wamp64\\www\\laravel\\originality\\vendor\\laravel\\framework\\src\\Illuminate\\View\\View.php(208): Livewire\\Mechanisms\\ExtendBlade\\ExtendedCompilerEngine->get('E:\\\\Productivity...', Array)
#6 E:\\Productivity\\wamp64\\www\\laravel\\originality\\vendor\\laravel\\framework\\src\\Illuminate\\View\\View.php(191): Illuminate\\View\\View->getContents()
#7 E:\\Productivity\\wamp64\\www\\laravel\\originality\\vendor\\laravel\\framework\\src\\Illuminate\\View\\View.php(160): Illuminate\\View\\View->renderContents()
#8 E:\\Productivity\\wamp64\\www\\laravel\\originality\\vendor\\laravel\\framework\\src\\Illuminate\\View\\Compilers\\BladeCompiler.php(352): Illuminate\\View\\View->render()
#9 E:\\Productivity\\wamp64\\www\\laravel\\originality\\vendor\\laravel\\framework\\src\\Illuminate\\Support\\Facades\\Facade.php(363): Illuminate\\View\\Compilers\\BladeCompiler::render('    <?php $layo...', Array)
#10 E:\\Productivity\\wamp64\\www\\laravel\\originality\\vendor\\livewire\\livewire\\src\\Features\\SupportPageComponents\\SupportPageComponents.php(153): Illuminate\\Support\\Facades\\Facade::__callStatic('render', Array)
#11 E:\\Productivity\\wamp64\\www\\laravel\\originality\\vendor\\livewire\\livewire\\src\\Features\\SupportPageComponents\\HandlesPageComponents.php(24): Livewire\\Features\\SupportPageComponents\\SupportPageComponents::renderContentsIntoLayout('<div wire:snaps...', Object(Livewire\\Features\\SupportPageComponents\\PageComponentConfig))
#12 E:\\Productivity\\wamp64\\www\\laravel\\originality\\vendor\\laravel\\framework\\src\\Illuminate\\Routing\\ControllerDispatcher.php(46): Livewire\\Component->__invoke()
#13 E:\\Productivity\\wamp64\\www\\laravel\\originality\\vendor\\laravel\\framework\\src\\Illuminate\\Routing\\Route.php(265): Illuminate\\Routing\\ControllerDispatcher->dispatch(Object(Illuminate\\Routing\\Route), Object(App\\Livewire\\Auth\\LoginForm), '__invoke')
#14 E:\\Productivity\\wamp64\\www\\laravel\\originality\\vendor\\laravel\\framework\\src\\Illuminate\\Routing\\Route.php(211): Illuminate\\Routing\\Route->runController()
#15 E:\\Productivity\\wamp64\\www\\laravel\\originality\\vendor\\laravel\\framework\\src\\Illuminate\\Routing\\Router.php(822): Illuminate\\Routing\\Route->run()
#16 E:\\Productivity\\wamp64\\www\\laravel\\originality\\vendor\\laravel\\framework\\src\\Illuminate\\Pipeline\\Pipeline.php(180): Illuminate\\Routing\\Router->Illuminate\\Routing\\{closure}(Object(Illuminate\\Http\\Request))
#17 E:\\Productivity\\wamp64\\www\\laravel\\originality\\vendor\\laravel\\framework\\src\\Illuminate\\Routing\\Middleware\\SubstituteBindings.php(50): Illuminate\\Pipeline\\Pipeline->Illuminate\\Pipeline\\{closure}(Object(Illuminate\\Http\\Request))
#18 E:\\Productivity\\wamp64\\www\\laravel\\originality\\vendor\\laravel\\framework\\src\\Illuminate\\Pipeline\\Pipeline.php(219): Illuminate\\Routing\\Middleware\\SubstituteBindings->handle(Object(Illuminate\\Http\\Request), Object(Closure))
#19 E:\\Productivity\\wamp64\\www\\laravel\\originality\\vendor\\laravel\\framework\\src\\Illuminate\\Foundation\\Http\\Middleware\\VerifyCsrfToken.php(87): Illuminate\\Pipeline\\Pipeline->Illuminate\\Pipeline\\{closure}(Object(Illuminate\\Http\\Request))
#20 E:\\Productivity\\wamp64\\www\\laravel\\originality\\vendor\\laravel\\framework\\src\\Illuminate\\Pipeline\\Pipeline.php(219): Illuminate\\Foundation\\Http\\Middleware\\VerifyCsrfToken->handle(Object(Illuminate\\Http\\Request), Object(Closure))
#21 E:\\Productivity\\wamp64\\www\\laravel\\originality\\vendor\\laravel\\framework\\src\\Illuminate\\View\\Middleware\\ShareErrorsFromSession.php(48): Illuminate\\Pipeline\\Pipeline->Illuminate\\Pipeline\\{closure}(Object(Illuminate\\Http\\Request))
#22 E:\\Productivity\\wamp64\\www\\laravel\\originality\\vendor\\laravel\\framework\\src\\Illuminate\\Pipeline\\Pipeline.php(219): Illuminate\\View\\Middleware\\ShareErrorsFromSession->handle(Object(Illuminate\\Http\\Request), Object(Closure))
#23 E:\\Productivity\\wamp64\\www\\laravel\\originality\\vendor\\laravel\\framework\\src\\Illuminate\\Session\\Middleware\\StartSession.php(120): Illuminate\\Pipeline\\Pipeline->Illuminate\\Pipeline\\{closure}(Object(Illuminate\\Http\\Request))
#24 E:\\Productivity\\wamp64\\www\\laravel\\originality\\vendor\\laravel\\framework\\src\\Illuminate\\Session\\Middleware\\StartSession.php(63): Illuminate\\Session\\Middleware\\StartSession->handleStatefulRequest(Object(Illuminate\\Http\\Request), Object(Illuminate\\Session\\Store), Object(Closure))
#25 E:\\Productivity\\wamp64\\www\\laravel\\originality\\vendor\\laravel\\framework\\src\\Illuminate\\Pipeline\\Pipeline.php(219): Illuminate\\Session\\Middleware\\StartSession->handle(Object(Illuminate\\Http\\Request), Object(Closure))
#26 E:\\Productivity\\wamp64\\www\\laravel\\originality\\vendor\\laravel\\framework\\src\\Illuminate\\Cookie\\Middleware\\AddQueuedCookiesToResponse.php(36): Illuminate\\Pipeline\\Pipeline->Illuminate\\Pipeline\\{closure}(Object(Illuminate\\Http\\Request))
#27 E:\\Productivity\\wamp64\\www\\laravel\\originality\\vendor\\laravel\\framework\\src\\Illuminate\\Pipeline\\Pipeline.php(219): Illuminate\\Cookie\\Middleware\\AddQueuedCookiesToResponse->handle(Object(Illuminate\\Http\\Request), Object(Closure))
#28 E:\\Productivity\\wamp64\\www\\laravel\\originality\\vendor\\laravel\\framework\\src\\Illuminate\\Cookie\\Middleware\\EncryptCookies.php(74): Illuminate\\Pipeline\\Pipeline->Illuminate\\Pipeline\\{closure}(Object(Illuminate\\Http\\Request))
#29 E:\\Productivity\\wamp64\\www\\laravel\\originality\\vendor\\laravel\\framework\\src\\Illuminate\\Pipeline\\Pipeline.php(219): Illuminate\\Cookie\\Middleware\\EncryptCookies->handle(Object(Illuminate\\Http\\Request), Object(Closure))
#30 E:\\Productivity\\wamp64\\www\\laravel\\originality\\vendor\\laravel\\framework\\src\\Illuminate\\Pipeline\\Pipeline.php(137): Illuminate\\Pipeline\\Pipeline->Illuminate\\Pipeline\\{closure}(Object(Illuminate\\Http\\Request))
#31 E:\\Productivity\\wamp64\\www\\laravel\\originality\\vendor\\laravel\\framework\\src\\Illuminate\\Routing\\Router.php(821): Illuminate\\Pipeline\\Pipeline->then(Object(Closure))
#32 E:\\Productivity\\wamp64\\www\\laravel\\originality\\vendor\\laravel\\framework\\src\\Illuminate\\Routing\\Router.php(800): Illuminate\\Routing\\Router->runRouteWithinStack(Object(Illuminate\\Routing\\Route), Object(Illuminate\\Http\\Request))
#33 E:\\Productivity\\wamp64\\www\\laravel\\originality\\vendor\\laravel\\framework\\src\\Illuminate\\Routing\\Router.php(764): Illuminate\\Routing\\Router->runRoute(Object(Illuminate\\Http\\Request), Object(Illuminate\\Routing\\Route))
#34 E:\\Productivity\\wamp64\\www\\laravel\\originality\\vendor\\laravel\\framework\\src\\Illuminate\\Routing\\Router.php(753): Illuminate\\Routing\\Router->dispatchToRoute(Object(Illuminate\\Http\\Request))
#35 E:\\Productivity\\wamp64\\www\\laravel\\originality\\vendor\\laravel\\framework\\src\\Illuminate\\Foundation\\Http\\Kernel.php(200): Illuminate\\Routing\\Router->dispatch(Object(Illuminate\\Http\\Request))
#36 E:\\Productivity\\wamp64\\www\\laravel\\originality\\vendor\\laravel\\framework\\src\\Illuminate\\Pipeline\\Pipeline.php(180): Illuminate\\Foundation\\Http\\Kernel->Illuminate\\Foundation\\Http\\{closure}(Object(Illuminate\\Http\\Request))
#37 E:\\Productivity\\wamp64\\www\\laravel\\originality\\vendor\\livewire\\livewire\\src\\Features\\SupportDisablingBackButtonCache\\DisableBackButtonCacheMiddleware.php(19): Illuminate\\Pipeline\\Pipeline->Illuminate\\Pipeline\\{closure}(Object(Illuminate\\Http\\Request))
#38 E:\\Productivity\\wamp64\\www\\laravel\\originality\\vendor\\laravel\\framework\\src\\Illuminate\\Pipeline\\Pipeline.php(219): Livewire\\Features\\SupportDisablingBackButtonCache\\DisableBackButtonCacheMiddleware->handle(Object(Illuminate\\Http\\Request), Object(Closure))
#39 E:\\Productivity\\wamp64\\www\\laravel\\originality\\vendor\\laravel\\framework\\src\\Illuminate\\Foundation\\Http\\Middleware\\TransformsRequest.php(21): Illuminate\\Pipeline\\Pipeline->Illuminate\\Pipeline\\{closure}(Object(Illuminate\\Http\\Request))
#40 E:\\Productivity\\wamp64\\www\\laravel\\originality\\vendor\\laravel\\framework\\src\\Illuminate\\Foundation\\Http\\Middleware\\ConvertEmptyStringsToNull.php(31): Illuminate\\Foundation\\Http\\Middleware\\TransformsRequest->handle(Object(Illuminate\\Http\\Request), Object(Closure))
#41 E:\\Productivity\\wamp64\\www\\laravel\\originality\\vendor\\laravel\\framework\\src\\Illuminate\\Pipeline\\Pipeline.php(219): Illuminate\\Foundation\\Http\\Middleware\\ConvertEmptyStringsToNull->handle(Object(Illuminate\\Http\\Request), Object(Closure))
#42 E:\\Productivity\\wamp64\\www\\laravel\\originality\\vendor\\laravel\\framework\\src\\Illuminate\\Foundation\\Http\\Middleware\\TransformsRequest.php(21): Illuminate\\Pipeline\\Pipeline->Illuminate\\Pipeline\\{closure}(Object(Illuminate\\Http\\Request))
#43 E:\\Productivity\\wamp64\\www\\laravel\\originality\\vendor\\laravel\\framework\\src\\Illuminate\\Foundation\\Http\\Middleware\\TrimStrings.php(51): Illuminate\\Foundation\\Http\\Middleware\\TransformsRequest->handle(Object(Illuminate\\Http\\Request), Object(Closure))
#44 E:\\Productivity\\wamp64\\www\\laravel\\originality\\vendor\\laravel\\framework\\src\\Illuminate\\Pipeline\\Pipeline.php(219): Illuminate\\Foundation\\Http\\Middleware\\TrimStrings->handle(Object(Illuminate\\Http\\Request), Object(Closure))
#45 E:\\Productivity\\wamp64\\www\\laravel\\originality\\vendor\\laravel\\framework\\src\\Illuminate\\Http\\Middleware\\ValidatePostSize.php(27): Illuminate\\Pipeline\\Pipeline->Illuminate\\Pipeline\\{closure}(Object(Illuminate\\Http\\Request))
#46 E:\\Productivity\\wamp64\\www\\laravel\\originality\\vendor\\laravel\\framework\\src\\Illuminate\\Pipeline\\Pipeline.php(219): Illuminate\\Http\\Middleware\\ValidatePostSize->handle(Object(Illuminate\\Http\\Request), Object(Closure))
#47 E:\\Productivity\\wamp64\\www\\laravel\\originality\\vendor\\laravel\\framework\\src\\Illuminate\\Foundation\\Http\\Middleware\\PreventRequestsDuringMaintenance.php(109): Illuminate\\Pipeline\\Pipeline->Illuminate\\Pipeline\\{closure}(Object(Illuminate\\Http\\Request))
#48 E:\\Productivity\\wamp64\\www\\laravel\\originality\\vendor\\laravel\\framework\\src\\Illuminate\\Pipeline\\Pipeline.php(219): Illuminate\\Foundation\\Http\\Middleware\\PreventRequestsDuringMaintenance->handle(Object(Illuminate\\Http\\Request), Object(Closure))
#49 E:\\Productivity\\wamp64\\www\\laravel\\originality\\vendor\\laravel\\framework\\src\\Illuminate\\Http\\Middleware\\HandleCors.php(48): Illuminate\\Pipeline\\Pipeline->Illuminate\\Pipeline\\{closure}(Object(Illuminate\\Http\\Request))
#50 E:\\Productivity\\wamp64\\www\\laravel\\originality\\vendor\\laravel\\framework\\src\\Illuminate\\Pipeline\\Pipeline.php(219): Illuminate\\Http\\Middleware\\HandleCors->handle(Object(Illuminate\\Http\\Request), Object(Closure))
#51 E:\\Productivity\\wamp64\\www\\laravel\\originality\\vendor\\laravel\\framework\\src\\Illuminate\\Http\\Middleware\\TrustProxies.php(58): Illuminate\\Pipeline\\Pipeline->Illuminate\\Pipeline\\{closure}(Object(Illuminate\\Http\\Request))
#52 E:\\Productivity\\wamp64\\www\\laravel\\originality\\vendor\\laravel\\framework\\src\\Illuminate\\Pipeline\\Pipeline.php(219): Illuminate\\Http\\Middleware\\TrustProxies->handle(Object(Illuminate\\Http\\Request), Object(Closure))
#53 E:\\Productivity\\wamp64\\www\\laravel\\originality\\vendor\\laravel\\framework\\src\\Illuminate\\Foundation\\Http\\Middleware\\InvokeDeferredCallbacks.php(22): Illuminate\\Pipeline\\Pipeline->Illuminate\\Pipeline\\{closure}(Object(Illuminate\\Http\\Request))
#54 E:\\Productivity\\wamp64\\www\\laravel\\originality\\vendor\\laravel\\framework\\src\\Illuminate\\Pipeline\\Pipeline.php(219): Illuminate\\Foundation\\Http\\Middleware\\InvokeDeferredCallbacks->handle(Object(Illuminate\\Http\\Request), Object(Closure))
#55 E:\\Productivity\\wamp64\\www\\laravel\\originality\\vendor\\laravel\\framework\\src\\Illuminate\\Http\\Middleware\\ValidatePathEncoding.php(26): Illuminate\\Pipeline\\Pipeline->Illuminate\\Pipeline\\{closure}(Object(Illuminate\\Http\\Request))
#56 E:\\Productivity\\wamp64\\www\\laravel\\originality\\vendor\\laravel\\framework\\src\\Illuminate\\Pipeline\\Pipeline.php(219): Illuminate\\Http\\Middleware\\ValidatePathEncoding->handle(Object(Illuminate\\Http\\Request), Object(Closure))
#57 E:\\Productivity\\wamp64\\www\\laravel\\originality\\vendor\\laravel\\framework\\src\\Illuminate\\Pipeline\\Pipeline.php(137): Illuminate\\Pipeline\\Pipeline->Illuminate\\Pipeline\\{closure}(Object(Illuminate\\Http\\Request))
#58 E:\\Productivity\\wamp64\\www\\laravel\\originality\\vendor\\laravel\\framework\\src\\Illuminate\\Foundation\\Http\\Kernel.php(175): Illuminate\\Pipeline\\Pipeline->then(Object(Closure))
#59 E:\\Productivity\\wamp64\\www\\laravel\\originality\\vendor\\laravel\\framework\\src\\Illuminate\\Foundation\\Http\\Kernel.php(144): Illuminate\\Foundation\\Http\\Kernel->sendRequestThroughRouter(Object(Illuminate\\Http\\Request))
#60 E:\\Productivity\\wamp64\\www\\laravel\\originality\\vendor\\laravel\\framework\\src\\Illuminate\\Foundation\\Application.php(1220): Illuminate\\Foundation\\Http\\Kernel->handle(Object(Illuminate\\Http\\Request))
#61 E:\\Productivity\\wamp64\\www\\laravel\\originality\\public\\index.php(20): Illuminate\\Foundation\\Application->handleRequest(Object(Illuminate\\Http\\Request))
#62 E:\\Productivity\\wamp64\\www\\laravel\\originality\\vendor\\laravel\\framework\\src\\Illuminate\\Foundation\\resources\\server.php(23): require_once('E:\\\\Productivity...')
#63 {main}

[previous exception] [object] (Illuminate\\View\\ViewException(code: 0): Vite manifest not found at: E:\\Productivity\\wamp64\\www\\laravel\\originality\\public\\build/manifest.json (View: E:\\Productivity\\wamp64\\www\\laravel\\originality\\resources\\views\\components\\layouts\\app.blade.php) at E:\\Productivity\\wamp64\\www\\laravel\\originality\\vendor\\laravel\\framework\\src\\Illuminate\\Foundation\\Vite.php:935)
[stacktrace]
#0 E:\\Productivity\\wamp64\\www\\laravel\\originality\\vendor\\livewire\\livewire\\src\\Mechanisms\\ExtendBlade\\ExtendedCompilerEngine.php(58): Illuminate\\View\\Engines\\CompilerEngine->handleViewException(Object(Illuminate\\Foundation\\ViteManifestNotFoundException), 2)
#1 E:\\Productivity\\wamp64\\www\\laravel\\originality\\vendor\\laravel\\framework\\src\\Illuminate\\View\\Engines\\PhpEngine.php(59): Livewire\\Mechanisms\\ExtendBlade\\ExtendedCompilerEngine->handleViewException(Object(Illuminate\\Foundation\\ViteManifestNotFoundException), 2)
#2 E:\\Productivity\\wamp64\\www\\laravel\\originality\\vendor\\livewire\\livewire\\src\\Mechanisms\\ExtendBlade\\ExtendedCompilerEngine.php(22): Illuminate\\View\\Engines\\PhpEngine->evaluatePath('E:\\\\Productivity...', Array)
#3 E:\\Productivity\\wamp64\\www\\laravel\\originality\\vendor\\laravel\\framework\\src\\Illuminate\\View\\Engines\\CompilerEngine.php(76): Livewire\\Mechanisms\\ExtendBlade\\ExtendedCompilerEngine->evaluatePath('E:\\\\Productivity...', Array)
#4 E:\\Productivity\\wamp64\\www\\laravel\\originality\\vendor\\livewire\\livewire\\src\\Mechanisms\\ExtendBlade\\ExtendedCompilerEngine.php(10): Illuminate\\View\\Engines\\CompilerEngine->get('E:\\\\Productivity...', Array)
#5 E:\\Productivity\\wamp64\\www\\laravel\\originality\\vendor\\laravel\\framework\\src\\Illuminate\\View\\View.php(208): Livewire\\Mechanisms\\ExtendBlade\\ExtendedCompilerEngine->get('E:\\\\Productivity...', Array)
#6 E:\\Productivity\\wamp64\\www\\laravel\\originality\\vendor\\laravel\\framework\\src\\Illuminate\\View\\View.php(191): Illuminate\\View\\View->getContents()
#7 E:\\Productivity\\wamp64\\www\\laravel\\originality\\vendor\\laravel\\framework\\src\\Illuminate\\View\\View.php(160): Illuminate\\View\\View->renderContents()
#8 E:\\Productivity\\wamp64\\www\\laravel\\originality\\vendor\\laravel\\framework\\src\\Illuminate\\View\\Concerns\\ManagesComponents.php(103): Illuminate\\View\\View->render()
#9 E:\\Productivity\\wamp64\\www\\laravel\\originality\\storage\\framework\\views\\5efdeda2b037f87bc976f7c9f7204eea.php(17): Illuminate\\View\\Factory->renderComponent()
#10 E:\\Productivity\\wamp64\\www\\laravel\\originality\\vendor\\laravel\\framework\\src\\Illuminate\\Filesystem\\Filesystem.php(123): require('E:\\\\Productivity...')
#11 E:\\Productivity\\wamp64\\www\\laravel\\originality\\vendor\\laravel\\framework\\src\\Illuminate\\Filesystem\\Filesystem.php(124): Illuminate\\Filesystem\\Filesystem::Illuminate\\Filesystem\\{closure}()
#12 E:\\Productivity\\wamp64\\www\\laravel\\originality\\vendor\\laravel\\framework\\src\\Illuminate\\View\\Engines\\PhpEngine.php(57): Illuminate\\Filesystem\\Filesystem->getRequire('E:\\\\Productivity...', Array)
#13 E:\\Productivity\\wamp64\\www\\laravel\\originality\\vendor\\livewire\\livewire\\src\\Mechanisms\\ExtendBlade\\ExtendedCompilerEngine.php(22): Illuminate\\View\\Engines\\PhpEngine->evaluatePath('E:\\\\Productivity...', Array)
#14 E:\\Productivity\\wamp64\\www\\laravel\\originality\\vendor\\laravel\\framework\\src\\Illuminate\\View\\Engines\\CompilerEngine.php(76): Livewire\\Mechanisms\\ExtendBlade\\ExtendedCompilerEngine->evaluatePath('E:\\\\Productivity...', Array)
#15 E:\\Productivity\\wamp64\\www\\laravel\\originality\\vendor\\livewire\\livewire\\src\\Mechanisms\\ExtendBlade\\ExtendedCompilerEngine.php(10): Illuminate\\View\\Engines\\CompilerEngine->get('E:\\\\Productivity...', Array)
#16 E:\\Productivity\\wamp64\\www\\laravel\\originality\\vendor\\laravel\\framework\\src\\Illuminate\\View\\View.php(208): Livewire\\Mechanisms\\ExtendBlade\\ExtendedCompilerEngine->get('E:\\\\Productivity...', Array)
#17 E:\\Productivity\\wamp64\\www\\laravel\\originality\\vendor\\laravel\\framework\\src\\Illuminate\\View\\View.php(191): Illuminate\\View\\View->getContents()
#18 E:\\Productivity\\wamp64\\www\\laravel\\originality\\vendor\\laravel\\framework\\src\\Illuminate\\View\\View.php(160): Illuminate\\View\\View->renderContents()
#19 E:\\Productivity\\wamp64\\www\\laravel\\originality\\vendor\\laravel\\framework\\src\\Illuminate\\View\\Compilers\\BladeCompiler.php(352): Illuminate\\View\\View->render()
#20 E:\\Productivity\\wamp64\\www\\laravel\\originality\\vendor\\laravel\\framework\\src\\Illuminate\\Support\\Facades\\Facade.php(363): Illuminate\\View\\Compilers\\BladeCompiler::render('    <?php $layo...', Array)
#21 E:\\Productivity\\wamp64\\www\\laravel\\originality\\vendor\\livewire\\livewire\\src\\Features\\SupportPageComponents\\SupportPageComponents.php(153): Illuminate\\Support\\Facades\\Facade::__callStatic('render', Array)
#22 E:\\Productivity\\wamp64\\www\\laravel\\originality\\vendor\\livewire\\livewire\\src\\Features\\SupportPageComponents\\HandlesPageComponents.php(24): Livewire\\Features\\SupportPageComponents\\SupportPageComponents::renderContentsIntoLayout('<div wire:snaps...', Object(Livewire\\Features\\SupportPageComponents\\PageComponentConfig))
#23 E:\\Productivity\\wamp64\\www\\laravel\\originality\\vendor\\laravel\\framework\\src\\Illuminate\\Routing\\ControllerDispatcher.php(46): Livewire\\Component->__invoke()
#24 E:\\Productivity\\wamp64\\www\\laravel\\originality\\vendor\\laravel\\framework\\src\\Illuminate\\Routing\\Route.php(265): Illuminate\\Routing\\ControllerDispatcher->dispatch(Object(Illuminate\\Routing\\Route), Object(App\\Livewire\\Auth\\LoginForm), '__invoke')
#25 E:\\Productivity\\wamp64\\www\\laravel\\originality\\vendor\\laravel\\framework\\src\\Illuminate\\Routing\\Route.php(211): Illuminate\\Routing\\Route->runController()
#26 E:\\Productivity\\wamp64\\www\\laravel\\originality\\vendor\\laravel\\framework\\src\\Illuminate\\Routing\\Router.php(822): Illuminate\\Routing\\Route->run()
#27 E:\\Productivity\\wamp64\\www\\laravel\\originality\\vendor\\laravel\\framework\\src\\Illuminate\\Pipeline\\Pipeline.php(180): Illuminate\\Routing\\Router->Illuminate\\Routing\\{closure}(Object(Illuminate\\Http\\Request))
#28 E:\\Productivity\\wamp64\\www\\laravel\\originality\\vendor\\laravel\\framework\\src\\Illuminate\\Routing\\Middleware\\SubstituteBindings.php(50): Illuminate\\Pipeline\\Pipeline->Illuminate\\Pipeline\\{closure}(Object(Illuminate\\Http\\Request))
#29 E:\\Productivity\\wamp64\\www\\laravel\\originality\\vendor\\laravel\\framework\\src\\Illuminate\\Pipeline\\Pipeline.php(219): Illuminate\\Routing\\Middleware\\SubstituteBindings->handle(Object(Illuminate\\Http\\Request), Object(Closure))
#30 E:\\Productivity\\wamp64\\www\\laravel\\originality\\vendor\\laravel\\framework\\src\\Illuminate\\Foundation\\Http\\Middleware\\VerifyCsrfToken.php(87): Illuminate\\Pipeline\\Pipeline->Illuminate\\Pipeline\\{closure}(Object(Illuminate\\Http\\Request))
#31 E:\\Productivity\\wamp64\\www\\laravel\\originality\\vendor\\laravel\\framework\\src\\Illuminate\\Pipeline\\Pipeline.php(219): Illuminate\\Foundation\\Http\\Middleware\\VerifyCsrfToken->handle(Object(Illuminate\\Http\\Request), Object(Closure))
#32 E:\\Productivity\\wamp64\\www\\laravel\\originality\\vendor\\laravel\\framework\\src\\Illuminate\\View\\Middleware\\ShareErrorsFromSession.php(48): Illuminate\\Pipeline\\Pipeline->Illuminate\\Pipeline\\{closure}(Object(Illuminate\\Http\\Request))
#33 E:\\Productivity\\wamp64\\www\\laravel\\originality\\vendor\\laravel\\framework\\src\\Illuminate\\Pipeline\\Pipeline.php(219): Illuminate\\View\\Middleware\\ShareErrorsFromSession->handle(Object(Illuminate\\Http\\Request), Object(Closure))
#34 E:\\Productivity\\wamp64\\www\\laravel\\originality\\vendor\\laravel\\framework\\src\\Illuminate\\Session\\Middleware\\StartSession.php(120): Illuminate\\Pipeline\\Pipeline->Illuminate\\Pipeline\\{closure}(Object(Illuminate\\Http\\Request))
#35 E:\\Productivity\\wamp64\\www\\laravel\\originality\\vendor\\laravel\\framework\\src\\Illuminate\\Session\\Middleware\\StartSession.php(63): Illuminate\\Session\\Middleware\\StartSession->handleStatefulRequest(Object(Illuminate\\Http\\Request), Object(Illuminate\\Session\\Store), Object(Closure))
#36 E:\\Productivity\\wamp64\\www\\laravel\\originality\\vendor\\laravel\\framework\\src\\Illuminate\\Pipeline\\Pipeline.php(219): Illuminate\\Session\\Middleware\\StartSession->handle(Object(Illuminate\\Http\\Request), Object(Closure))
#37 E:\\Productivity\\wamp64\\www\\laravel\\originality\\vendor\\laravel\\framework\\src\\Illuminate\\Cookie\\Middleware\\AddQueuedCookiesToResponse.php(36): Illuminate\\Pipeline\\Pipeline->Illuminate\\Pipeline\\{closure}(Object(Illuminate\\Http\\Request))
#38 E:\\Productivity\\wamp64\\www\\laravel\\originality\\vendor\\laravel\\framework\\src\\Illuminate\\Pipeline\\Pipeline.php(219): Illuminate\\Cookie\\Middleware\\AddQueuedCookiesToResponse->handle(Object(Illuminate\\Http\\Request), Object(Closure))
#39 E:\\Productivity\\wamp64\\www\\laravel\\originality\\vendor\\laravel\\framework\\src\\Illuminate\\Cookie\\Middleware\\EncryptCookies.php(74): Illuminate\\Pipeline\\Pipeline->Illuminate\\Pipeline\\{closure}(Object(Illuminate\\Http\\Request))
#40 E:\\Productivity\\wamp64\\www\\laravel\\originality\\vendor\\laravel\\framework\\src\\Illuminate\\Pipeline\\Pipeline.php(219): Illuminate\\Cookie\\Middleware\\EncryptCookies->handle(Object(Illuminate\\Http\\Request), Object(Closure))
#41 E:\\Productivity\\wamp64\\www\\laravel\\originality\\vendor\\laravel\\framework\\src\\Illuminate\\Pipeline\\Pipeline.php(137): Illuminate\\Pipeline\\Pipeline->Illuminate\\Pipeline\\{closure}(Object(Illuminate\\Http\\Request))
#42 E:\\Productivity\\wamp64\\www\\laravel\\originality\\vendor\\laravel\\framework\\src\\Illuminate\\Routing\\Router.php(821): Illuminate\\Pipeline\\Pipeline->then(Object(Closure))
#43 E:\\Productivity\\wamp64\\www\\laravel\\originality\\vendor\\laravel\\framework\\src\\Illuminate\\Routing\\Router.php(800): Illuminate\\Routing\\Router->runRouteWithinStack(Object(Illuminate\\Routing\\Route), Object(Illuminate\\Http\\Request))
#44 E:\\Productivity\\wamp64\\www\\laravel\\originality\\vendor\\laravel\\framework\\src\\Illuminate\\Routing\\Router.php(764): Illuminate\\Routing\\Router->runRoute(Object(Illuminate\\Http\\Request), Object(Illuminate\\Routing\\Route))
#45 E:\\Productivity\\wamp64\\www\\laravel\\originality\\vendor\\laravel\\framework\\src\\Illuminate\\Routing\\Router.php(753): Illuminate\\Routing\\Router->dispatchToRoute(Object(Illuminate\\Http\\Request))
#46 E:\\Productivity\\wamp64\\www\\laravel\\originality\\vendor\\laravel\\framework\\src\\Illuminate\\Foundation\\Http\\Kernel.php(200): Illuminate\\Routing\\Router->dispatch(Object(Illuminate\\Http\\Request))
#47 E:\\Productivity\\wamp64\\www\\laravel\\originality\\vendor\\laravel\\framework\\src\\Illuminate\\Pipeline\\Pipeline.php(180): Illuminate\\Foundation\\Http\\Kernel->Illuminate\\Foundation\\Http\\{closure}(Object(Illuminate\\Http\\Request))
#48 E:\\Productivity\\wamp64\\www\\laravel\\originality\\vendor\\livewire\\livewire\\src\\Features\\SupportDisablingBackButtonCache\\DisableBackButtonCacheMiddleware.php(19): Illuminate\\Pipeline\\Pipeline->Illuminate\\Pipeline\\{closure}(Object(Illuminate\\Http\\Request))
#49 E:\\Productivity\\wamp64\\www\\laravel\\originality\\vendor\\laravel\\framework\\src\\Illuminate\\Pipeline\\Pipeline.php(219): Livewire\\Features\\SupportDisablingBackButtonCache\\DisableBackButtonCacheMiddleware->handle(Object(Illuminate\\Http\\Request), Object(Closure))
#50 E:\\Productivity\\wamp64\\www\\laravel\\originality\\vendor\\laravel\\framework\\src\\Illuminate\\Foundation\\Http\\Middleware\\TransformsRequest.php(21): Illuminate\\Pipeline\\Pipeline->Illuminate\\Pipeline\\{closure}(Object(Illuminate\\Http\\Request))
#51 E:\\Productivity\\wamp64\\www\\laravel\\originality\\vendor\\laravel\\framework\\src\\Illuminate\\Foundation\\Http\\Middleware\\ConvertEmptyStringsToNull.php(31): Illuminate\\Foundation\\Http\\Middleware\\TransformsRequest->handle(Object(Illuminate\\Http\\Request), Object(Closure))
#52 E:\\Productivity\\wamp64\\www\\laravel\\originality\\vendor\\laravel\\framework\\src\\Illuminate\\Pipeline\\Pipeline.php(219): Illuminate\\Foundation\\Http\\Middleware\\ConvertEmptyStringsToNull->handle(Object(Illuminate\\Http\\Request), Object(Closure))
#53 E:\\Productivity\\wamp64\\www\\laravel\\originality\\vendor\\laravel\\framework\\src\\Illuminate\\Foundation\\Http\\Middleware\\TransformsRequest.php(21): Illuminate\\Pipeline\\Pipeline->Illuminate\\Pipeline\\{closure}(Object(Illuminate\\Http\\Request))
#54 E:\\Productivity\\wamp64\\www\\laravel\\originality\\vendor\\laravel\\framework\\src\\Illuminate\\Foundation\\Http\\Middleware\\TrimStrings.php(51): Illuminate\\Foundation\\Http\\Middleware\\TransformsRequest->handle(Object(Illuminate\\Http\\Request), Object(Closure))
#55 E:\\Productivity\\wamp64\\www\\laravel\\originality\\vendor\\laravel\\framework\\src\\Illuminate\\Pipeline\\Pipeline.php(219): Illuminate\\Foundation\\Http\\Middleware\\TrimStrings->handle(Object(Illuminate\\Http\\Request), Object(Closure))
#56 E:\\Productivity\\wamp64\\www\\laravel\\originality\\vendor\\laravel\\framework\\src\\Illuminate\\Http\\Middleware\\ValidatePostSize.php(27): Illuminate\\Pipeline\\Pipeline->Illuminate\\Pipeline\\{closure}(Object(Illuminate\\Http\\Request))
#57 E:\\Productivity\\wamp64\\www\\laravel\\originality\\vendor\\laravel\\framework\\src\\Illuminate\\Pipeline\\Pipeline.php(219): Illuminate\\Http\\Middleware\\ValidatePostSize->handle(Object(Illuminate\\Http\\Request), Object(Closure))
#58 E:\\Productivity\\wamp64\\www\\laravel\\originality\\vendor\\laravel\\framework\\src\\Illuminate\\Foundation\\Http\\Middleware\\PreventRequestsDuringMaintenance.php(109): Illuminate\\Pipeline\\Pipeline->Illuminate\\Pipeline\\{closure}(Object(Illuminate\\Http\\Request))
#59 E:\\Productivity\\wamp64\\www\\laravel\\originality\\vendor\\laravel\\framework\\src\\Illuminate\\Pipeline\\Pipeline.php(219): Illuminate\\Foundation\\Http\\Middleware\\PreventRequestsDuringMaintenance->handle(Object(Illuminate\\Http\\Request), Object(Closure))
#60 E:\\Productivity\\wamp64\\www\\laravel\\originality\\vendor\\laravel\\framework\\src\\Illuminate\\Http\\Middleware\\HandleCors.php(48): Illuminate\\Pipeline\\Pipeline->Illuminate\\Pipeline\\{closure}(Object(Illuminate\\Http\\Request))
#61 E:\\Productivity\\wamp64\\www\\laravel\\originality\\vendor\\laravel\\framework\\src\\Illuminate\\Pipeline\\Pipeline.php(219): Illuminate\\Http\\Middleware\\HandleCors->handle(Object(Illuminate\\Http\\Request), Object(Closure))
#62 E:\\Productivity\\wamp64\\www\\laravel\\originality\\vendor\\laravel\\framework\\src\\Illuminate\\Http\\Middleware\\TrustProxies.php(58): Illuminate\\Pipeline\\Pipeline->Illuminate\\Pipeline\\{closure}(Object(Illuminate\\Http\\Request))
#63 E:\\Productivity\\wamp64\\www\\laravel\\originality\\vendor\\laravel\\framework\\src\\Illuminate\\Pipeline\\Pipeline.php(219): Illuminate\\Http\\Middleware\\TrustProxies->handle(Object(Illuminate\\Http\\Request), Object(Closure))
#64 E:\\Productivity\\wamp64\\www\\laravel\\originality\\vendor\\laravel\\framework\\src\\Illuminate\\Foundation\\Http\\Middleware\\InvokeDeferredCallbacks.php(22): Illuminate\\Pipeline\\Pipeline->Illuminate\\Pipeline\\{closure}(Object(Illuminate\\Http\\Request))
#65 E:\\Productivity\\wamp64\\www\\laravel\\originality\\vendor\\laravel\\framework\\src\\Illuminate\\Pipeline\\Pipeline.php(219): Illuminate\\Foundation\\Http\\Middleware\\InvokeDeferredCallbacks->handle(Object(Illuminate\\Http\\Request), Object(Closure))
#66 E:\\Productivity\\wamp64\\www\\laravel\\originality\\vendor\\laravel\\framework\\src\\Illuminate\\Http\\Middleware\\ValidatePathEncoding.php(26): Illuminate\\Pipeline\\Pipeline->Illuminate\\Pipeline\\{closure}(Object(Illuminate\\Http\\Request))
#67 E:\\Productivity\\wamp64\\www\\laravel\\originality\\vendor\\laravel\\framework\\src\\Illuminate\\Pipeline\\Pipeline.php(219): Illuminate\\Http\\Middleware\\ValidatePathEncoding->handle(Object(Illuminate\\Http\\Request), Object(Closure))
#68 E:\\Productivity\\wamp64\\www\\laravel\\originality\\vendor\\laravel\\framework\\src\\Illuminate\\Pipeline\\Pipeline.php(137): Illuminate\\Pipeline\\Pipeline->Illuminate\\Pipeline\\{closure}(Object(Illuminate\\Http\\Request))
#69 E:\\Productivity\\wamp64\\www\\laravel\\originality\\vendor\\laravel\\framework\\src\\Illuminate\\Foundation\\Http\\Kernel.php(175): Illuminate\\Pipeline\\Pipeline->then(Object(Closure))
#70 E:\\Productivity\\wamp64\\www\\laravel\\originality\\vendor\\laravel\\framework\\src\\Illuminate\\Foundation\\Http\\Kernel.php(144): Illuminate\\Foundation\\Http\\Kernel->sendRequestThroughRouter(Object(Illuminate\\Http\\Request))
#71 E:\\Productivity\\wamp64\\www\\laravel\\originality\\vendor\\laravel\\framework\\src\\Illuminate\\Foundation\\Application.php(1220): Illuminate\\Foundation\\Http\\Kernel->handle(Object(Illuminate\\Http\\Request))
#72 E:\\Productivity\\wamp64\\www\\laravel\\originality\\public\\index.php(20): Illuminate\\Foundation\\Application->handleRequest(Object(Illuminate\\Http\\Request))
#73 E:\\Productivity\\wamp64\\www\\laravel\\originality\\vendor\\laravel\\framework\\src\\Illuminate\\Foundation\\resources\\server.php(23): require_once('E:\\\\Productivity...')
#74 {main}

[previous exception] [object] (Illuminate\\Foundation\\ViteManifestNotFoundException(code: 0): Vite manifest not found at: E:\\Productivity\\wamp64\\www\\laravel\\originality\\public\\build/manifest.json at E:\\Productivity\\wamp64\\www\\laravel\\originality\\vendor\\laravel\\framework\\src\\Illuminate\\Foundation\\Vite.php:935)
[stacktrace]
#0 E:\\Productivity\\wamp64\\www\\laravel\\originality\\vendor\\laravel\\framework\\src\\Illuminate\\Foundation\\Vite.php(384): Illuminate\\Foundation\\Vite->manifest('build')
#1 E:\\Productivity\\wamp64\\www\\laravel\\originality\\storage\\framework\\views\\717d182ad421ba6a1de8894cb3f4188f.php(7): Illuminate\\Foundation\\Vite->__invoke(Object(Illuminate\\Support\\Collection))
#2 E:\\Productivity\\wamp64\\www\\laravel\\originality\\vendor\\laravel\\framework\\src\\Illuminate\\Filesystem\\Filesystem.php(123): require('E:\\\\Productivity...')
#3 E:\\Productivity\\wamp64\\www\\laravel\\originality\\vendor\\laravel\\framework\\src\\Illuminate\\Filesystem\\Filesystem.php(124): Illuminate\\Filesystem\\Filesystem::Illuminate\\Filesystem\\{closure}()
#4 E:\\Productivity\\wamp64\\www\\laravel\\originality\\vendor\\laravel\\framework\\src\\Illuminate\\View\\Engines\\PhpEngine.php(57): Illuminate\\Filesystem\\Filesystem->getRequire('E:\\\\Productivity...', Array)
#5 E:\\Productivity\\wamp64\\www\\laravel\\originality\\vendor\\livewire\\livewire\\src\\Mechanisms\\ExtendBlade\\ExtendedCompilerEngine.php(22): Illuminate\\View\\Engines\\PhpEngine->evaluatePath('E:\\\\Productivity...', Array)
#6 E:\\Productivity\\wamp64\\www\\laravel\\originality\\vendor\\laravel\\framework\\src\\Illuminate\\View\\Engines\\CompilerEngine.php(76): Livewire\\Mechanisms\\ExtendBlade\\ExtendedCompilerEngine->evaluatePath('E:\\\\Productivity...', Array)
#7 E:\\Productivity\\wamp64\\www\\laravel\\originality\\vendor\\livewire\\livewire\\src\\Mechanisms\\ExtendBlade\\ExtendedCompilerEngine.php(10): Illuminate\\View\\Engines\\CompilerEngine->get('E:\\\\Productivity...', Array)
#8 E:\\Productivity\\wamp64\\www\\laravel\\originality\\vendor\\laravel\\framework\\src\\Illuminate\\View\\View.php(208): Livewire\\Mechanisms\\ExtendBlade\\ExtendedCompilerEngine->get('E:\\\\Productivity...', Array)
#9 E:\\Productivity\\wamp64\\www\\laravel\\originality\\vendor\\laravel\\framework\\src\\Illuminate\\View\\View.php(191): Illuminate\\View\\View->getContents()
#10 E:\\Productivity\\wamp64\\www\\laravel\\originality\\vendor\\laravel\\framework\\src\\Illuminate\\View\\View.php(160): Illuminate\\View\\View->renderContents()
#11 E:\\Productivity\\wamp64\\www\\laravel\\originality\\vendor\\laravel\\framework\\src\\Illuminate\\View\\Concerns\\ManagesComponents.php(103): Illuminate\\View\\View->render()
#12 E:\\Productivity\\wamp64\\www\\laravel\\originality\\storage\\framework\\views\\5efdeda2b037f87bc976f7c9f7204eea.php(17): Illuminate\\View\\Factory->renderComponent()
#13 E:\\Productivity\\wamp64\\www\\laravel\\originality\\vendor\\laravel\\framework\\src\\Illuminate\\Filesystem\\Filesystem.php(123): require('E:\\\\Productivity...')
#14 E:\\Productivity\\wamp64\\www\\laravel\\originality\\vendor\\laravel\\framework\\src\\Illuminate\\Filesystem\\Filesystem.php(124): Illuminate\\Filesystem\\Filesystem::Illuminate\\Filesystem\\{closure}()
#15 E:\\Productivity\\wamp64\\www\\laravel\\originality\\vendor\\laravel\\framework\\src\\Illuminate\\View\\Engines\\PhpEngine.php(57): Illuminate\\Filesystem\\Filesystem->getRequire('E:\\\\Productivity...', Array)
#16 E:\\Productivity\\wamp64\\www\\laravel\\originality\\vendor\\livewire\\livewire\\src\\Mechanisms\\ExtendBlade\\ExtendedCompilerEngine.php(22): Illuminate\\View\\Engines\\PhpEngine->evaluatePath('E:\\\\Productivity...', Array)
#17 E:\\Productivity\\wamp64\\www\\laravel\\originality\\vendor\\laravel\\framework\\src\\Illuminate\\View\\Engines\\CompilerEngine.php(76): Livewire\\Mechanisms\\ExtendBlade\\ExtendedCompilerEngine->evaluatePath('E:\\\\Productivity...', Array)
#18 E:\\Productivity\\wamp64\\www\\laravel\\originality\\vendor\\livewire\\livewire\\src\\Mechanisms\\ExtendBlade\\ExtendedCompilerEngine.php(10): Illuminate\\View\\Engines\\CompilerEngine->get('E:\\\\Productivity...', Array)
#19 E:\\Productivity\\wamp64\\www\\laravel\\originality\\vendor\\laravel\\framework\\src\\Illuminate\\View\\View.php(208): Livewire\\Mechanisms\\ExtendBlade\\ExtendedCompilerEngine->get('E:\\\\Productivity...', Array)
#20 E:\\Productivity\\wamp64\\www\\laravel\\originality\\vendor\\laravel\\framework\\src\\Illuminate\\View\\View.php(191): Illuminate\\View\\View->getContents()
#21 E:\\Productivity\\wamp64\\www\\laravel\\originality\\vendor\\laravel\\framework\\src\\Illuminate\\View\\View.php(160): Illuminate\\View\\View->renderContents()
#22 E:\\Productivity\\wamp64\\www\\laravel\\originality\\vendor\\laravel\\framework\\src\\Illuminate\\View\\Compilers\\BladeCompiler.php(352): Illuminate\\View\\View->render()
#23 E:\\Productivity\\wamp64\\www\\laravel\\originality\\vendor\\laravel\\framework\\src\\Illuminate\\Support\\Facades\\Facade.php(363): Illuminate\\View\\Compilers\\BladeCompiler::render('    <?php $layo...', Array)
#24 E:\\Productivity\\wamp64\\www\\laravel\\originality\\vendor\\livewire\\livewire\\src\\Features\\SupportPageComponents\\SupportPageComponents.php(153): Illuminate\\Support\\Facades\\Facade::__callStatic('render', Array)
#25 E:\\Productivity\\wamp64\\www\\laravel\\originality\\vendor\\livewire\\livewire\\src\\Features\\SupportPageComponents\\HandlesPageComponents.php(24): Livewire\\Features\\SupportPageComponents\\SupportPageComponents::renderContentsIntoLayout('<div wire:snaps...', Object(Livewire\\Features\\SupportPageComponents\\PageComponentConfig))
#26 E:\\Productivity\\wamp64\\www\\laravel\\originality\\vendor\\laravel\\framework\\src\\Illuminate\\Routing\\ControllerDispatcher.php(46): Livewire\\Component->__invoke()
#27 E:\\Productivity\\wamp64\\www\\laravel\\originality\\vendor\\laravel\\framework\\src\\Illuminate\\Routing\\Route.php(265): Illuminate\\Routing\\ControllerDispatcher->dispatch(Object(Illuminate\\Routing\\Route), Object(App\\Livewire\\Auth\\LoginForm), '__invoke')
#28 E:\\Productivity\\wamp64\\www\\laravel\\originality\\vendor\\laravel\\framework\\src\\Illuminate\\Routing\\Route.php(211): Illuminate\\Routing\\Route->runController()
#29 E:\\Productivity\\wamp64\\www\\laravel\\originality\\vendor\\laravel\\framework\\src\\Illuminate\\Routing\\Router.php(822): Illuminate\\Routing\\Route->run()
#30 E:\\Productivity\\wamp64\\www\\laravel\\originality\\vendor\\laravel\\framework\\src\\Illuminate\\Pipeline\\Pipeline.php(180): Illuminate\\Routing\\Router->Illuminate\\Routing\\{closure}(Object(Illuminate\\Http\\Request))
#31 E:\\Productivity\\wamp64\\www\\laravel\\originality\\vendor\\laravel\\framework\\src\\Illuminate\\Routing\\Middleware\\SubstituteBindings.php(50): Illuminate\\Pipeline\\Pipeline->Illuminate\\Pipeline\\{closure}(Object(Illuminate\\Http\\Request))
#32 E:\\Productivity\\wamp64\\www\\laravel\\originality\\vendor\\laravel\\framework\\src\\Illuminate\\Pipeline\\Pipeline.php(219): Illuminate\\Routing\\Middleware\\SubstituteBindings->handle(Object(Illuminate\\Http\\Request), Object(Closure))
#33 E:\\Productivity\\wamp64\\www\\laravel\\originality\\vendor\\laravel\\framework\\src\\Illuminate\\Foundation\\Http\\Middleware\\VerifyCsrfToken.php(87): Illuminate\\Pipeline\\Pipeline->Illuminate\\Pipeline\\{closure}(Object(Illuminate\\Http\\Request))
#34 E:\\Productivity\\wamp64\\www\\laravel\\originality\\vendor\\laravel\\framework\\src\\Illuminate\\Pipeline\\Pipeline.php(219): Illuminate\\Foundation\\Http\\Middleware\\VerifyCsrfToken->handle(Object(Illuminate\\Http\\Request), Object(Closure))
#35 E:\\Productivity\\wamp64\\www\\laravel\\originality\\vendor\\laravel\\framework\\src\\Illuminate\\View\\Middleware\\ShareErrorsFromSession.php(48): Illuminate\\Pipeline\\Pipeline->Illuminate\\Pipeline\\{closure}(Object(Illuminate\\Http\\Request))
#36 E:\\Productivity\\wamp64\\www\\laravel\\originality\\vendor\\laravel\\framework\\src\\Illuminate\\Pipeline\\Pipeline.php(219): Illuminate\\View\\Middleware\\ShareErrorsFromSession->handle(Object(Illuminate\\Http\\Request), Object(Closure))
#37 E:\\Productivity\\wamp64\\www\\laravel\\originality\\vendor\\laravel\\framework\\src\\Illuminate\\Session\\Middleware\\StartSession.php(120): Illuminate\\Pipeline\\Pipeline->Illuminate\\Pipeline\\{closure}(Object(Illuminate\\Http\\Request))
#38 E:\\Productivity\\wamp64\\www\\laravel\\originality\\vendor\\laravel\\framework\\src\\Illuminate\\Session\\Middleware\\StartSession.php(63): Illuminate\\Session\\Middleware\\StartSession->handleStatefulRequest(Object(Illuminate\\Http\\Request), Object(Illuminate\\Session\\Store), Object(Closure))
#39 E:\\Productivity\\wamp64\\www\\laravel\\originality\\vendor\\laravel\\framework\\src\\Illuminate\\Pipeline\\Pipeline.php(219): Illuminate\\Session\\Middleware\\StartSession->handle(Object(Illuminate\\Http\\Request), Object(Closure))
#40 E:\\Productivity\\wamp64\\www\\laravel\\originality\\vendor\\laravel\\framework\\src\\Illuminate\\Cookie\\Middleware\\AddQueuedCookiesToResponse.php(36): Illuminate\\Pipeline\\Pipeline->Illuminate\\Pipeline\\{closure}(Object(Illuminate\\Http\\Request))
#41 E:\\Productivity\\wamp64\\www\\laravel\\originality\\vendor\\laravel\\framework\\src\\Illuminate\\Pipeline\\Pipeline.php(219): Illuminate\\Cookie\\Middleware\\AddQueuedCookiesToResponse->handle(Object(Illuminate\\Http\\Request), Object(Closure))
#42 E:\\Productivity\\wamp64\\www\\laravel\\originality\\vendor\\laravel\\framework\\src\\Illuminate\\Cookie\\Middleware\\EncryptCookies.php(74): Illuminate\\Pipeline\\Pipeline->Illuminate\\Pipeline\\{closure}(Object(Illuminate\\Http\\Request))
#43 E:\\Productivity\\wamp64\\www\\laravel\\originality\\vendor\\laravel\\framework\\src\\Illuminate\\Pipeline\\Pipeline.php(219): Illuminate\\Cookie\\Middleware\\EncryptCookies->handle(Object(Illuminate\\Http\\Request), Object(Closure))
#44 E:\\Productivity\\wamp64\\www\\laravel\\originality\\vendor\\laravel\\framework\\src\\Illuminate\\Pipeline\\Pipeline.php(137): Illuminate\\Pipeline\\Pipeline->Illuminate\\Pipeline\\{closure}(Object(Illuminate\\Http\\Request))
#45 E:\\Productivity\\wamp64\\www\\laravel\\originality\\vendor\\laravel\\framework\\src\\Illuminate\\Routing\\Router.php(821): Illuminate\\Pipeline\\Pipeline->then(Object(Closure))
#46 E:\\Productivity\\wamp64\\www\\laravel\\originality\\vendor\\laravel\\framework\\src\\Illuminate\\Routing\\Router.php(800): Illuminate\\Routing\\Router->runRouteWithinStack(Object(Illuminate\\Routing\\Route), Object(Illuminate\\Http\\Request))
#47 E:\\Productivity\\wamp64\\www\\laravel\\originality\\vendor\\laravel\\framework\\src\\Illuminate\\Routing\\Router.php(764): Illuminate\\Routing\\Router->runRoute(Object(Illuminate\\Http\\Request), Object(Illuminate\\Routing\\Route))
#48 E:\\Productivity\\wamp64\\www\\laravel\\originality\\vendor\\laravel\\framework\\src\\Illuminate\\Routing\\Router.php(753): Illuminate\\Routing\\Router->dispatchToRoute(Object(Illuminate\\Http\\Request))
#49 E:\\Productivity\\wamp64\\www\\laravel\\originality\\vendor\\laravel\\framework\\src\\Illuminate\\Foundation\\Http\\Kernel.php(200): Illuminate\\Routing\\Router->dispatch(Object(Illuminate\\Http\\Request))
#50 E:\\Productivity\\wamp64\\www\\laravel\\originality\\vendor\\laravel\\framework\\src\\Illuminate\\Pipeline\\Pipeline.php(180): Illuminate\\Foundation\\Http\\Kernel->Illuminate\\Foundation\\Http\\{closure}(Object(Illuminate\\Http\\Request))
#51 E:\\Productivity\\wamp64\\www\\laravel\\originality\\vendor\\livewire\\livewire\\src\\Features\\SupportDisablingBackButtonCache\\DisableBackButtonCacheMiddleware.php(19): Illuminate\\Pipeline\\Pipeline->Illuminate\\Pipeline\\{closure}(Object(Illuminate\\Http\\Request))
#52 E:\\Productivity\\wamp64\\www\\laravel\\originality\\vendor\\laravel\\framework\\src\\Illuminate\\Pipeline\\Pipeline.php(219): Livewire\\Features\\SupportDisablingBackButtonCache\\DisableBackButtonCacheMiddleware->handle(Object(Illuminate\\Http\\Request), Object(Closure))
#53 E:\\Productivity\\wamp64\\www\\laravel\\originality\\vendor\\laravel\\framework\\src\\Illuminate\\Foundation\\Http\\Middleware\\TransformsRequest.php(21): Illuminate\\Pipeline\\Pipeline->Illuminate\\Pipeline\\{closure}(Object(Illuminate\\Http\\Request))
#54 E:\\Productivity\\wamp64\\www\\laravel\\originality\\vendor\\laravel\\framework\\src\\Illuminate\\Foundation\\Http\\Middleware\\ConvertEmptyStringsToNull.php(31): Illuminate\\Foundation\\Http\\Middleware\\TransformsRequest->handle(Object(Illuminate\\Http\\Request), Object(Closure))
#55 E:\\Productivity\\wamp64\\www\\laravel\\originality\\vendor\\laravel\\framework\\src\\Illuminate\\Pipeline\\Pipeline.php(219): Illuminate\\Foundation\\Http\\Middleware\\ConvertEmptyStringsToNull->handle(Object(Illuminate\\Http\\Request), Object(Closure))
#56 E:\\Productivity\\wamp64\\www\\laravel\\originality\\vendor\\laravel\\framework\\src\\Illuminate\\Foundation\\Http\\Middleware\\TransformsRequest.php(21): Illuminate\\Pipeline\\Pipeline->Illuminate\\Pipeline\\{closure}(Object(Illuminate\\Http\\Request))
#57 E:\\Productivity\\wamp64\\www\\laravel\\originality\\vendor\\laravel\\framework\\src\\Illuminate\\Foundation\\Http\\Middleware\\TrimStrings.php(51): Illuminate\\Foundation\\Http\\Middleware\\TransformsRequest->handle(Object(Illuminate\\Http\\Request), Object(Closure))
#58 E:\\Productivity\\wamp64\\www\\laravel\\originality\\vendor\\laravel\\framework\\src\\Illuminate\\Pipeline\\Pipeline.php(219): Illuminate\\Foundation\\Http\\Middleware\\TrimStrings->handle(Object(Illuminate\\Http\\Request), Object(Closure))
#59 E:\\Productivity\\wamp64\\www\\laravel\\originality\\vendor\\laravel\\framework\\src\\Illuminate\\Http\\Middleware\\ValidatePostSize.php(27): Illuminate\\Pipeline\\Pipeline->Illuminate\\Pipeline\\{closure}(Object(Illuminate\\Http\\Request))
#60 E:\\Productivity\\wamp64\\www\\laravel\\originality\\vendor\\laravel\\framework\\src\\Illuminate\\Pipeline\\Pipeline.php(219): Illuminate\\Http\\Middleware\\ValidatePostSize->handle(Object(Illuminate\\Http\\Request), Object(Closure))
#61 E:\\Productivity\\wamp64\\www\\laravel\\originality\\vendor\\laravel\\framework\\src\\Illuminate\\Foundation\\Http\\Middleware\\PreventRequestsDuringMaintenance.php(109): Illuminate\\Pipeline\\Pipeline->Illuminate\\Pipeline\\{closure}(Object(Illuminate\\Http\\Request))
#62 E:\\Productivity\\wamp64\\www\\laravel\\originality\\vendor\\laravel\\framework\\src\\Illuminate\\Pipeline\\Pipeline.php(219): Illuminate\\Foundation\\Http\\Middleware\\PreventRequestsDuringMaintenance->handle(Object(Illuminate\\Http\\Request), Object(Closure))
#63 E:\\Productivity\\wamp64\\www\\laravel\\originality\\vendor\\laravel\\framework\\src\\Illuminate\\Http\\Middleware\\HandleCors.php(48): Illuminate\\Pipeline\\Pipeline->Illuminate\\Pipeline\\{closure}(Object(Illuminate\\Http\\Request))
#64 E:\\Productivity\\wamp64\\www\\laravel\\originality\\vendor\\laravel\\framework\\src\\Illuminate\\Pipeline\\Pipeline.php(219): Illuminate\\Http\\Middleware\\HandleCors->handle(Object(Illuminate\\Http\\Request), Object(Closure))
#65 E:\\Productivity\\wamp64\\www\\laravel\\originality\\vendor\\laravel\\framework\\src\\Illuminate\\Http\\Middleware\\TrustProxies.php(58): Illuminate\\Pipeline\\Pipeline->Illuminate\\Pipeline\\{closure}(Object(Illuminate\\Http\\Request))
#66 E:\\Productivity\\wamp64\\www\\laravel\\originality\\vendor\\laravel\\framework\\src\\Illuminate\\Pipeline\\Pipeline.php(219): Illuminate\\Http\\Middleware\\TrustProxies->handle(Object(Illuminate\\Http\\Request), Object(Closure))
#67 E:\\Productivity\\wamp64\\www\\laravel\\originality\\vendor\\laravel\\framework\\src\\Illuminate\\Foundation\\Http\\Middleware\\InvokeDeferredCallbacks.php(22): Illuminate\\Pipeline\\Pipeline->Illuminate\\Pipeline\\{closure}(Object(Illuminate\\Http\\Request))
#68 E:\\Productivity\\wamp64\\www\\laravel\\originality\\vendor\\laravel\\framework\\src\\Illuminate\\Pipeline\\Pipeline.php(219): Illuminate\\Foundation\\Http\\Middleware\\InvokeDeferredCallbacks->handle(Object(Illuminate\\Http\\Request), Object(Closure))
#69 E:\\Productivity\\wamp64\\www\\laravel\\originality\\vendor\\laravel\\framework\\src\\Illuminate\\Http\\Middleware\\ValidatePathEncoding.php(26): Illuminate\\Pipeline\\Pipeline->Illuminate\\Pipeline\\{closure}(Object(Illuminate\\Http\\Request))
#70 E:\\Productivity\\wamp64\\www\\laravel\\originality\\vendor\\laravel\\framework\\src\\Illuminate\\Pipeline\\Pipeline.php(219): Illuminate\\Http\\Middleware\\ValidatePathEncoding->handle(Object(Illuminate\\Http\\Request), Object(Closure))
#71 E:\\Productivity\\wamp64\\www\\laravel\\originality\\vendor\\laravel\\framework\\src\\Illuminate\\Pipeline\\Pipeline.php(137): Illuminate\\Pipeline\\Pipeline->Illuminate\\Pipeline\\{closure}(Object(Illuminate\\Http\\Request))
#72 E:\\Productivity\\wamp64\\www\\laravel\\originality\\vendor\\laravel\\framework\\src\\Illuminate\\Foundation\\Http\\Kernel.php(175): Illuminate\\Pipeline\\Pipeline->then(Object(Closure))
#73 E:\\Productivity\\wamp64\\www\\laravel\\originality\\vendor\\laravel\\framework\\src\\Illuminate\\Foundation\\Http\\Kernel.php(144): Illuminate\\Foundation\\Http\\Kernel->sendRequestThroughRouter(Object(Illuminate\\Http\\Request))
#74 E:\\Productivity\\wamp64\\www\\laravel\\originality\\vendor\\laravel\\framework\\src\\Illuminate\\Foundation\\Application.php(1220): Illuminate\\Foundation\\Http\\Kernel->handle(Object(Illuminate\\Http\\Request))
#75 E:\\Productivity\\wamp64\\www\\laravel\\originality\\public\\index.php(20): Illuminate\\Foundation\\Application->handleRequest(Object(Illuminate\\Http\\Request))
#76 E:\\Productivity\\wamp64\\www\\laravel\\originality\\vendor\\laravel\\framework\\src\\Illuminate\\Foundation\\resources\\server.php(23): require_once('E:\\\\Productivity...')
#77 {main}
"} 
[2025-09-09 04:11:36] local.ERROR: Vite manifest not found at: E:\Productivity\wamp64\www\laravel\originality\public\build/manifest.json (View: E:\Productivity\wamp64\www\laravel\originality\resources\views\components\layouts\app.blade.php) (View: E:\Productivity\wamp64\www\laravel\originality\resources\views\components\layouts\app.blade.php) {"exception":"[object] (Illuminate\\View\\ViewException(code: 0): Vite manifest not found at: E:\\Productivity\\wamp64\\www\\laravel\\originality\\public\\build/manifest.json (View: E:\\Productivity\\wamp64\\www\\laravel\\originality\\resources\\views\\components\\layouts\\app.blade.php) (View: E:\\Productivity\\wamp64\\www\\laravel\\originality\\resources\\views\\components\\layouts\\app.blade.php) at E:\\Productivity\\wamp64\\www\\laravel\\originality\\vendor\\laravel\\framework\\src\\Illuminate\\Foundation\\Vite.php:935)
[stacktrace]
#0 E:\\Productivity\\wamp64\\www\\laravel\\originality\\vendor\\livewire\\livewire\\src\\Mechanisms\\ExtendBlade\\ExtendedCompilerEngine.php(58): Illuminate\\View\\Engines\\CompilerEngine->handleViewException(Object(Illuminate\\View\\ViewException), 1)
#1 E:\\Productivity\\wamp64\\www\\laravel\\originality\\vendor\\laravel\\framework\\src\\Illuminate\\View\\Engines\\PhpEngine.php(59): Livewire\\Mechanisms\\ExtendBlade\\ExtendedCompilerEngine->handleViewException(Object(Illuminate\\View\\ViewException), 1)
#2 E:\\Productivity\\wamp64\\www\\laravel\\originality\\vendor\\livewire\\livewire\\src\\Mechanisms\\ExtendBlade\\ExtendedCompilerEngine.php(22): Illuminate\\View\\Engines\\PhpEngine->evaluatePath('E:\\\\Productivity...', Array)
#3 E:\\Productivity\\wamp64\\www\\laravel\\originality\\vendor\\laravel\\framework\\src\\Illuminate\\View\\Engines\\CompilerEngine.php(76): Livewire\\Mechanisms\\ExtendBlade\\ExtendedCompilerEngine->evaluatePath('E:\\\\Productivity...', Array)
#4 E:\\Productivity\\wamp64\\www\\laravel\\originality\\vendor\\livewire\\livewire\\src\\Mechanisms\\ExtendBlade\\ExtendedCompilerEngine.php(10): Illuminate\\View\\Engines\\CompilerEngine->get('E:\\\\Productivity...', Array)
#5 E:\\Productivity\\wamp64\\www\\laravel\\originality\\vendor\\laravel\\framework\\src\\Illuminate\\View\\View.php(208): Livewire\\Mechanisms\\ExtendBlade\\ExtendedCompilerEngine->get('E:\\\\Productivity...', Array)
#6 E:\\Productivity\\wamp64\\www\\laravel\\originality\\vendor\\laravel\\framework\\src\\Illuminate\\View\\View.php(191): Illuminate\\View\\View->getContents()
#7 E:\\Productivity\\wamp64\\www\\laravel\\originality\\vendor\\laravel\\framework\\src\\Illuminate\\View\\View.php(160): Illuminate\\View\\View->renderContents()
#8 E:\\Productivity\\wamp64\\www\\laravel\\originality\\vendor\\laravel\\framework\\src\\Illuminate\\View\\Compilers\\BladeCompiler.php(352): Illuminate\\View\\View->render()
#9 E:\\Productivity\\wamp64\\www\\laravel\\originality\\vendor\\laravel\\framework\\src\\Illuminate\\Support\\Facades\\Facade.php(363): Illuminate\\View\\Compilers\\BladeCompiler::render('    <?php $layo...', Array)
#10 E:\\Productivity\\wamp64\\www\\laravel\\originality\\vendor\\livewire\\livewire\\src\\Features\\SupportPageComponents\\SupportPageComponents.php(153): Illuminate\\Support\\Facades\\Facade::__callStatic('render', Array)
#11 E:\\Productivity\\wamp64\\www\\laravel\\originality\\vendor\\livewire\\livewire\\src\\Features\\SupportPageComponents\\HandlesPageComponents.php(24): Livewire\\Features\\SupportPageComponents\\SupportPageComponents::renderContentsIntoLayout('<div wire:snaps...', Object(Livewire\\Features\\SupportPageComponents\\PageComponentConfig))
#12 E:\\Productivity\\wamp64\\www\\laravel\\originality\\vendor\\laravel\\framework\\src\\Illuminate\\Routing\\ControllerDispatcher.php(46): Livewire\\Component->__invoke()
#13 E:\\Productivity\\wamp64\\www\\laravel\\originality\\vendor\\laravel\\framework\\src\\Illuminate\\Routing\\Route.php(265): Illuminate\\Routing\\ControllerDispatcher->dispatch(Object(Illuminate\\Routing\\Route), Object(App\\Livewire\\Auth\\LoginForm), '__invoke')
#14 E:\\Productivity\\wamp64\\www\\laravel\\originality\\vendor\\laravel\\framework\\src\\Illuminate\\Routing\\Route.php(211): Illuminate\\Routing\\Route->runController()
#15 E:\\Productivity\\wamp64\\www\\laravel\\originality\\vendor\\laravel\\framework\\src\\Illuminate\\Routing\\Router.php(822): Illuminate\\Routing\\Route->run()
#16 E:\\Productivity\\wamp64\\www\\laravel\\originality\\vendor\\laravel\\framework\\src\\Illuminate\\Pipeline\\Pipeline.php(180): Illuminate\\Routing\\Router->Illuminate\\Routing\\{closure}(Object(Illuminate\\Http\\Request))
#17 E:\\Productivity\\wamp64\\www\\laravel\\originality\\vendor\\laravel\\framework\\src\\Illuminate\\Routing\\Middleware\\SubstituteBindings.php(50): Illuminate\\Pipeline\\Pipeline->Illuminate\\Pipeline\\{closure}(Object(Illuminate\\Http\\Request))
#18 E:\\Productivity\\wamp64\\www\\laravel\\originality\\vendor\\laravel\\framework\\src\\Illuminate\\Pipeline\\Pipeline.php(219): Illuminate\\Routing\\Middleware\\SubstituteBindings->handle(Object(Illuminate\\Http\\Request), Object(Closure))
#19 E:\\Productivity\\wamp64\\www\\laravel\\originality\\vendor\\laravel\\framework\\src\\Illuminate\\Foundation\\Http\\Middleware\\VerifyCsrfToken.php(87): Illuminate\\Pipeline\\Pipeline->Illuminate\\Pipeline\\{closure}(Object(Illuminate\\Http\\Request))
#20 E:\\Productivity\\wamp64\\www\\laravel\\originality\\vendor\\laravel\\framework\\src\\Illuminate\\Pipeline\\Pipeline.php(219): Illuminate\\Foundation\\Http\\Middleware\\VerifyCsrfToken->handle(Object(Illuminate\\Http\\Request), Object(Closure))
#21 E:\\Productivity\\wamp64\\www\\laravel\\originality\\vendor\\laravel\\framework\\src\\Illuminate\\View\\Middleware\\ShareErrorsFromSession.php(48): Illuminate\\Pipeline\\Pipeline->Illuminate\\Pipeline\\{closure}(Object(Illuminate\\Http\\Request))
#22 E:\\Productivity\\wamp64\\www\\laravel\\originality\\vendor\\laravel\\framework\\src\\Illuminate\\Pipeline\\Pipeline.php(219): Illuminate\\View\\Middleware\\ShareErrorsFromSession->handle(Object(Illuminate\\Http\\Request), Object(Closure))
#23 E:\\Productivity\\wamp64\\www\\laravel\\originality\\vendor\\laravel\\framework\\src\\Illuminate\\Session\\Middleware\\StartSession.php(120): Illuminate\\Pipeline\\Pipeline->Illuminate\\Pipeline\\{closure}(Object(Illuminate\\Http\\Request))
#24 E:\\Productivity\\wamp64\\www\\laravel\\originality\\vendor\\laravel\\framework\\src\\Illuminate\\Session\\Middleware\\StartSession.php(63): Illuminate\\Session\\Middleware\\StartSession->handleStatefulRequest(Object(Illuminate\\Http\\Request), Object(Illuminate\\Session\\Store), Object(Closure))
#25 E:\\Productivity\\wamp64\\www\\laravel\\originality\\vendor\\laravel\\framework\\src\\Illuminate\\Pipeline\\Pipeline.php(219): Illuminate\\Session\\Middleware\\StartSession->handle(Object(Illuminate\\Http\\Request), Object(Closure))
#26 E:\\Productivity\\wamp64\\www\\laravel\\originality\\vendor\\laravel\\framework\\src\\Illuminate\\Cookie\\Middleware\\AddQueuedCookiesToResponse.php(36): Illuminate\\Pipeline\\Pipeline->Illuminate\\Pipeline\\{closure}(Object(Illuminate\\Http\\Request))
#27 E:\\Productivity\\wamp64\\www\\laravel\\originality\\vendor\\laravel\\framework\\src\\Illuminate\\Pipeline\\Pipeline.php(219): Illuminate\\Cookie\\Middleware\\AddQueuedCookiesToResponse->handle(Object(Illuminate\\Http\\Request), Object(Closure))
#28 E:\\Productivity\\wamp64\\www\\laravel\\originality\\vendor\\laravel\\framework\\src\\Illuminate\\Cookie\\Middleware\\EncryptCookies.php(74): Illuminate\\Pipeline\\Pipeline->Illuminate\\Pipeline\\{closure}(Object(Illuminate\\Http\\Request))
#29 E:\\Productivity\\wamp64\\www\\laravel\\originality\\vendor\\laravel\\framework\\src\\Illuminate\\Pipeline\\Pipeline.php(219): Illuminate\\Cookie\\Middleware\\EncryptCookies->handle(Object(Illuminate\\Http\\Request), Object(Closure))
#30 E:\\Productivity\\wamp64\\www\\laravel\\originality\\vendor\\laravel\\framework\\src\\Illuminate\\Pipeline\\Pipeline.php(137): Illuminate\\Pipeline\\Pipeline->Illuminate\\Pipeline\\{closure}(Object(Illuminate\\Http\\Request))
#31 E:\\Productivity\\wamp64\\www\\laravel\\originality\\vendor\\laravel\\framework\\src\\Illuminate\\Routing\\Router.php(821): Illuminate\\Pipeline\\Pipeline->then(Object(Closure))
#32 E:\\Productivity\\wamp64\\www\\laravel\\originality\\vendor\\laravel\\framework\\src\\Illuminate\\Routing\\Router.php(800): Illuminate\\Routing\\Router->runRouteWithinStack(Object(Illuminate\\Routing\\Route), Object(Illuminate\\Http\\Request))
#33 E:\\Productivity\\wamp64\\www\\laravel\\originality\\vendor\\laravel\\framework\\src\\Illuminate\\Routing\\Router.php(764): Illuminate\\Routing\\Router->runRoute(Object(Illuminate\\Http\\Request), Object(Illuminate\\Routing\\Route))
#34 E:\\Productivity\\wamp64\\www\\laravel\\originality\\vendor\\laravel\\framework\\src\\Illuminate\\Routing\\Router.php(753): Illuminate\\Routing\\Router->dispatchToRoute(Object(Illuminate\\Http\\Request))
#35 E:\\Productivity\\wamp64\\www\\laravel\\originality\\vendor\\laravel\\framework\\src\\Illuminate\\Foundation\\Http\\Kernel.php(200): Illuminate\\Routing\\Router->dispatch(Object(Illuminate\\Http\\Request))
#36 E:\\Productivity\\wamp64\\www\\laravel\\originality\\vendor\\laravel\\framework\\src\\Illuminate\\Pipeline\\Pipeline.php(180): Illuminate\\Foundation\\Http\\Kernel->Illuminate\\Foundation\\Http\\{closure}(Object(Illuminate\\Http\\Request))
#37 E:\\Productivity\\wamp64\\www\\laravel\\originality\\vendor\\livewire\\livewire\\src\\Features\\SupportDisablingBackButtonCache\\DisableBackButtonCacheMiddleware.php(19): Illuminate\\Pipeline\\Pipeline->Illuminate\\Pipeline\\{closure}(Object(Illuminate\\Http\\Request))
#38 E:\\Productivity\\wamp64\\www\\laravel\\originality\\vendor\\laravel\\framework\\src\\Illuminate\\Pipeline\\Pipeline.php(219): Livewire\\Features\\SupportDisablingBackButtonCache\\DisableBackButtonCacheMiddleware->handle(Object(Illuminate\\Http\\Request), Object(Closure))
#39 E:\\Productivity\\wamp64\\www\\laravel\\originality\\vendor\\laravel\\framework\\src\\Illuminate\\Foundation\\Http\\Middleware\\TransformsRequest.php(21): Illuminate\\Pipeline\\Pipeline->Illuminate\\Pipeline\\{closure}(Object(Illuminate\\Http\\Request))
#40 E:\\Productivity\\wamp64\\www\\laravel\\originality\\vendor\\laravel\\framework\\src\\Illuminate\\Foundation\\Http\\Middleware\\ConvertEmptyStringsToNull.php(31): Illuminate\\Foundation\\Http\\Middleware\\TransformsRequest->handle(Object(Illuminate\\Http\\Request), Object(Closure))
#41 E:\\Productivity\\wamp64\\www\\laravel\\originality\\vendor\\laravel\\framework\\src\\Illuminate\\Pipeline\\Pipeline.php(219): Illuminate\\Foundation\\Http\\Middleware\\ConvertEmptyStringsToNull->handle(Object(Illuminate\\Http\\Request), Object(Closure))
#42 E:\\Productivity\\wamp64\\www\\laravel\\originality\\vendor\\laravel\\framework\\src\\Illuminate\\Foundation\\Http\\Middleware\\TransformsRequest.php(21): Illuminate\\Pipeline\\Pipeline->Illuminate\\Pipeline\\{closure}(Object(Illuminate\\Http\\Request))
#43 E:\\Productivity\\wamp64\\www\\laravel\\originality\\vendor\\laravel\\framework\\src\\Illuminate\\Foundation\\Http\\Middleware\\TrimStrings.php(51): Illuminate\\Foundation\\Http\\Middleware\\TransformsRequest->handle(Object(Illuminate\\Http\\Request), Object(Closure))
#44 E:\\Productivity\\wamp64\\www\\laravel\\originality\\vendor\\laravel\\framework\\src\\Illuminate\\Pipeline\\Pipeline.php(219): Illuminate\\Foundation\\Http\\Middleware\\TrimStrings->handle(Object(Illuminate\\Http\\Request), Object(Closure))
#45 E:\\Productivity\\wamp64\\www\\laravel\\originality\\vendor\\laravel\\framework\\src\\Illuminate\\Http\\Middleware\\ValidatePostSize.php(27): Illuminate\\Pipeline\\Pipeline->Illuminate\\Pipeline\\{closure}(Object(Illuminate\\Http\\Request))
#46 E:\\Productivity\\wamp64\\www\\laravel\\originality\\vendor\\laravel\\framework\\src\\Illuminate\\Pipeline\\Pipeline.php(219): Illuminate\\Http\\Middleware\\ValidatePostSize->handle(Object(Illuminate\\Http\\Request), Object(Closure))
#47 E:\\Productivity\\wamp64\\www\\laravel\\originality\\vendor\\laravel\\framework\\src\\Illuminate\\Foundation\\Http\\Middleware\\PreventRequestsDuringMaintenance.php(109): Illuminate\\Pipeline\\Pipeline->Illuminate\\Pipeline\\{closure}(Object(Illuminate\\Http\\Request))
#48 E:\\Productivity\\wamp64\\www\\laravel\\originality\\vendor\\laravel\\framework\\src\\Illuminate\\Pipeline\\Pipeline.php(219): Illuminate\\Foundation\\Http\\Middleware\\PreventRequestsDuringMaintenance->handle(Object(Illuminate\\Http\\Request), Object(Closure))
#49 E:\\Productivity\\wamp64\\www\\laravel\\originality\\vendor\\laravel\\framework\\src\\Illuminate\\Http\\Middleware\\HandleCors.php(48): Illuminate\\Pipeline\\Pipeline->Illuminate\\Pipeline\\{closure}(Object(Illuminate\\Http\\Request))
#50 E:\\Productivity\\wamp64\\www\\laravel\\originality\\vendor\\laravel\\framework\\src\\Illuminate\\Pipeline\\Pipeline.php(219): Illuminate\\Http\\Middleware\\HandleCors->handle(Object(Illuminate\\Http\\Request), Object(Closure))
#51 E:\\Productivity\\wamp64\\www\\laravel\\originality\\vendor\\laravel\\framework\\src\\Illuminate\\Http\\Middleware\\TrustProxies.php(58): Illuminate\\Pipeline\\Pipeline->Illuminate\\Pipeline\\{closure}(Object(Illuminate\\Http\\Request))
#52 E:\\Productivity\\wamp64\\www\\laravel\\originality\\vendor\\laravel\\framework\\src\\Illuminate\\Pipeline\\Pipeline.php(219): Illuminate\\Http\\Middleware\\TrustProxies->handle(Object(Illuminate\\Http\\Request), Object(Closure))
#53 E:\\Productivity\\wamp64\\www\\laravel\\originality\\vendor\\laravel\\framework\\src\\Illuminate\\Foundation\\Http\\Middleware\\InvokeDeferredCallbacks.php(22): Illuminate\\Pipeline\\Pipeline->Illuminate\\Pipeline\\{closure}(Object(Illuminate\\Http\\Request))
#54 E:\\Productivity\\wamp64\\www\\laravel\\originality\\vendor\\laravel\\framework\\src\\Illuminate\\Pipeline\\Pipeline.php(219): Illuminate\\Foundation\\Http\\Middleware\\InvokeDeferredCallbacks->handle(Object(Illuminate\\Http\\Request), Object(Closure))
#55 E:\\Productivity\\wamp64\\www\\laravel\\originality\\vendor\\laravel\\framework\\src\\Illuminate\\Http\\Middleware\\ValidatePathEncoding.php(26): Illuminate\\Pipeline\\Pipeline->Illuminate\\Pipeline\\{closure}(Object(Illuminate\\Http\\Request))
#56 E:\\Productivity\\wamp64\\www\\laravel\\originality\\vendor\\laravel\\framework\\src\\Illuminate\\Pipeline\\Pipeline.php(219): Illuminate\\Http\\Middleware\\ValidatePathEncoding->handle(Object(Illuminate\\Http\\Request), Object(Closure))
#57 E:\\Productivity\\wamp64\\www\\laravel\\originality\\vendor\\laravel\\framework\\src\\Illuminate\\Pipeline\\Pipeline.php(137): Illuminate\\Pipeline\\Pipeline->Illuminate\\Pipeline\\{closure}(Object(Illuminate\\Http\\Request))
#58 E:\\Productivity\\wamp64\\www\\laravel\\originality\\vendor\\laravel\\framework\\src\\Illuminate\\Foundation\\Http\\Kernel.php(175): Illuminate\\Pipeline\\Pipeline->then(Object(Closure))
#59 E:\\Productivity\\wamp64\\www\\laravel\\originality\\vendor\\laravel\\framework\\src\\Illuminate\\Foundation\\Http\\Kernel.php(144): Illuminate\\Foundation\\Http\\Kernel->sendRequestThroughRouter(Object(Illuminate\\Http\\Request))
#60 E:\\Productivity\\wamp64\\www\\laravel\\originality\\vendor\\laravel\\framework\\src\\Illuminate\\Foundation\\Application.php(1220): Illuminate\\Foundation\\Http\\Kernel->handle(Object(Illuminate\\Http\\Request))
#61 E:\\Productivity\\wamp64\\www\\laravel\\originality\\public\\index.php(20): Illuminate\\Foundation\\Application->handleRequest(Object(Illuminate\\Http\\Request))
#62 E:\\Productivity\\wamp64\\www\\laravel\\originality\\vendor\\laravel\\framework\\src\\Illuminate\\Foundation\\resources\\server.php(23): require_once('E:\\\\Productivity...')
#63 {main}

[previous exception] [object] (Illuminate\\View\\ViewException(code: 0): Vite manifest not found at: E:\\Productivity\\wamp64\\www\\laravel\\originality\\public\\build/manifest.json (View: E:\\Productivity\\wamp64\\www\\laravel\\originality\\resources\\views\\components\\layouts\\app.blade.php) at E:\\Productivity\\wamp64\\www\\laravel\\originality\\vendor\\laravel\\framework\\src\\Illuminate\\Foundation\\Vite.php:935)
[stacktrace]
#0 E:\\Productivity\\wamp64\\www\\laravel\\originality\\vendor\\livewire\\livewire\\src\\Mechanisms\\ExtendBlade\\ExtendedCompilerEngine.php(58): Illuminate\\View\\Engines\\CompilerEngine->handleViewException(Object(Illuminate\\Foundation\\ViteManifestNotFoundException), 2)
#1 E:\\Productivity\\wamp64\\www\\laravel\\originality\\vendor\\laravel\\framework\\src\\Illuminate\\View\\Engines\\PhpEngine.php(59): Livewire\\Mechanisms\\ExtendBlade\\ExtendedCompilerEngine->handleViewException(Object(Illuminate\\Foundation\\ViteManifestNotFoundException), 2)
#2 E:\\Productivity\\wamp64\\www\\laravel\\originality\\vendor\\livewire\\livewire\\src\\Mechanisms\\ExtendBlade\\ExtendedCompilerEngine.php(22): Illuminate\\View\\Engines\\PhpEngine->evaluatePath('E:\\\\Productivity...', Array)
#3 E:\\Productivity\\wamp64\\www\\laravel\\originality\\vendor\\laravel\\framework\\src\\Illuminate\\View\\Engines\\CompilerEngine.php(76): Livewire\\Mechanisms\\ExtendBlade\\ExtendedCompilerEngine->evaluatePath('E:\\\\Productivity...', Array)
#4 E:\\Productivity\\wamp64\\www\\laravel\\originality\\vendor\\livewire\\livewire\\src\\Mechanisms\\ExtendBlade\\ExtendedCompilerEngine.php(10): Illuminate\\View\\Engines\\CompilerEngine->get('E:\\\\Productivity...', Array)
#5 E:\\Productivity\\wamp64\\www\\laravel\\originality\\vendor\\laravel\\framework\\src\\Illuminate\\View\\View.php(208): Livewire\\Mechanisms\\ExtendBlade\\ExtendedCompilerEngine->get('E:\\\\Productivity...', Array)
#6 E:\\Productivity\\wamp64\\www\\laravel\\originality\\vendor\\laravel\\framework\\src\\Illuminate\\View\\View.php(191): Illuminate\\View\\View->getContents()
#7 E:\\Productivity\\wamp64\\www\\laravel\\originality\\vendor\\laravel\\framework\\src\\Illuminate\\View\\View.php(160): Illuminate\\View\\View->renderContents()
#8 E:\\Productivity\\wamp64\\www\\laravel\\originality\\vendor\\laravel\\framework\\src\\Illuminate\\View\\Concerns\\ManagesComponents.php(103): Illuminate\\View\\View->render()
#9 E:\\Productivity\\wamp64\\www\\laravel\\originality\\storage\\framework\\views\\5efdeda2b037f87bc976f7c9f7204eea.php(17): Illuminate\\View\\Factory->renderComponent()
#10 E:\\Productivity\\wamp64\\www\\laravel\\originality\\vendor\\laravel\\framework\\src\\Illuminate\\Filesystem\\Filesystem.php(123): require('E:\\\\Productivity...')
#11 E:\\Productivity\\wamp64\\www\\laravel\\originality\\vendor\\laravel\\framework\\src\\Illuminate\\Filesystem\\Filesystem.php(124): Illuminate\\Filesystem\\Filesystem::Illuminate\\Filesystem\\{closure}()
#12 E:\\Productivity\\wamp64\\www\\laravel\\originality\\vendor\\laravel\\framework\\src\\Illuminate\\View\\Engines\\PhpEngine.php(57): Illuminate\\Filesystem\\Filesystem->getRequire('E:\\\\Productivity...', Array)
#13 E:\\Productivity\\wamp64\\www\\laravel\\originality\\vendor\\livewire\\livewire\\src\\Mechanisms\\ExtendBlade\\ExtendedCompilerEngine.php(22): Illuminate\\View\\Engines\\PhpEngine->evaluatePath('E:\\\\Productivity...', Array)
#14 E:\\Productivity\\wamp64\\www\\laravel\\originality\\vendor\\laravel\\framework\\src\\Illuminate\\View\\Engines\\CompilerEngine.php(76): Livewire\\Mechanisms\\ExtendBlade\\ExtendedCompilerEngine->evaluatePath('E:\\\\Productivity...', Array)
#15 E:\\Productivity\\wamp64\\www\\laravel\\originality\\vendor\\livewire\\livewire\\src\\Mechanisms\\ExtendBlade\\ExtendedCompilerEngine.php(10): Illuminate\\View\\Engines\\CompilerEngine->get('E:\\\\Productivity...', Array)
#16 E:\\Productivity\\wamp64\\www\\laravel\\originality\\vendor\\laravel\\framework\\src\\Illuminate\\View\\View.php(208): Livewire\\Mechanisms\\ExtendBlade\\ExtendedCompilerEngine->get('E:\\\\Productivity...', Array)
#17 E:\\Productivity\\wamp64\\www\\laravel\\originality\\vendor\\laravel\\framework\\src\\Illuminate\\View\\View.php(191): Illuminate\\View\\View->getContents()
#18 E:\\Productivity\\wamp64\\www\\laravel\\originality\\vendor\\laravel\\framework\\src\\Illuminate\\View\\View.php(160): Illuminate\\View\\View->renderContents()
#19 E:\\Productivity\\wamp64\\www\\laravel\\originality\\vendor\\laravel\\framework\\src\\Illuminate\\View\\Compilers\\BladeCompiler.php(352): Illuminate\\View\\View->render()
#20 E:\\Productivity\\wamp64\\www\\laravel\\originality\\vendor\\laravel\\framework\\src\\Illuminate\\Support\\Facades\\Facade.php(363): Illuminate\\View\\Compilers\\BladeCompiler::render('    <?php $layo...', Array)
#21 E:\\Productivity\\wamp64\\www\\laravel\\originality\\vendor\\livewire\\livewire\\src\\Features\\SupportPageComponents\\SupportPageComponents.php(153): Illuminate\\Support\\Facades\\Facade::__callStatic('render', Array)
#22 E:\\Productivity\\wamp64\\www\\laravel\\originality\\vendor\\livewire\\livewire\\src\\Features\\SupportPageComponents\\HandlesPageComponents.php(24): Livewire\\Features\\SupportPageComponents\\SupportPageComponents::renderContentsIntoLayout('<div wire:snaps...', Object(Livewire\\Features\\SupportPageComponents\\PageComponentConfig))
#23 E:\\Productivity\\wamp64\\www\\laravel\\originality\\vendor\\laravel\\framework\\src\\Illuminate\\Routing\\ControllerDispatcher.php(46): Livewire\\Component->__invoke()
#24 E:\\Productivity\\wamp64\\www\\laravel\\originality\\vendor\\laravel\\framework\\src\\Illuminate\\Routing\\Route.php(265): Illuminate\\Routing\\ControllerDispatcher->dispatch(Object(Illuminate\\Routing\\Route), Object(App\\Livewire\\Auth\\LoginForm), '__invoke')
#25 E:\\Productivity\\wamp64\\www\\laravel\\originality\\vendor\\laravel\\framework\\src\\Illuminate\\Routing\\Route.php(211): Illuminate\\Routing\\Route->runController()
#26 E:\\Productivity\\wamp64\\www\\laravel\\originality\\vendor\\laravel\\framework\\src\\Illuminate\\Routing\\Router.php(822): Illuminate\\Routing\\Route->run()
#27 E:\\Productivity\\wamp64\\www\\laravel\\originality\\vendor\\laravel\\framework\\src\\Illuminate\\Pipeline\\Pipeline.php(180): Illuminate\\Routing\\Router->Illuminate\\Routing\\{closure}(Object(Illuminate\\Http\\Request))
#28 E:\\Productivity\\wamp64\\www\\laravel\\originality\\vendor\\laravel\\framework\\src\\Illuminate\\Routing\\Middleware\\SubstituteBindings.php(50): Illuminate\\Pipeline\\Pipeline->Illuminate\\Pipeline\\{closure}(Object(Illuminate\\Http\\Request))
#29 E:\\Productivity\\wamp64\\www\\laravel\\originality\\vendor\\laravel\\framework\\src\\Illuminate\\Pipeline\\Pipeline.php(219): Illuminate\\Routing\\Middleware\\SubstituteBindings->handle(Object(Illuminate\\Http\\Request), Object(Closure))
#30 E:\\Productivity\\wamp64\\www\\laravel\\originality\\vendor\\laravel\\framework\\src\\Illuminate\\Foundation\\Http\\Middleware\\VerifyCsrfToken.php(87): Illuminate\\Pipeline\\Pipeline->Illuminate\\Pipeline\\{closure}(Object(Illuminate\\Http\\Request))
#31 E:\\Productivity\\wamp64\\www\\laravel\\originality\\vendor\\laravel\\framework\\src\\Illuminate\\Pipeline\\Pipeline.php(219): Illuminate\\Foundation\\Http\\Middleware\\VerifyCsrfToken->handle(Object(Illuminate\\Http\\Request), Object(Closure))
#32 E:\\Productivity\\wamp64\\www\\laravel\\originality\\vendor\\laravel\\framework\\src\\Illuminate\\View\\Middleware\\ShareErrorsFromSession.php(48): Illuminate\\Pipeline\\Pipeline->Illuminate\\Pipeline\\{closure}(Object(Illuminate\\Http\\Request))
#33 E:\\Productivity\\wamp64\\www\\laravel\\originality\\vendor\\laravel\\framework\\src\\Illuminate\\Pipeline\\Pipeline.php(219): Illuminate\\View\\Middleware\\ShareErrorsFromSession->handle(Object(Illuminate\\Http\\Request), Object(Closure))
#34 E:\\Productivity\\wamp64\\www\\laravel\\originality\\vendor\\laravel\\framework\\src\\Illuminate\\Session\\Middleware\\StartSession.php(120): Illuminate\\Pipeline\\Pipeline->Illuminate\\Pipeline\\{closure}(Object(Illuminate\\Http\\Request))
#35 E:\\Productivity\\wamp64\\www\\laravel\\originality\\vendor\\laravel\\framework\\src\\Illuminate\\Session\\Middleware\\StartSession.php(63): Illuminate\\Session\\Middleware\\StartSession->handleStatefulRequest(Object(Illuminate\\Http\\Request), Object(Illuminate\\Session\\Store), Object(Closure))
#36 E:\\Productivity\\wamp64\\www\\laravel\\originality\\vendor\\laravel\\framework\\src\\Illuminate\\Pipeline\\Pipeline.php(219): Illuminate\\Session\\Middleware\\StartSession->handle(Object(Illuminate\\Http\\Request), Object(Closure))
#37 E:\\Productivity\\wamp64\\www\\laravel\\originality\\vendor\\laravel\\framework\\src\\Illuminate\\Cookie\\Middleware\\AddQueuedCookiesToResponse.php(36): Illuminate\\Pipeline\\Pipeline->Illuminate\\Pipeline\\{closure}(Object(Illuminate\\Http\\Request))
#38 E:\\Productivity\\wamp64\\www\\laravel\\originality\\vendor\\laravel\\framework\\src\\Illuminate\\Pipeline\\Pipeline.php(219): Illuminate\\Cookie\\Middleware\\AddQueuedCookiesToResponse->handle(Object(Illuminate\\Http\\Request), Object(Closure))
#39 E:\\Productivity\\wamp64\\www\\laravel\\originality\\vendor\\laravel\\framework\\src\\Illuminate\\Cookie\\Middleware\\EncryptCookies.php(74): Illuminate\\Pipeline\\Pipeline->Illuminate\\Pipeline\\{closure}(Object(Illuminate\\Http\\Request))
#40 E:\\Productivity\\wamp64\\www\\laravel\\originality\\vendor\\laravel\\framework\\src\\Illuminate\\Pipeline\\Pipeline.php(219): Illuminate\\Cookie\\Middleware\\EncryptCookies->handle(Object(Illuminate\\Http\\Request), Object(Closure))
#41 E:\\Productivity\\wamp64\\www\\laravel\\originality\\vendor\\laravel\\framework\\src\\Illuminate\\Pipeline\\Pipeline.php(137): Illuminate\\Pipeline\\Pipeline->Illuminate\\Pipeline\\{closure}(Object(Illuminate\\Http\\Request))
#42 E:\\Productivity\\wamp64\\www\\laravel\\originality\\vendor\\laravel\\framework\\src\\Illuminate\\Routing\\Router.php(821): Illuminate\\Pipeline\\Pipeline->then(Object(Closure))
#43 E:\\Productivity\\wamp64\\www\\laravel\\originality\\vendor\\laravel\\framework\\src\\Illuminate\\Routing\\Router.php(800): Illuminate\\Routing\\Router->runRouteWithinStack(Object(Illuminate\\Routing\\Route), Object(Illuminate\\Http\\Request))
#44 E:\\Productivity\\wamp64\\www\\laravel\\originality\\vendor\\laravel\\framework\\src\\Illuminate\\Routing\\Router.php(764): Illuminate\\Routing\\Router->runRoute(Object(Illuminate\\Http\\Request), Object(Illuminate\\Routing\\Route))
#45 E:\\Productivity\\wamp64\\www\\laravel\\originality\\vendor\\laravel\\framework\\src\\Illuminate\\Routing\\Router.php(753): Illuminate\\Routing\\Router->dispatchToRoute(Object(Illuminate\\Http\\Request))
#46 E:\\Productivity\\wamp64\\www\\laravel\\originality\\vendor\\laravel\\framework\\src\\Illuminate\\Foundation\\Http\\Kernel.php(200): Illuminate\\Routing\\Router->dispatch(Object(Illuminate\\Http\\Request))
#47 E:\\Productivity\\wamp64\\www\\laravel\\originality\\vendor\\laravel\\framework\\src\\Illuminate\\Pipeline\\Pipeline.php(180): Illuminate\\Foundation\\Http\\Kernel->Illuminate\\Foundation\\Http\\{closure}(Object(Illuminate\\Http\\Request))
#48 E:\\Productivity\\wamp64\\www\\laravel\\originality\\vendor\\livewire\\livewire\\src\\Features\\SupportDisablingBackButtonCache\\DisableBackButtonCacheMiddleware.php(19): Illuminate\\Pipeline\\Pipeline->Illuminate\\Pipeline\\{closure}(Object(Illuminate\\Http\\Request))
#49 E:\\Productivity\\wamp64\\www\\laravel\\originality\\vendor\\laravel\\framework\\src\\Illuminate\\Pipeline\\Pipeline.php(219): Livewire\\Features\\SupportDisablingBackButtonCache\\DisableBackButtonCacheMiddleware->handle(Object(Illuminate\\Http\\Request), Object(Closure))
#50 E:\\Productivity\\wamp64\\www\\laravel\\originality\\vendor\\laravel\\framework\\src\\Illuminate\\Foundation\\Http\\Middleware\\TransformsRequest.php(21): Illuminate\\Pipeline\\Pipeline->Illuminate\\Pipeline\\{closure}(Object(Illuminate\\Http\\Request))
#51 E:\\Productivity\\wamp64\\www\\laravel\\originality\\vendor\\laravel\\framework\\src\\Illuminate\\Foundation\\Http\\Middleware\\ConvertEmptyStringsToNull.php(31): Illuminate\\Foundation\\Http\\Middleware\\TransformsRequest->handle(Object(Illuminate\\Http\\Request), Object(Closure))
#52 E:\\Productivity\\wamp64\\www\\laravel\\originality\\vendor\\laravel\\framework\\src\\Illuminate\\Pipeline\\Pipeline.php(219): Illuminate\\Foundation\\Http\\Middleware\\ConvertEmptyStringsToNull->handle(Object(Illuminate\\Http\\Request), Object(Closure))
#53 E:\\Productivity\\wamp64\\www\\laravel\\originality\\vendor\\laravel\\framework\\src\\Illuminate\\Foundation\\Http\\Middleware\\TransformsRequest.php(21): Illuminate\\Pipeline\\Pipeline->Illuminate\\Pipeline\\{closure}(Object(Illuminate\\Http\\Request))
#54 E:\\Productivity\\wamp64\\www\\laravel\\originality\\vendor\\laravel\\framework\\src\\Illuminate\\Foundation\\Http\\Middleware\\TrimStrings.php(51): Illuminate\\Foundation\\Http\\Middleware\\TransformsRequest->handle(Object(Illuminate\\Http\\Request), Object(Closure))
#55 E:\\Productivity\\wamp64\\www\\laravel\\originality\\vendor\\laravel\\framework\\src\\Illuminate\\Pipeline\\Pipeline.php(219): Illuminate\\Foundation\\Http\\Middleware\\TrimStrings->handle(Object(Illuminate\\Http\\Request), Object(Closure))
#56 E:\\Productivity\\wamp64\\www\\laravel\\originality\\vendor\\laravel\\framework\\src\\Illuminate\\Http\\Middleware\\ValidatePostSize.php(27): Illuminate\\Pipeline\\Pipeline->Illuminate\\Pipeline\\{closure}(Object(Illuminate\\Http\\Request))
#57 E:\\Productivity\\wamp64\\www\\laravel\\originality\\vendor\\laravel\\framework\\src\\Illuminate\\Pipeline\\Pipeline.php(219): Illuminate\\Http\\Middleware\\ValidatePostSize->handle(Object(Illuminate\\Http\\Request), Object(Closure))
#58 E:\\Productivity\\wamp64\\www\\laravel\\originality\\vendor\\laravel\\framework\\src\\Illuminate\\Foundation\\Http\\Middleware\\PreventRequestsDuringMaintenance.php(109): Illuminate\\Pipeline\\Pipeline->Illuminate\\Pipeline\\{closure}(Object(Illuminate\\Http\\Request))
#59 E:\\Productivity\\wamp64\\www\\laravel\\originality\\vendor\\laravel\\framework\\src\\Illuminate\\Pipeline\\Pipeline.php(219): Illuminate\\Foundation\\Http\\Middleware\\PreventRequestsDuringMaintenance->handle(Object(Illuminate\\Http\\Request), Object(Closure))
#60 E:\\Productivity\\wamp64\\www\\laravel\\originality\\vendor\\laravel\\framework\\src\\Illuminate\\Http\\Middleware\\HandleCors.php(48): Illuminate\\Pipeline\\Pipeline->Illuminate\\Pipeline\\{closure}(Object(Illuminate\\Http\\Request))
#61 E:\\Productivity\\wamp64\\www\\laravel\\originality\\vendor\\laravel\\framework\\src\\Illuminate\\Pipeline\\Pipeline.php(219): Illuminate\\Http\\Middleware\\HandleCors->handle(Object(Illuminate\\Http\\Request), Object(Closure))
#62 E:\\Productivity\\wamp64\\www\\laravel\\originality\\vendor\\laravel\\framework\\src\\Illuminate\\Http\\Middleware\\TrustProxies.php(58): Illuminate\\Pipeline\\Pipeline->Illuminate\\Pipeline\\{closure}(Object(Illuminate\\Http\\Request))
#63 E:\\Productivity\\wamp64\\www\\laravel\\originality\\vendor\\laravel\\framework\\src\\Illuminate\\Pipeline\\Pipeline.php(219): Illuminate\\Http\\Middleware\\TrustProxies->handle(Object(Illuminate\\Http\\Request), Object(Closure))
#64 E:\\Productivity\\wamp64\\www\\laravel\\originality\\vendor\\laravel\\framework\\src\\Illuminate\\Foundation\\Http\\Middleware\\InvokeDeferredCallbacks.php(22): Illuminate\\Pipeline\\Pipeline->Illuminate\\Pipeline\\{closure}(Object(Illuminate\\Http\\Request))
#65 E:\\Productivity\\wamp64\\www\\laravel\\originality\\vendor\\laravel\\framework\\src\\Illuminate\\Pipeline\\Pipeline.php(219): Illuminate\\Foundation\\Http\\Middleware\\InvokeDeferredCallbacks->handle(Object(Illuminate\\Http\\Request), Object(Closure))
#66 E:\\Productivity\\wamp64\\www\\laravel\\originality\\vendor\\laravel\\framework\\src\\Illuminate\\Http\\Middleware\\ValidatePathEncoding.php(26): Illuminate\\Pipeline\\Pipeline->Illuminate\\Pipeline\\{closure}(Object(Illuminate\\Http\\Request))
#67 E:\\Productivity\\wamp64\\www\\laravel\\originality\\vendor\\laravel\\framework\\src\\Illuminate\\Pipeline\\Pipeline.php(219): Illuminate\\Http\\Middleware\\ValidatePathEncoding->handle(Object(Illuminate\\Http\\Request), Object(Closure))
#68 E:\\Productivity\\wamp64\\www\\laravel\\originality\\vendor\\laravel\\framework\\src\\Illuminate\\Pipeline\\Pipeline.php(137): Illuminate\\Pipeline\\Pipeline->Illuminate\\Pipeline\\{closure}(Object(Illuminate\\Http\\Request))
#69 E:\\Productivity\\wamp64\\www\\laravel\\originality\\vendor\\laravel\\framework\\src\\Illuminate\\Foundation\\Http\\Kernel.php(175): Illuminate\\Pipeline\\Pipeline->then(Object(Closure))
#70 E:\\Productivity\\wamp64\\www\\laravel\\originality\\vendor\\laravel\\framework\\src\\Illuminate\\Foundation\\Http\\Kernel.php(144): Illuminate\\Foundation\\Http\\Kernel->sendRequestThroughRouter(Object(Illuminate\\Http\\Request))
#71 E:\\Productivity\\wamp64\\www\\laravel\\originality\\vendor\\laravel\\framework\\src\\Illuminate\\Foundation\\Application.php(1220): Illuminate\\Foundation\\Http\\Kernel->handle(Object(Illuminate\\Http\\Request))
#72 E:\\Productivity\\wamp64\\www\\laravel\\originality\\public\\index.php(20): Illuminate\\Foundation\\Application->handleRequest(Object(Illuminate\\Http\\Request))
#73 E:\\Productivity\\wamp64\\www\\laravel\\originality\\vendor\\laravel\\framework\\src\\Illuminate\\Foundation\\resources\\server.php(23): require_once('E:\\\\Productivity...')
#74 {main}

[previous exception] [object] (Illuminate\\Foundation\\ViteManifestNotFoundException(code: 0): Vite manifest not found at: E:\\Productivity\\wamp64\\www\\laravel\\originality\\public\\build/manifest.json at E:\\Productivity\\wamp64\\www\\laravel\\originality\\vendor\\laravel\\framework\\src\\Illuminate\\Foundation\\Vite.php:935)
[stacktrace]
#0 E:\\Productivity\\wamp64\\www\\laravel\\originality\\vendor\\laravel\\framework\\src\\Illuminate\\Foundation\\Vite.php(384): Illuminate\\Foundation\\Vite->manifest('build')
#1 E:\\Productivity\\wamp64\\www\\laravel\\originality\\storage\\framework\\views\\717d182ad421ba6a1de8894cb3f4188f.php(7): Illuminate\\Foundation\\Vite->__invoke(Object(Illuminate\\Support\\Collection))
#2 E:\\Productivity\\wamp64\\www\\laravel\\originality\\vendor\\laravel\\framework\\src\\Illuminate\\Filesystem\\Filesystem.php(123): require('E:\\\\Productivity...')
#3 E:\\Productivity\\wamp64\\www\\laravel\\originality\\vendor\\laravel\\framework\\src\\Illuminate\\Filesystem\\Filesystem.php(124): Illuminate\\Filesystem\\Filesystem::Illuminate\\Filesystem\\{closure}()
#4 E:\\Productivity\\wamp64\\www\\laravel\\originality\\vendor\\laravel\\framework\\src\\Illuminate\\View\\Engines\\PhpEngine.php(57): Illuminate\\Filesystem\\Filesystem->getRequire('E:\\\\Productivity...', Array)
#5 E:\\Productivity\\wamp64\\www\\laravel\\originality\\vendor\\livewire\\livewire\\src\\Mechanisms\\ExtendBlade\\ExtendedCompilerEngine.php(22): Illuminate\\View\\Engines\\PhpEngine->evaluatePath('E:\\\\Productivity...', Array)
#6 E:\\Productivity\\wamp64\\www\\laravel\\originality\\vendor\\laravel\\framework\\src\\Illuminate\\View\\Engines\\CompilerEngine.php(76): Livewire\\Mechanisms\\ExtendBlade\\ExtendedCompilerEngine->evaluatePath('E:\\\\Productivity...', Array)
#7 E:\\Productivity\\wamp64\\www\\laravel\\originality\\vendor\\livewire\\livewire\\src\\Mechanisms\\ExtendBlade\\ExtendedCompilerEngine.php(10): Illuminate\\View\\Engines\\CompilerEngine->get('E:\\\\Productivity...', Array)
#8 E:\\Productivity\\wamp64\\www\\laravel\\originality\\vendor\\laravel\\framework\\src\\Illuminate\\View\\View.php(208): Livewire\\Mechanisms\\ExtendBlade\\ExtendedCompilerEngine->get('E:\\\\Productivity...', Array)
#9 E:\\Productivity\\wamp64\\www\\laravel\\originality\\vendor\\laravel\\framework\\src\\Illuminate\\View\\View.php(191): Illuminate\\View\\View->getContents()
#10 E:\\Productivity\\wamp64\\www\\laravel\\originality\\vendor\\laravel\\framework\\src\\Illuminate\\View\\View.php(160): Illuminate\\View\\View->renderContents()
#11 E:\\Productivity\\wamp64\\www\\laravel\\originality\\vendor\\laravel\\framework\\src\\Illuminate\\View\\Concerns\\ManagesComponents.php(103): Illuminate\\View\\View->render()
#12 E:\\Productivity\\wamp64\\www\\laravel\\originality\\storage\\framework\\views\\5efdeda2b037f87bc976f7c9f7204eea.php(17): Illuminate\\View\\Factory->renderComponent()
#13 E:\\Productivity\\wamp64\\www\\laravel\\originality\\vendor\\laravel\\framework\\src\\Illuminate\\Filesystem\\Filesystem.php(123): require('E:\\\\Productivity...')
#14 E:\\Productivity\\wamp64\\www\\laravel\\originality\\vendor\\laravel\\framework\\src\\Illuminate\\Filesystem\\Filesystem.php(124): Illuminate\\Filesystem\\Filesystem::Illuminate\\Filesystem\\{closure}()
#15 E:\\Productivity\\wamp64\\www\\laravel\\originality\\vendor\\laravel\\framework\\src\\Illuminate\\View\\Engines\\PhpEngine.php(57): Illuminate\\Filesystem\\Filesystem->getRequire('E:\\\\Productivity...', Array)
#16 E:\\Productivity\\wamp64\\www\\laravel\\originality\\vendor\\livewire\\livewire\\src\\Mechanisms\\ExtendBlade\\ExtendedCompilerEngine.php(22): Illuminate\\View\\Engines\\PhpEngine->evaluatePath('E:\\\\Productivity...', Array)
#17 E:\\Productivity\\wamp64\\www\\laravel\\originality\\vendor\\laravel\\framework\\src\\Illuminate\\View\\Engines\\CompilerEngine.php(76): Livewire\\Mechanisms\\ExtendBlade\\ExtendedCompilerEngine->evaluatePath('E:\\\\Productivity...', Array)
#18 E:\\Productivity\\wamp64\\www\\laravel\\originality\\vendor\\livewire\\livewire\\src\\Mechanisms\\ExtendBlade\\ExtendedCompilerEngine.php(10): Illuminate\\View\\Engines\\CompilerEngine->get('E:\\\\Productivity...', Array)
#19 E:\\Productivity\\wamp64\\www\\laravel\\originality\\vendor\\laravel\\framework\\src\\Illuminate\\View\\View.php(208): Livewire\\Mechanisms\\ExtendBlade\\ExtendedCompilerEngine->get('E:\\\\Productivity...', Array)
#20 E:\\Productivity\\wamp64\\www\\laravel\\originality\\vendor\\laravel\\framework\\src\\Illuminate\\View\\View.php(191): Illuminate\\View\\View->getContents()
#21 E:\\Productivity\\wamp64\\www\\laravel\\originality\\vendor\\laravel\\framework\\src\\Illuminate\\View\\View.php(160): Illuminate\\View\\View->renderContents()
#22 E:\\Productivity\\wamp64\\www\\laravel\\originality\\vendor\\laravel\\framework\\src\\Illuminate\\View\\Compilers\\BladeCompiler.php(352): Illuminate\\View\\View->render()
#23 E:\\Productivity\\wamp64\\www\\laravel\\originality\\vendor\\laravel\\framework\\src\\Illuminate\\Support\\Facades\\Facade.php(363): Illuminate\\View\\Compilers\\BladeCompiler::render('    <?php $layo...', Array)
#24 E:\\Productivity\\wamp64\\www\\laravel\\originality\\vendor\\livewire\\livewire\\src\\Features\\SupportPageComponents\\SupportPageComponents.php(153): Illuminate\\Support\\Facades\\Facade::__callStatic('render', Array)
#25 E:\\Productivity\\wamp64\\www\\laravel\\originality\\vendor\\livewire\\livewire\\src\\Features\\SupportPageComponents\\HandlesPageComponents.php(24): Livewire\\Features\\SupportPageComponents\\SupportPageComponents::renderContentsIntoLayout('<div wire:snaps...', Object(Livewire\\Features\\SupportPageComponents\\PageComponentConfig))
#26 E:\\Productivity\\wamp64\\www\\laravel\\originality\\vendor\\laravel\\framework\\src\\Illuminate\\Routing\\ControllerDispatcher.php(46): Livewire\\Component->__invoke()
#27 E:\\Productivity\\wamp64\\www\\laravel\\originality\\vendor\\laravel\\framework\\src\\Illuminate\\Routing\\Route.php(265): Illuminate\\Routing\\ControllerDispatcher->dispatch(Object(Illuminate\\Routing\\Route), Object(App\\Livewire\\Auth\\LoginForm), '__invoke')
#28 E:\\Productivity\\wamp64\\www\\laravel\\originality\\vendor\\laravel\\framework\\src\\Illuminate\\Routing\\Route.php(211): Illuminate\\Routing\\Route->runController()
#29 E:\\Productivity\\wamp64\\www\\laravel\\originality\\vendor\\laravel\\framework\\src\\Illuminate\\Routing\\Router.php(822): Illuminate\\Routing\\Route->run()
#30 E:\\Productivity\\wamp64\\www\\laravel\\originality\\vendor\\laravel\\framework\\src\\Illuminate\\Pipeline\\Pipeline.php(180): Illuminate\\Routing\\Router->Illuminate\\Routing\\{closure}(Object(Illuminate\\Http\\Request))
#31 E:\\Productivity\\wamp64\\www\\laravel\\originality\\vendor\\laravel\\framework\\src\\Illuminate\\Routing\\Middleware\\SubstituteBindings.php(50): Illuminate\\Pipeline\\Pipeline->Illuminate\\Pipeline\\{closure}(Object(Illuminate\\Http\\Request))
#32 E:\\Productivity\\wamp64\\www\\laravel\\originality\\vendor\\laravel\\framework\\src\\Illuminate\\Pipeline\\Pipeline.php(219): Illuminate\\Routing\\Middleware\\SubstituteBindings->handle(Object(Illuminate\\Http\\Request), Object(Closure))
#33 E:\\Productivity\\wamp64\\www\\laravel\\originality\\vendor\\laravel\\framework\\src\\Illuminate\\Foundation\\Http\\Middleware\\VerifyCsrfToken.php(87): Illuminate\\Pipeline\\Pipeline->Illuminate\\Pipeline\\{closure}(Object(Illuminate\\Http\\Request))
#34 E:\\Productivity\\wamp64\\www\\laravel\\originality\\vendor\\laravel\\framework\\src\\Illuminate\\Pipeline\\Pipeline.php(219): Illuminate\\Foundation\\Http\\Middleware\\VerifyCsrfToken->handle(Object(Illuminate\\Http\\Request), Object(Closure))
#35 E:\\Productivity\\wamp64\\www\\laravel\\originality\\vendor\\laravel\\framework\\src\\Illuminate\\View\\Middleware\\ShareErrorsFromSession.php(48): Illuminate\\Pipeline\\Pipeline->Illuminate\\Pipeline\\{closure}(Object(Illuminate\\Http\\Request))
#36 E:\\Productivity\\wamp64\\www\\laravel\\originality\\vendor\\laravel\\framework\\src\\Illuminate\\Pipeline\\Pipeline.php(219): Illuminate\\View\\Middleware\\ShareErrorsFromSession->handle(Object(Illuminate\\Http\\Request), Object(Closure))
#37 E:\\Productivity\\wamp64\\www\\laravel\\originality\\vendor\\laravel\\framework\\src\\Illuminate\\Session\\Middleware\\StartSession.php(120): Illuminate\\Pipeline\\Pipeline->Illuminate\\Pipeline\\{closure}(Object(Illuminate\\Http\\Request))
#38 E:\\Productivity\\wamp64\\www\\laravel\\originality\\vendor\\laravel\\framework\\src\\Illuminate\\Session\\Middleware\\StartSession.php(63): Illuminate\\Session\\Middleware\\StartSession->handleStatefulRequest(Object(Illuminate\\Http\\Request), Object(Illuminate\\Session\\Store), Object(Closure))
#39 E:\\Productivity\\wamp64\\www\\laravel\\originality\\vendor\\laravel\\framework\\src\\Illuminate\\Pipeline\\Pipeline.php(219): Illuminate\\Session\\Middleware\\StartSession->handle(Object(Illuminate\\Http\\Request), Object(Closure))
#40 E:\\Productivity\\wamp64\\www\\laravel\\originality\\vendor\\laravel\\framework\\src\\Illuminate\\Cookie\\Middleware\\AddQueuedCookiesToResponse.php(36): Illuminate\\Pipeline\\Pipeline->Illuminate\\Pipeline\\{closure}(Object(Illuminate\\Http\\Request))
#41 E:\\Productivity\\wamp64\\www\\laravel\\originality\\vendor\\laravel\\framework\\src\\Illuminate\\Pipeline\\Pipeline.php(219): Illuminate\\Cookie\\Middleware\\AddQueuedCookiesToResponse->handle(Object(Illuminate\\Http\\Request), Object(Closure))
#42 E:\\Productivity\\wamp64\\www\\laravel\\originality\\vendor\\laravel\\framework\\src\\Illuminate\\Cookie\\Middleware\\EncryptCookies.php(74): Illuminate\\Pipeline\\Pipeline->Illuminate\\Pipeline\\{closure}(Object(Illuminate\\Http\\Request))
#43 E:\\Productivity\\wamp64\\www\\laravel\\originality\\vendor\\laravel\\framework\\src\\Illuminate\\Pipeline\\Pipeline.php(219): Illuminate\\Cookie\\Middleware\\EncryptCookies->handle(Object(Illuminate\\Http\\Request), Object(Closure))
#44 E:\\Productivity\\wamp64\\www\\laravel\\originality\\vendor\\laravel\\framework\\src\\Illuminate\\Pipeline\\Pipeline.php(137): Illuminate\\Pipeline\\Pipeline->Illuminate\\Pipeline\\{closure}(Object(Illuminate\\Http\\Request))
#45 E:\\Productivity\\wamp64\\www\\laravel\\originality\\vendor\\laravel\\framework\\src\\Illuminate\\Routing\\Router.php(821): Illuminate\\Pipeline\\Pipeline->then(Object(Closure))
#46 E:\\Productivity\\wamp64\\www\\laravel\\originality\\vendor\\laravel\\framework\\src\\Illuminate\\Routing\\Router.php(800): Illuminate\\Routing\\Router->runRouteWithinStack(Object(Illuminate\\Routing\\Route), Object(Illuminate\\Http\\Request))
#47 E:\\Productivity\\wamp64\\www\\laravel\\originality\\vendor\\laravel\\framework\\src\\Illuminate\\Routing\\Router.php(764): Illuminate\\Routing\\Router->runRoute(Object(Illuminate\\Http\\Request), Object(Illuminate\\Routing\\Route))
#48 E:\\Productivity\\wamp64\\www\\laravel\\originality\\vendor\\laravel\\framework\\src\\Illuminate\\Routing\\Router.php(753): Illuminate\\Routing\\Router->dispatchToRoute(Object(Illuminate\\Http\\Request))
#49 E:\\Productivity\\wamp64\\www\\laravel\\originality\\vendor\\laravel\\framework\\src\\Illuminate\\Foundation\\Http\\Kernel.php(200): Illuminate\\Routing\\Router->dispatch(Object(Illuminate\\Http\\Request))
#50 E:\\Productivity\\wamp64\\www\\laravel\\originality\\vendor\\laravel\\framework\\src\\Illuminate\\Pipeline\\Pipeline.php(180): Illuminate\\Foundation\\Http\\Kernel->Illuminate\\Foundation\\Http\\{closure}(Object(Illuminate\\Http\\Request))
#51 E:\\Productivity\\wamp64\\www\\laravel\\originality\\vendor\\livewire\\livewire\\src\\Features\\SupportDisablingBackButtonCache\\DisableBackButtonCacheMiddleware.php(19): Illuminate\\Pipeline\\Pipeline->Illuminate\\Pipeline\\{closure}(Object(Illuminate\\Http\\Request))
#52 E:\\Productivity\\wamp64\\www\\laravel\\originality\\vendor\\laravel\\framework\\src\\Illuminate\\Pipeline\\Pipeline.php(219): Livewire\\Features\\SupportDisablingBackButtonCache\\DisableBackButtonCacheMiddleware->handle(Object(Illuminate\\Http\\Request), Object(Closure))
#53 E:\\Productivity\\wamp64\\www\\laravel\\originality\\vendor\\laravel\\framework\\src\\Illuminate\\Foundation\\Http\\Middleware\\TransformsRequest.php(21): Illuminate\\Pipeline\\Pipeline->Illuminate\\Pipeline\\{closure}(Object(Illuminate\\Http\\Request))
#54 E:\\Productivity\\wamp64\\www\\laravel\\originality\\vendor\\laravel\\framework\\src\\Illuminate\\Foundation\\Http\\Middleware\\ConvertEmptyStringsToNull.php(31): Illuminate\\Foundation\\Http\\Middleware\\TransformsRequest->handle(Object(Illuminate\\Http\\Request), Object(Closure))
#55 E:\\Productivity\\wamp64\\www\\laravel\\originality\\vendor\\laravel\\framework\\src\\Illuminate\\Pipeline\\Pipeline.php(219): Illuminate\\Foundation\\Http\\Middleware\\ConvertEmptyStringsToNull->handle(Object(Illuminate\\Http\\Request), Object(Closure))
#56 E:\\Productivity\\wamp64\\www\\laravel\\originality\\vendor\\laravel\\framework\\src\\Illuminate\\Foundation\\Http\\Middleware\\TransformsRequest.php(21): Illuminate\\Pipeline\\Pipeline->Illuminate\\Pipeline\\{closure}(Object(Illuminate\\Http\\Request))
#57 E:\\Productivity\\wamp64\\www\\laravel\\originality\\vendor\\laravel\\framework\\src\\Illuminate\\Foundation\\Http\\Middleware\\TrimStrings.php(51): Illuminate\\Foundation\\Http\\Middleware\\TransformsRequest->handle(Object(Illuminate\\Http\\Request), Object(Closure))
#58 E:\\Productivity\\wamp64\\www\\laravel\\originality\\vendor\\laravel\\framework\\src\\Illuminate\\Pipeline\\Pipeline.php(219): Illuminate\\Foundation\\Http\\Middleware\\TrimStrings->handle(Object(Illuminate\\Http\\Request), Object(Closure))
#59 E:\\Productivity\\wamp64\\www\\laravel\\originality\\vendor\\laravel\\framework\\src\\Illuminate\\Http\\Middleware\\ValidatePostSize.php(27): Illuminate\\Pipeline\\Pipeline->Illuminate\\Pipeline\\{closure}(Object(Illuminate\\Http\\Request))
#60 E:\\Productivity\\wamp64\\www\\laravel\\originality\\vendor\\laravel\\framework\\src\\Illuminate\\Pipeline\\Pipeline.php(219): Illuminate\\Http\\Middleware\\ValidatePostSize->handle(Object(Illuminate\\Http\\Request), Object(Closure))
#61 E:\\Productivity\\wamp64\\www\\laravel\\originality\\vendor\\laravel\\framework\\src\\Illuminate\\Foundation\\Http\\Middleware\\PreventRequestsDuringMaintenance.php(109): Illuminate\\Pipeline\\Pipeline->Illuminate\\Pipeline\\{closure}(Object(Illuminate\\Http\\Request))
#62 E:\\Productivity\\wamp64\\www\\laravel\\originality\\vendor\\laravel\\framework\\src\\Illuminate\\Pipeline\\Pipeline.php(219): Illuminate\\Foundation\\Http\\Middleware\\PreventRequestsDuringMaintenance->handle(Object(Illuminate\\Http\\Request), Object(Closure))
#63 E:\\Productivity\\wamp64\\www\\laravel\\originality\\vendor\\laravel\\framework\\src\\Illuminate\\Http\\Middleware\\HandleCors.php(48): Illuminate\\Pipeline\\Pipeline->Illuminate\\Pipeline\\{closure}(Object(Illuminate\\Http\\Request))
#64 E:\\Productivity\\wamp64\\www\\laravel\\originality\\vendor\\laravel\\framework\\src\\Illuminate\\Pipeline\\Pipeline.php(219): Illuminate\\Http\\Middleware\\HandleCors->handle(Object(Illuminate\\Http\\Request), Object(Closure))
#65 E:\\Productivity\\wamp64\\www\\laravel\\originality\\vendor\\laravel\\framework\\src\\Illuminate\\Http\\Middleware\\TrustProxies.php(58): Illuminate\\Pipeline\\Pipeline->Illuminate\\Pipeline\\{closure}(Object(Illuminate\\Http\\Request))
#66 E:\\Productivity\\wamp64\\www\\laravel\\originality\\vendor\\laravel\\framework\\src\\Illuminate\\Pipeline\\Pipeline.php(219): Illuminate\\Http\\Middleware\\TrustProxies->handle(Object(Illuminate\\Http\\Request), Object(Closure))
#67 E:\\Productivity\\wamp64\\www\\laravel\\originality\\vendor\\laravel\\framework\\src\\Illuminate\\Foundation\\Http\\Middleware\\InvokeDeferredCallbacks.php(22): Illuminate\\Pipeline\\Pipeline->Illuminate\\Pipeline\\{closure}(Object(Illuminate\\Http\\Request))
#68 E:\\Productivity\\wamp64\\www\\laravel\\originality\\vendor\\laravel\\framework\\src\\Illuminate\\Pipeline\\Pipeline.php(219): Illuminate\\Foundation\\Http\\Middleware\\InvokeDeferredCallbacks->handle(Object(Illuminate\\Http\\Request), Object(Closure))
#69 E:\\Productivity\\wamp64\\www\\laravel\\originality\\vendor\\laravel\\framework\\src\\Illuminate\\Http\\Middleware\\ValidatePathEncoding.php(26): Illuminate\\Pipeline\\Pipeline->Illuminate\\Pipeline\\{closure}(Object(Illuminate\\Http\\Request))
#70 E:\\Productivity\\wamp64\\www\\laravel\\originality\\vendor\\laravel\\framework\\src\\Illuminate\\Pipeline\\Pipeline.php(219): Illuminate\\Http\\Middleware\\ValidatePathEncoding->handle(Object(Illuminate\\Http\\Request), Object(Closure))
#71 E:\\Productivity\\wamp64\\www\\laravel\\originality\\vendor\\laravel\\framework\\src\\Illuminate\\Pipeline\\Pipeline.php(137): Illuminate\\Pipeline\\Pipeline->Illuminate\\Pipeline\\{closure}(Object(Illuminate\\Http\\Request))
#72 E:\\Productivity\\wamp64\\www\\laravel\\originality\\vendor\\laravel\\framework\\src\\Illuminate\\Foundation\\Http\\Kernel.php(175): Illuminate\\Pipeline\\Pipeline->then(Object(Closure))
#73 E:\\Productivity\\wamp64\\www\\laravel\\originality\\vendor\\laravel\\framework\\src\\Illuminate\\Foundation\\Http\\Kernel.php(144): Illuminate\\Foundation\\Http\\Kernel->sendRequestThroughRouter(Object(Illuminate\\Http\\Request))
#74 E:\\Productivity\\wamp64\\www\\laravel\\originality\\vendor\\laravel\\framework\\src\\Illuminate\\Foundation\\Application.php(1220): Illuminate\\Foundation\\Http\\Kernel->handle(Object(Illuminate\\Http\\Request))
#75 E:\\Productivity\\wamp64\\www\\laravel\\originality\\public\\index.php(20): Illuminate\\Foundation\\Application->handleRequest(Object(Illuminate\\Http\\Request))
#76 E:\\Productivity\\wamp64\\www\\laravel\\originality\\vendor\\laravel\\framework\\src\\Illuminate\\Foundation\\resources\\server.php(23): require_once('E:\\\\Productivity...')
#77 {main}
"} 
[2025-09-09 04:15:15] local.ERROR: SQLSTATE[HY000]: General error: 1364 Field 'password' doesn't have a default value (Connection: mysql, SQL: insert into `users` (`email`, `name`, `updated_at`, `created_at`) values (developer@mail.com, Developer, 2025-09-09 04:15:15, 2025-09-09 04:15:15)) {"exception":"[object] (Illuminate\\Database\\QueryException(code: HY000): SQLSTATE[HY000]: General error: 1364 Field 'password' doesn't have a default value (Connection: mysql, SQL: insert into `users` (`email`, `name`, `updated_at`, `created_at`) values (developer@mail.com, Developer, 2025-09-09 04:15:15, 2025-09-09 04:15:15)) at E:\\Productivity\\wamp64\\www\\laravel\\originality\\vendor\\laravel\\framework\\src\\Illuminate\\Database\\Connection.php:824)
[stacktrace]
#0 E:\\Productivity\\wamp64\\www\\laravel\\originality\\vendor\\laravel\\framework\\src\\Illuminate\\Database\\Connection.php(778): Illuminate\\Database\\Connection->runQueryCallback('insert into `us...', Array, Object(Closure))
#1 E:\\Productivity\\wamp64\\www\\laravel\\originality\\vendor\\laravel\\framework\\src\\Illuminate\\Database\\MySqlConnection.php(42): Illuminate\\Database\\Connection->run('insert into `us...', Array, Object(Closure))
#2 E:\\Productivity\\wamp64\\www\\laravel\\originality\\vendor\\laravel\\framework\\src\\Illuminate\\Database\\Query\\Processors\\MySqlProcessor.php(35): Illuminate\\Database\\MySqlConnection->insert('insert into `us...', Array, 'id')
#3 E:\\Productivity\\wamp64\\www\\laravel\\originality\\vendor\\laravel\\framework\\src\\Illuminate\\Database\\Query\\Builder.php(3853): Illuminate\\Database\\Query\\Processors\\MySqlProcessor->processInsertGetId(Object(Illuminate\\Database\\Query\\Builder), 'insert into `us...', Array, 'id')
#4 E:\\Productivity\\wamp64\\www\\laravel\\originality\\vendor\\laravel\\framework\\src\\Illuminate\\Database\\Eloquent\\Builder.php(2220): Illuminate\\Database\\Query\\Builder->insertGetId(Array, 'id')
#5 E:\\Productivity\\wamp64\\www\\laravel\\originality\\vendor\\laravel\\framework\\src\\Illuminate\\Database\\Eloquent\\Model.php(1436): Illuminate\\Database\\Eloquent\\Builder->__call('insertGetId', Array)
#6 E:\\Productivity\\wamp64\\www\\laravel\\originality\\vendor\\laravel\\framework\\src\\Illuminate\\Database\\Eloquent\\Model.php(1401): Illuminate\\Database\\Eloquent\\Model->insertAndSetId(Object(Illuminate\\Database\\Eloquent\\Builder), Array)
#7 E:\\Productivity\\wamp64\\www\\laravel\\originality\\vendor\\laravel\\framework\\src\\Illuminate\\Database\\Eloquent\\Model.php(1240): Illuminate\\Database\\Eloquent\\Model->performInsert(Object(Illuminate\\Database\\Eloquent\\Builder))
#8 E:\\Productivity\\wamp64\\www\\laravel\\originality\\vendor\\laravel\\framework\\src\\Illuminate\\Database\\Eloquent\\Builder.php(1204): Illuminate\\Database\\Eloquent\\Model->save()
#9 E:\\Productivity\\wamp64\\www\\laravel\\originality\\vendor\\laravel\\framework\\src\\Illuminate\\Support\\helpers.php(390): Illuminate\\Database\\Eloquent\\Builder->Illuminate\\Database\\Eloquent\\{closure}(Object(App\\Models\\User))
#10 E:\\Productivity\\wamp64\\www\\laravel\\originality\\vendor\\laravel\\framework\\src\\Illuminate\\Database\\Eloquent\\Builder.php(1203): tap(Object(App\\Models\\User), Object(Closure))
#11 E:\\Productivity\\wamp64\\www\\laravel\\originality\\vendor\\laravel\\framework\\src\\Illuminate\\Database\\Eloquent\\Builder.php(710): Illuminate\\Database\\Eloquent\\Builder->create(Array)
#12 E:\\Productivity\\wamp64\\www\\laravel\\originality\\vendor\\laravel\\framework\\src\\Illuminate\\Database\\Eloquent\\Builder.php(1944): Illuminate\\Database\\Eloquent\\Builder->Illuminate\\Database\\Eloquent\\{closure}()
#13 E:\\Productivity\\wamp64\\www\\laravel\\originality\\vendor\\laravel\\framework\\src\\Illuminate\\Database\\Eloquent\\Builder.php(710): Illuminate\\Database\\Eloquent\\Builder->withSavepointIfNeeded(Object(Closure))
#14 E:\\Productivity\\wamp64\\www\\laravel\\originality\\vendor\\laravel\\framework\\src\\Illuminate\\Database\\Eloquent\\Builder.php(697): Illuminate\\Database\\Eloquent\\Builder->createOrFirst(Array, Array)
#15 E:\\Productivity\\wamp64\\www\\laravel\\originality\\vendor\\laravel\\framework\\src\\Illuminate\\Database\\Eloquent\\Builder.php(725): Illuminate\\Database\\Eloquent\\Builder->firstOrCreate(Array, Array)
#16 E:\\Productivity\\wamp64\\www\\laravel\\originality\\vendor\\laravel\\framework\\src\\Illuminate\\Support\\Traits\\ForwardsCalls.php(23): Illuminate\\Database\\Eloquent\\Builder->updateOrCreate(Array, Array)
#17 E:\\Productivity\\wamp64\\www\\laravel\\originality\\vendor\\laravel\\framework\\src\\Illuminate\\Database\\Eloquent\\Model.php(2540): Illuminate\\Database\\Eloquent\\Model->forwardCallTo(Object(Illuminate\\Database\\Eloquent\\Builder), 'updateOrCreate', Array)
#18 E:\\Productivity\\wamp64\\www\\laravel\\originality\\vendor\\laravel\\framework\\src\\Illuminate\\Database\\Eloquent\\Model.php(2556): Illuminate\\Database\\Eloquent\\Model->__call('updateOrCreate', Array)
#19 E:\\Productivity\\wamp64\\www\\laravel\\originality\\app\\Livewire\\Auth\\LoginForm.php(36): Illuminate\\Database\\Eloquent\\Model::__callStatic('updateOrCreate', Array)
#20 E:\\Productivity\\wamp64\\www\\laravel\\originality\\vendor\\laravel\\framework\\src\\Illuminate\\Container\\BoundMethod.php(36): App\\Livewire\\Auth\\LoginForm->login()
#21 E:\\Productivity\\wamp64\\www\\laravel\\originality\\vendor\\laravel\\framework\\src\\Illuminate\\Container\\Util.php(43): Illuminate\\Container\\BoundMethod::Illuminate\\Container\\{closure}()
#22 E:\\Productivity\\wamp64\\www\\laravel\\originality\\vendor\\laravel\\framework\\src\\Illuminate\\Container\\BoundMethod.php(96): Illuminate\\Container\\Util::unwrapIfClosure(Object(Closure))
#23 E:\\Productivity\\wamp64\\www\\laravel\\originality\\vendor\\laravel\\framework\\src\\Illuminate\\Container\\BoundMethod.php(35): Illuminate\\Container\\BoundMethod::callBoundMethod(Object(Illuminate\\Foundation\\Application), Array, Object(Closure))
#24 E:\\Productivity\\wamp64\\www\\laravel\\originality\\vendor\\livewire\\livewire\\src\\Wrapped.php(23): Illuminate\\Container\\BoundMethod::call(Object(Illuminate\\Foundation\\Application), Array, Array)
#25 E:\\Productivity\\wamp64\\www\\laravel\\originality\\vendor\\livewire\\livewire\\src\\Mechanisms\\HandleComponents\\HandleComponents.php(492): Livewire\\Wrapped->__call('login', Array)
#26 E:\\Productivity\\wamp64\\www\\laravel\\originality\\vendor\\livewire\\livewire\\src\\Mechanisms\\HandleComponents\\HandleComponents.php(101): Livewire\\Mechanisms\\HandleComponents\\HandleComponents->callMethods(Object(App\\Livewire\\Auth\\LoginForm), Array, Object(Livewire\\Mechanisms\\HandleComponents\\ComponentContext))
#27 E:\\Productivity\\wamp64\\www\\laravel\\originality\\vendor\\livewire\\livewire\\src\\LivewireManager.php(102): Livewire\\Mechanisms\\HandleComponents\\HandleComponents->update(Array, Array, Array)
#28 E:\\Productivity\\wamp64\\www\\laravel\\originality\\vendor\\livewire\\livewire\\src\\Mechanisms\\HandleRequests\\HandleRequests.php(94): Livewire\\LivewireManager->update(Array, Array, Array)
#29 E:\\Productivity\\wamp64\\www\\laravel\\originality\\vendor\\laravel\\framework\\src\\Illuminate\\Routing\\ControllerDispatcher.php(46): Livewire\\Mechanisms\\HandleRequests\\HandleRequests->handleUpdate()
#30 E:\\Productivity\\wamp64\\www\\laravel\\originality\\vendor\\laravel\\framework\\src\\Illuminate\\Routing\\Route.php(265): Illuminate\\Routing\\ControllerDispatcher->dispatch(Object(Illuminate\\Routing\\Route), Object(Livewire\\Mechanisms\\HandleRequests\\HandleRequests), 'handleUpdate')
#31 E:\\Productivity\\wamp64\\www\\laravel\\originality\\vendor\\laravel\\framework\\src\\Illuminate\\Routing\\Route.php(211): Illuminate\\Routing\\Route->runController()
#32 E:\\Productivity\\wamp64\\www\\laravel\\originality\\vendor\\laravel\\framework\\src\\Illuminate\\Routing\\Router.php(822): Illuminate\\Routing\\Route->run()
#33 E:\\Productivity\\wamp64\\www\\laravel\\originality\\vendor\\laravel\\framework\\src\\Illuminate\\Pipeline\\Pipeline.php(180): Illuminate\\Routing\\Router->Illuminate\\Routing\\{closure}(Object(Illuminate\\Http\\Request))
#34 E:\\Productivity\\wamp64\\www\\laravel\\originality\\vendor\\laravel\\framework\\src\\Illuminate\\Routing\\Middleware\\SubstituteBindings.php(50): Illuminate\\Pipeline\\Pipeline->Illuminate\\Pipeline\\{closure}(Object(Illuminate\\Http\\Request))
#35 E:\\Productivity\\wamp64\\www\\laravel\\originality\\vendor\\laravel\\framework\\src\\Illuminate\\Pipeline\\Pipeline.php(219): Illuminate\\Routing\\Middleware\\SubstituteBindings->handle(Object(Illuminate\\Http\\Request), Object(Closure))
#36 E:\\Productivity\\wamp64\\www\\laravel\\originality\\vendor\\laravel\\framework\\src\\Illuminate\\Foundation\\Http\\Middleware\\VerifyCsrfToken.php(87): Illuminate\\Pipeline\\Pipeline->Illuminate\\Pipeline\\{closure}(Object(Illuminate\\Http\\Request))
#37 E:\\Productivity\\wamp64\\www\\laravel\\originality\\vendor\\laravel\\framework\\src\\Illuminate\\Pipeline\\Pipeline.php(219): Illuminate\\Foundation\\Http\\Middleware\\VerifyCsrfToken->handle(Object(Illuminate\\Http\\Request), Object(Closure))
#38 E:\\Productivity\\wamp64\\www\\laravel\\originality\\vendor\\laravel\\framework\\src\\Illuminate\\View\\Middleware\\ShareErrorsFromSession.php(48): Illuminate\\Pipeline\\Pipeline->Illuminate\\Pipeline\\{closure}(Object(Illuminate\\Http\\Request))
#39 E:\\Productivity\\wamp64\\www\\laravel\\originality\\vendor\\laravel\\framework\\src\\Illuminate\\Pipeline\\Pipeline.php(219): Illuminate\\View\\Middleware\\ShareErrorsFromSession->handle(Object(Illuminate\\Http\\Request), Object(Closure))
#40 E:\\Productivity\\wamp64\\www\\laravel\\originality\\vendor\\laravel\\framework\\src\\Illuminate\\Session\\Middleware\\StartSession.php(120): Illuminate\\Pipeline\\Pipeline->Illuminate\\Pipeline\\{closure}(Object(Illuminate\\Http\\Request))
#41 E:\\Productivity\\wamp64\\www\\laravel\\originality\\vendor\\laravel\\framework\\src\\Illuminate\\Session\\Middleware\\StartSession.php(63): Illuminate\\Session\\Middleware\\StartSession->handleStatefulRequest(Object(Illuminate\\Http\\Request), Object(Illuminate\\Session\\Store), Object(Closure))
#42 E:\\Productivity\\wamp64\\www\\laravel\\originality\\vendor\\laravel\\framework\\src\\Illuminate\\Pipeline\\Pipeline.php(219): Illuminate\\Session\\Middleware\\StartSession->handle(Object(Illuminate\\Http\\Request), Object(Closure))
#43 E:\\Productivity\\wamp64\\www\\laravel\\originality\\vendor\\laravel\\framework\\src\\Illuminate\\Cookie\\Middleware\\AddQueuedCookiesToResponse.php(36): Illuminate\\Pipeline\\Pipeline->Illuminate\\Pipeline\\{closure}(Object(Illuminate\\Http\\Request))
#44 E:\\Productivity\\wamp64\\www\\laravel\\originality\\vendor\\laravel\\framework\\src\\Illuminate\\Pipeline\\Pipeline.php(219): Illuminate\\Cookie\\Middleware\\AddQueuedCookiesToResponse->handle(Object(Illuminate\\Http\\Request), Object(Closure))
#45 E:\\Productivity\\wamp64\\www\\laravel\\originality\\vendor\\laravel\\framework\\src\\Illuminate\\Cookie\\Middleware\\EncryptCookies.php(74): Illuminate\\Pipeline\\Pipeline->Illuminate\\Pipeline\\{closure}(Object(Illuminate\\Http\\Request))
#46 E:\\Productivity\\wamp64\\www\\laravel\\originality\\vendor\\laravel\\framework\\src\\Illuminate\\Pipeline\\Pipeline.php(219): Illuminate\\Cookie\\Middleware\\EncryptCookies->handle(Object(Illuminate\\Http\\Request), Object(Closure))
#47 E:\\Productivity\\wamp64\\www\\laravel\\originality\\vendor\\laravel\\framework\\src\\Illuminate\\Pipeline\\Pipeline.php(137): Illuminate\\Pipeline\\Pipeline->Illuminate\\Pipeline\\{closure}(Object(Illuminate\\Http\\Request))
#48 E:\\Productivity\\wamp64\\www\\laravel\\originality\\vendor\\laravel\\framework\\src\\Illuminate\\Routing\\Router.php(821): Illuminate\\Pipeline\\Pipeline->then(Object(Closure))
#49 E:\\Productivity\\wamp64\\www\\laravel\\originality\\vendor\\laravel\\framework\\src\\Illuminate\\Routing\\Router.php(800): Illuminate\\Routing\\Router->runRouteWithinStack(Object(Illuminate\\Routing\\Route), Object(Illuminate\\Http\\Request))
#50 E:\\Productivity\\wamp64\\www\\laravel\\originality\\vendor\\laravel\\framework\\src\\Illuminate\\Routing\\Router.php(764): Illuminate\\Routing\\Router->runRoute(Object(Illuminate\\Http\\Request), Object(Illuminate\\Routing\\Route))
#51 E:\\Productivity\\wamp64\\www\\laravel\\originality\\vendor\\laravel\\framework\\src\\Illuminate\\Routing\\Router.php(753): Illuminate\\Routing\\Router->dispatchToRoute(Object(Illuminate\\Http\\Request))
#52 E:\\Productivity\\wamp64\\www\\laravel\\originality\\vendor\\laravel\\framework\\src\\Illuminate\\Foundation\\Http\\Kernel.php(200): Illuminate\\Routing\\Router->dispatch(Object(Illuminate\\Http\\Request))
#53 E:\\Productivity\\wamp64\\www\\laravel\\originality\\vendor\\laravel\\framework\\src\\Illuminate\\Pipeline\\Pipeline.php(180): Illuminate\\Foundation\\Http\\Kernel->Illuminate\\Foundation\\Http\\{closure}(Object(Illuminate\\Http\\Request))
#54 E:\\Productivity\\wamp64\\www\\laravel\\originality\\vendor\\livewire\\livewire\\src\\Features\\SupportDisablingBackButtonCache\\DisableBackButtonCacheMiddleware.php(19): Illuminate\\Pipeline\\Pipeline->Illuminate\\Pipeline\\{closure}(Object(Illuminate\\Http\\Request))
#55 E:\\Productivity\\wamp64\\www\\laravel\\originality\\vendor\\laravel\\framework\\src\\Illuminate\\Pipeline\\Pipeline.php(219): Livewire\\Features\\SupportDisablingBackButtonCache\\DisableBackButtonCacheMiddleware->handle(Object(Illuminate\\Http\\Request), Object(Closure))
#56 E:\\Productivity\\wamp64\\www\\laravel\\originality\\vendor\\laravel\\framework\\src\\Illuminate\\Foundation\\Http\\Middleware\\ConvertEmptyStringsToNull.php(27): Illuminate\\Pipeline\\Pipeline->Illuminate\\Pipeline\\{closure}(Object(Illuminate\\Http\\Request))
#57 E:\\Productivity\\wamp64\\www\\laravel\\originality\\vendor\\laravel\\framework\\src\\Illuminate\\Pipeline\\Pipeline.php(219): Illuminate\\Foundation\\Http\\Middleware\\ConvertEmptyStringsToNull->handle(Object(Illuminate\\Http\\Request), Object(Closure))
#58 E:\\Productivity\\wamp64\\www\\laravel\\originality\\vendor\\laravel\\framework\\src\\Illuminate\\Foundation\\Http\\Middleware\\TrimStrings.php(47): Illuminate\\Pipeline\\Pipeline->Illuminate\\Pipeline\\{closure}(Object(Illuminate\\Http\\Request))
#59 E:\\Productivity\\wamp64\\www\\laravel\\originality\\vendor\\laravel\\framework\\src\\Illuminate\\Pipeline\\Pipeline.php(219): Illuminate\\Foundation\\Http\\Middleware\\TrimStrings->handle(Object(Illuminate\\Http\\Request), Object(Closure))
#60 E:\\Productivity\\wamp64\\www\\laravel\\originality\\vendor\\laravel\\framework\\src\\Illuminate\\Http\\Middleware\\ValidatePostSize.php(27): Illuminate\\Pipeline\\Pipeline->Illuminate\\Pipeline\\{closure}(Object(Illuminate\\Http\\Request))
#61 E:\\Productivity\\wamp64\\www\\laravel\\originality\\vendor\\laravel\\framework\\src\\Illuminate\\Pipeline\\Pipeline.php(219): Illuminate\\Http\\Middleware\\ValidatePostSize->handle(Object(Illuminate\\Http\\Request), Object(Closure))
#62 E:\\Productivity\\wamp64\\www\\laravel\\originality\\vendor\\laravel\\framework\\src\\Illuminate\\Foundation\\Http\\Middleware\\PreventRequestsDuringMaintenance.php(109): Illuminate\\Pipeline\\Pipeline->Illuminate\\Pipeline\\{closure}(Object(Illuminate\\Http\\Request))
#63 E:\\Productivity\\wamp64\\www\\laravel\\originality\\vendor\\laravel\\framework\\src\\Illuminate\\Pipeline\\Pipeline.php(219): Illuminate\\Foundation\\Http\\Middleware\\PreventRequestsDuringMaintenance->handle(Object(Illuminate\\Http\\Request), Object(Closure))
#64 E:\\Productivity\\wamp64\\www\\laravel\\originality\\vendor\\laravel\\framework\\src\\Illuminate\\Http\\Middleware\\HandleCors.php(48): Illuminate\\Pipeline\\Pipeline->Illuminate\\Pipeline\\{closure}(Object(Illuminate\\Http\\Request))
#65 E:\\Productivity\\wamp64\\www\\laravel\\originality\\vendor\\laravel\\framework\\src\\Illuminate\\Pipeline\\Pipeline.php(219): Illuminate\\Http\\Middleware\\HandleCors->handle(Object(Illuminate\\Http\\Request), Object(Closure))
#66 E:\\Productivity\\wamp64\\www\\laravel\\originality\\vendor\\laravel\\framework\\src\\Illuminate\\Http\\Middleware\\TrustProxies.php(58): Illuminate\\Pipeline\\Pipeline->Illuminate\\Pipeline\\{closure}(Object(Illuminate\\Http\\Request))
#67 E:\\Productivity\\wamp64\\www\\laravel\\originality\\vendor\\laravel\\framework\\src\\Illuminate\\Pipeline\\Pipeline.php(219): Illuminate\\Http\\Middleware\\TrustProxies->handle(Object(Illuminate\\Http\\Request), Object(Closure))
#68 E:\\Productivity\\wamp64\\www\\laravel\\originality\\vendor\\laravel\\framework\\src\\Illuminate\\Foundation\\Http\\Middleware\\InvokeDeferredCallbacks.php(22): Illuminate\\Pipeline\\Pipeline->Illuminate\\Pipeline\\{closure}(Object(Illuminate\\Http\\Request))
#69 E:\\Productivity\\wamp64\\www\\laravel\\originality\\vendor\\laravel\\framework\\src\\Illuminate\\Pipeline\\Pipeline.php(219): Illuminate\\Foundation\\Http\\Middleware\\InvokeDeferredCallbacks->handle(Object(Illuminate\\Http\\Request), Object(Closure))
#70 E:\\Productivity\\wamp64\\www\\laravel\\originality\\vendor\\laravel\\framework\\src\\Illuminate\\Http\\Middleware\\ValidatePathEncoding.php(26): Illuminate\\Pipeline\\Pipeline->Illuminate\\Pipeline\\{closure}(Object(Illuminate\\Http\\Request))
#71 E:\\Productivity\\wamp64\\www\\laravel\\originality\\vendor\\laravel\\framework\\src\\Illuminate\\Pipeline\\Pipeline.php(219): Illuminate\\Http\\Middleware\\ValidatePathEncoding->handle(Object(Illuminate\\Http\\Request), Object(Closure))
#72 E:\\Productivity\\wamp64\\www\\laravel\\originality\\vendor\\laravel\\framework\\src\\Illuminate\\Pipeline\\Pipeline.php(137): Illuminate\\Pipeline\\Pipeline->Illuminate\\Pipeline\\{closure}(Object(Illuminate\\Http\\Request))
#73 E:\\Productivity\\wamp64\\www\\laravel\\originality\\vendor\\laravel\\framework\\src\\Illuminate\\Foundation\\Http\\Kernel.php(175): Illuminate\\Pipeline\\Pipeline->then(Object(Closure))
#74 E:\\Productivity\\wamp64\\www\\laravel\\originality\\vendor\\laravel\\framework\\src\\Illuminate\\Foundation\\Http\\Kernel.php(144): Illuminate\\Foundation\\Http\\Kernel->sendRequestThroughRouter(Object(Illuminate\\Http\\Request))
#75 E:\\Productivity\\wamp64\\www\\laravel\\originality\\vendor\\laravel\\framework\\src\\Illuminate\\Foundation\\Application.php(1220): Illuminate\\Foundation\\Http\\Kernel->handle(Object(Illuminate\\Http\\Request))
#76 E:\\Productivity\\wamp64\\www\\laravel\\originality\\public\\index.php(20): Illuminate\\Foundation\\Application->handleRequest(Object(Illuminate\\Http\\Request))
#77 E:\\Productivity\\wamp64\\www\\laravel\\originality\\vendor\\laravel\\framework\\src\\Illuminate\\Foundation\\resources\\server.php(23): require_once('E:\\\\Productivity...')
#78 {main}

[previous exception] [object] (PDOException(code: HY000): SQLSTATE[HY000]: General error: 1364 Field 'password' doesn't have a default value at E:\\Productivity\\wamp64\\www\\laravel\\originality\\vendor\\laravel\\framework\\src\\Illuminate\\Database\\MySqlConnection.php:53)
[stacktrace]
#0 E:\\Productivity\\wamp64\\www\\laravel\\originality\\vendor\\laravel\\framework\\src\\Illuminate\\Database\\MySqlConnection.php(53): PDOStatement->execute()
#1 E:\\Productivity\\wamp64\\www\\laravel\\originality\\vendor\\laravel\\framework\\src\\Illuminate\\Database\\Connection.php(811): Illuminate\\Database\\MySqlConnection->Illuminate\\Database\\{closure}('insert into `us...', Array)
#2 E:\\Productivity\\wamp64\\www\\laravel\\originality\\vendor\\laravel\\framework\\src\\Illuminate\\Database\\Connection.php(778): Illuminate\\Database\\Connection->runQueryCallback('insert into `us...', Array, Object(Closure))
#3 E:\\Productivity\\wamp64\\www\\laravel\\originality\\vendor\\laravel\\framework\\src\\Illuminate\\Database\\MySqlConnection.php(42): Illuminate\\Database\\Connection->run('insert into `us...', Array, Object(Closure))
#4 E:\\Productivity\\wamp64\\www\\laravel\\originality\\vendor\\laravel\\framework\\src\\Illuminate\\Database\\Query\\Processors\\MySqlProcessor.php(35): Illuminate\\Database\\MySqlConnection->insert('insert into `us...', Array, 'id')
#5 E:\\Productivity\\wamp64\\www\\laravel\\originality\\vendor\\laravel\\framework\\src\\Illuminate\\Database\\Query\\Builder.php(3853): Illuminate\\Database\\Query\\Processors\\MySqlProcessor->processInsertGetId(Object(Illuminate\\Database\\Query\\Builder), 'insert into `us...', Array, 'id')
#6 E:\\Productivity\\wamp64\\www\\laravel\\originality\\vendor\\laravel\\framework\\src\\Illuminate\\Database\\Eloquent\\Builder.php(2220): Illuminate\\Database\\Query\\Builder->insertGetId(Array, 'id')
#7 E:\\Productivity\\wamp64\\www\\laravel\\originality\\vendor\\laravel\\framework\\src\\Illuminate\\Database\\Eloquent\\Model.php(1436): Illuminate\\Database\\Eloquent\\Builder->__call('insertGetId', Array)
#8 E:\\Productivity\\wamp64\\www\\laravel\\originality\\vendor\\laravel\\framework\\src\\Illuminate\\Database\\Eloquent\\Model.php(1401): Illuminate\\Database\\Eloquent\\Model->insertAndSetId(Object(Illuminate\\Database\\Eloquent\\Builder), Array)
#9 E:\\Productivity\\wamp64\\www\\laravel\\originality\\vendor\\laravel\\framework\\src\\Illuminate\\Database\\Eloquent\\Model.php(1240): Illuminate\\Database\\Eloquent\\Model->performInsert(Object(Illuminate\\Database\\Eloquent\\Builder))
#10 E:\\Productivity\\wamp64\\www\\laravel\\originality\\vendor\\laravel\\framework\\src\\Illuminate\\Database\\Eloquent\\Builder.php(1204): Illuminate\\Database\\Eloquent\\Model->save()
#11 E:\\Productivity\\wamp64\\www\\laravel\\originality\\vendor\\laravel\\framework\\src\\Illuminate\\Support\\helpers.php(390): Illuminate\\Database\\Eloquent\\Builder->Illuminate\\Database\\Eloquent\\{closure}(Object(App\\Models\\User))
#12 E:\\Productivity\\wamp64\\www\\laravel\\originality\\vendor\\laravel\\framework\\src\\Illuminate\\Database\\Eloquent\\Builder.php(1203): tap(Object(App\\Models\\User), Object(Closure))
#13 E:\\Productivity\\wamp64\\www\\laravel\\originality\\vendor\\laravel\\framework\\src\\Illuminate\\Database\\Eloquent\\Builder.php(710): Illuminate\\Database\\Eloquent\\Builder->create(Array)
#14 E:\\Productivity\\wamp64\\www\\laravel\\originality\\vendor\\laravel\\framework\\src\\Illuminate\\Database\\Eloquent\\Builder.php(1944): Illuminate\\Database\\Eloquent\\Builder->Illuminate\\Database\\Eloquent\\{closure}()
#15 E:\\Productivity\\wamp64\\www\\laravel\\originality\\vendor\\laravel\\framework\\src\\Illuminate\\Database\\Eloquent\\Builder.php(710): Illuminate\\Database\\Eloquent\\Builder->withSavepointIfNeeded(Object(Closure))
#16 E:\\Productivity\\wamp64\\www\\laravel\\originality\\vendor\\laravel\\framework\\src\\Illuminate\\Database\\Eloquent\\Builder.php(697): Illuminate\\Database\\Eloquent\\Builder->createOrFirst(Array, Array)
#17 E:\\Productivity\\wamp64\\www\\laravel\\originality\\vendor\\laravel\\framework\\src\\Illuminate\\Database\\Eloquent\\Builder.php(725): Illuminate\\Database\\Eloquent\\Builder->firstOrCreate(Array, Array)
#18 E:\\Productivity\\wamp64\\www\\laravel\\originality\\vendor\\laravel\\framework\\src\\Illuminate\\Support\\Traits\\ForwardsCalls.php(23): Illuminate\\Database\\Eloquent\\Builder->updateOrCreate(Array, Array)
#19 E:\\Productivity\\wamp64\\www\\laravel\\originality\\vendor\\laravel\\framework\\src\\Illuminate\\Database\\Eloquent\\Model.php(2540): Illuminate\\Database\\Eloquent\\Model->forwardCallTo(Object(Illuminate\\Database\\Eloquent\\Builder), 'updateOrCreate', Array)
#20 E:\\Productivity\\wamp64\\www\\laravel\\originality\\vendor\\laravel\\framework\\src\\Illuminate\\Database\\Eloquent\\Model.php(2556): Illuminate\\Database\\Eloquent\\Model->__call('updateOrCreate', Array)
#21 E:\\Productivity\\wamp64\\www\\laravel\\originality\\app\\Livewire\\Auth\\LoginForm.php(36): Illuminate\\Database\\Eloquent\\Model::__callStatic('updateOrCreate', Array)
#22 E:\\Productivity\\wamp64\\www\\laravel\\originality\\vendor\\laravel\\framework\\src\\Illuminate\\Container\\BoundMethod.php(36): App\\Livewire\\Auth\\LoginForm->login()
#23 E:\\Productivity\\wamp64\\www\\laravel\\originality\\vendor\\laravel\\framework\\src\\Illuminate\\Container\\Util.php(43): Illuminate\\Container\\BoundMethod::Illuminate\\Container\\{closure}()
#24 E:\\Productivity\\wamp64\\www\\laravel\\originality\\vendor\\laravel\\framework\\src\\Illuminate\\Container\\BoundMethod.php(96): Illuminate\\Container\\Util::unwrapIfClosure(Object(Closure))
#25 E:\\Productivity\\wamp64\\www\\laravel\\originality\\vendor\\laravel\\framework\\src\\Illuminate\\Container\\BoundMethod.php(35): Illuminate\\Container\\BoundMethod::callBoundMethod(Object(Illuminate\\Foundation\\Application), Array, Object(Closure))
#26 E:\\Productivity\\wamp64\\www\\laravel\\originality\\vendor\\livewire\\livewire\\src\\Wrapped.php(23): Illuminate\\Container\\BoundMethod::call(Object(Illuminate\\Foundation\\Application), Array, Array)
#27 E:\\Productivity\\wamp64\\www\\laravel\\originality\\vendor\\livewire\\livewire\\src\\Mechanisms\\HandleComponents\\HandleComponents.php(492): Livewire\\Wrapped->__call('login', Array)
#28 E:\\Productivity\\wamp64\\www\\laravel\\originality\\vendor\\livewire\\livewire\\src\\Mechanisms\\HandleComponents\\HandleComponents.php(101): Livewire\\Mechanisms\\HandleComponents\\HandleComponents->callMethods(Object(App\\Livewire\\Auth\\LoginForm), Array, Object(Livewire\\Mechanisms\\HandleComponents\\ComponentContext))
#29 E:\\Productivity\\wamp64\\www\\laravel\\originality\\vendor\\livewire\\livewire\\src\\LivewireManager.php(102): Livewire\\Mechanisms\\HandleComponents\\HandleComponents->update(Array, Array, Array)
#30 E:\\Productivity\\wamp64\\www\\laravel\\originality\\vendor\\livewire\\livewire\\src\\Mechanisms\\HandleRequests\\HandleRequests.php(94): Livewire\\LivewireManager->update(Array, Array, Array)
#31 E:\\Productivity\\wamp64\\www\\laravel\\originality\\vendor\\laravel\\framework\\src\\Illuminate\\Routing\\ControllerDispatcher.php(46): Livewire\\Mechanisms\\HandleRequests\\HandleRequests->handleUpdate()
#32 E:\\Productivity\\wamp64\\www\\laravel\\originality\\vendor\\laravel\\framework\\src\\Illuminate\\Routing\\Route.php(265): Illuminate\\Routing\\ControllerDispatcher->dispatch(Object(Illuminate\\Routing\\Route), Object(Livewire\\Mechanisms\\HandleRequests\\HandleRequests), 'handleUpdate')
#33 E:\\Productivity\\wamp64\\www\\laravel\\originality\\vendor\\laravel\\framework\\src\\Illuminate\\Routing\\Route.php(211): Illuminate\\Routing\\Route->runController()
#34 E:\\Productivity\\wamp64\\www\\laravel\\originality\\vendor\\laravel\\framework\\src\\Illuminate\\Routing\\Router.php(822): Illuminate\\Routing\\Route->run()
#35 E:\\Productivity\\wamp64\\www\\laravel\\originality\\vendor\\laravel\\framework\\src\\Illuminate\\Pipeline\\Pipeline.php(180): Illuminate\\Routing\\Router->Illuminate\\Routing\\{closure}(Object(Illuminate\\Http\\Request))
#36 E:\\Productivity\\wamp64\\www\\laravel\\originality\\vendor\\laravel\\framework\\src\\Illuminate\\Routing\\Middleware\\SubstituteBindings.php(50): Illuminate\\Pipeline\\Pipeline->Illuminate\\Pipeline\\{closure}(Object(Illuminate\\Http\\Request))
#37 E:\\Productivity\\wamp64\\www\\laravel\\originality\\vendor\\laravel\\framework\\src\\Illuminate\\Pipeline\\Pipeline.php(219): Illuminate\\Routing\\Middleware\\SubstituteBindings->handle(Object(Illuminate\\Http\\Request), Object(Closure))
#38 E:\\Productivity\\wamp64\\www\\laravel\\originality\\vendor\\laravel\\framework\\src\\Illuminate\\Foundation\\Http\\Middleware\\VerifyCsrfToken.php(87): Illuminate\\Pipeline\\Pipeline->Illuminate\\Pipeline\\{closure}(Object(Illuminate\\Http\\Request))
#39 E:\\Productivity\\wamp64\\www\\laravel\\originality\\vendor\\laravel\\framework\\src\\Illuminate\\Pipeline\\Pipeline.php(219): Illuminate\\Foundation\\Http\\Middleware\\VerifyCsrfToken->handle(Object(Illuminate\\Http\\Request), Object(Closure))
#40 E:\\Productivity\\wamp64\\www\\laravel\\originality\\vendor\\laravel\\framework\\src\\Illuminate\\View\\Middleware\\ShareErrorsFromSession.php(48): Illuminate\\Pipeline\\Pipeline->Illuminate\\Pipeline\\{closure}(Object(Illuminate\\Http\\Request))
#41 E:\\Productivity\\wamp64\\www\\laravel\\originality\\vendor\\laravel\\framework\\src\\Illuminate\\Pipeline\\Pipeline.php(219): Illuminate\\View\\Middleware\\ShareErrorsFromSession->handle(Object(Illuminate\\Http\\Request), Object(Closure))
#42 E:\\Productivity\\wamp64\\www\\laravel\\originality\\vendor\\laravel\\framework\\src\\Illuminate\\Session\\Middleware\\StartSession.php(120): Illuminate\\Pipeline\\Pipeline->Illuminate\\Pipeline\\{closure}(Object(Illuminate\\Http\\Request))
#43 E:\\Productivity\\wamp64\\www\\laravel\\originality\\vendor\\laravel\\framework\\src\\Illuminate\\Session\\Middleware\\StartSession.php(63): Illuminate\\Session\\Middleware\\StartSession->handleStatefulRequest(Object(Illuminate\\Http\\Request), Object(Illuminate\\Session\\Store), Object(Closure))
#44 E:\\Productivity\\wamp64\\www\\laravel\\originality\\vendor\\laravel\\framework\\src\\Illuminate\\Pipeline\\Pipeline.php(219): Illuminate\\Session\\Middleware\\StartSession->handle(Object(Illuminate\\Http\\Request), Object(Closure))
#45 E:\\Productivity\\wamp64\\www\\laravel\\originality\\vendor\\laravel\\framework\\src\\Illuminate\\Cookie\\Middleware\\AddQueuedCookiesToResponse.php(36): Illuminate\\Pipeline\\Pipeline->Illuminate\\Pipeline\\{closure}(Object(Illuminate\\Http\\Request))
#46 E:\\Productivity\\wamp64\\www\\laravel\\originality\\vendor\\laravel\\framework\\src\\Illuminate\\Pipeline\\Pipeline.php(219): Illuminate\\Cookie\\Middleware\\AddQueuedCookiesToResponse->handle(Object(Illuminate\\Http\\Request), Object(Closure))
#47 E:\\Productivity\\wamp64\\www\\laravel\\originality\\vendor\\laravel\\framework\\src\\Illuminate\\Cookie\\Middleware\\EncryptCookies.php(74): Illuminate\\Pipeline\\Pipeline->Illuminate\\Pipeline\\{closure}(Object(Illuminate\\Http\\Request))
#48 E:\\Productivity\\wamp64\\www\\laravel\\originality\\vendor\\laravel\\framework\\src\\Illuminate\\Pipeline\\Pipeline.php(219): Illuminate\\Cookie\\Middleware\\EncryptCookies->handle(Object(Illuminate\\Http\\Request), Object(Closure))
#49 E:\\Productivity\\wamp64\\www\\laravel\\originality\\vendor\\laravel\\framework\\src\\Illuminate\\Pipeline\\Pipeline.php(137): Illuminate\\Pipeline\\Pipeline->Illuminate\\Pipeline\\{closure}(Object(Illuminate\\Http\\Request))
#50 E:\\Productivity\\wamp64\\www\\laravel\\originality\\vendor\\laravel\\framework\\src\\Illuminate\\Routing\\Router.php(821): Illuminate\\Pipeline\\Pipeline->then(Object(Closure))
#51 E:\\Productivity\\wamp64\\www\\laravel\\originality\\vendor\\laravel\\framework\\src\\Illuminate\\Routing\\Router.php(800): Illuminate\\Routing\\Router->runRouteWithinStack(Object(Illuminate\\Routing\\Route), Object(Illuminate\\Http\\Request))
#52 E:\\Productivity\\wamp64\\www\\laravel\\originality\\vendor\\laravel\\framework\\src\\Illuminate\\Routing\\Router.php(764): Illuminate\\Routing\\Router->runRoute(Object(Illuminate\\Http\\Request), Object(Illuminate\\Routing\\Route))
#53 E:\\Productivity\\wamp64\\www\\laravel\\originality\\vendor\\laravel\\framework\\src\\Illuminate\\Routing\\Router.php(753): Illuminate\\Routing\\Router->dispatchToRoute(Object(Illuminate\\Http\\Request))
#54 E:\\Productivity\\wamp64\\www\\laravel\\originality\\vendor\\laravel\\framework\\src\\Illuminate\\Foundation\\Http\\Kernel.php(200): Illuminate\\Routing\\Router->dispatch(Object(Illuminate\\Http\\Request))
#55 E:\\Productivity\\wamp64\\www\\laravel\\originality\\vendor\\laravel\\framework\\src\\Illuminate\\Pipeline\\Pipeline.php(180): Illuminate\\Foundation\\Http\\Kernel->Illuminate\\Foundation\\Http\\{closure}(Object(Illuminate\\Http\\Request))
#56 E:\\Productivity\\wamp64\\www\\laravel\\originality\\vendor\\livewire\\livewire\\src\\Features\\SupportDisablingBackButtonCache\\DisableBackButtonCacheMiddleware.php(19): Illuminate\\Pipeline\\Pipeline->Illuminate\\Pipeline\\{closure}(Object(Illuminate\\Http\\Request))
#57 E:\\Productivity\\wamp64\\www\\laravel\\originality\\vendor\\laravel\\framework\\src\\Illuminate\\Pipeline\\Pipeline.php(219): Livewire\\Features\\SupportDisablingBackButtonCache\\DisableBackButtonCacheMiddleware->handle(Object(Illuminate\\Http\\Request), Object(Closure))
#58 E:\\Productivity\\wamp64\\www\\laravel\\originality\\vendor\\laravel\\framework\\src\\Illuminate\\Foundation\\Http\\Middleware\\ConvertEmptyStringsToNull.php(27): Illuminate\\Pipeline\\Pipeline->Illuminate\\Pipeline\\{closure}(Object(Illuminate\\Http\\Request))
#59 E:\\Productivity\\wamp64\\www\\laravel\\originality\\vendor\\laravel\\framework\\src\\Illuminate\\Pipeline\\Pipeline.php(219): Illuminate\\Foundation\\Http\\Middleware\\ConvertEmptyStringsToNull->handle(Object(Illuminate\\Http\\Request), Object(Closure))
#60 E:\\Productivity\\wamp64\\www\\laravel\\originality\\vendor\\laravel\\framework\\src\\Illuminate\\Foundation\\Http\\Middleware\\TrimStrings.php(47): Illuminate\\Pipeline\\Pipeline->Illuminate\\Pipeline\\{closure}(Object(Illuminate\\Http\\Request))
#61 E:\\Productivity\\wamp64\\www\\laravel\\originality\\vendor\\laravel\\framework\\src\\Illuminate\\Pipeline\\Pipeline.php(219): Illuminate\\Foundation\\Http\\Middleware\\TrimStrings->handle(Object(Illuminate\\Http\\Request), Object(Closure))
#62 E:\\Productivity\\wamp64\\www\\laravel\\originality\\vendor\\laravel\\framework\\src\\Illuminate\\Http\\Middleware\\ValidatePostSize.php(27): Illuminate\\Pipeline\\Pipeline->Illuminate\\Pipeline\\{closure}(Object(Illuminate\\Http\\Request))
#63 E:\\Productivity\\wamp64\\www\\laravel\\originality\\vendor\\laravel\\framework\\src\\Illuminate\\Pipeline\\Pipeline.php(219): Illuminate\\Http\\Middleware\\ValidatePostSize->handle(Object(Illuminate\\Http\\Request), Object(Closure))
#64 E:\\Productivity\\wamp64\\www\\laravel\\originality\\vendor\\laravel\\framework\\src\\Illuminate\\Foundation\\Http\\Middleware\\PreventRequestsDuringMaintenance.php(109): Illuminate\\Pipeline\\Pipeline->Illuminate\\Pipeline\\{closure}(Object(Illuminate\\Http\\Request))
#65 E:\\Productivity\\wamp64\\www\\laravel\\originality\\vendor\\laravel\\framework\\src\\Illuminate\\Pipeline\\Pipeline.php(219): Illuminate\\Foundation\\Http\\Middleware\\PreventRequestsDuringMaintenance->handle(Object(Illuminate\\Http\\Request), Object(Closure))
#66 E:\\Productivity\\wamp64\\www\\laravel\\originality\\vendor\\laravel\\framework\\src\\Illuminate\\Http\\Middleware\\HandleCors.php(48): Illuminate\\Pipeline\\Pipeline->Illuminate\\Pipeline\\{closure}(Object(Illuminate\\Http\\Request))
#67 E:\\Productivity\\wamp64\\www\\laravel\\originality\\vendor\\laravel\\framework\\src\\Illuminate\\Pipeline\\Pipeline.php(219): Illuminate\\Http\\Middleware\\HandleCors->handle(Object(Illuminate\\Http\\Request), Object(Closure))
#68 E:\\Productivity\\wamp64\\www\\laravel\\originality\\vendor\\laravel\\framework\\src\\Illuminate\\Http\\Middleware\\TrustProxies.php(58): Illuminate\\Pipeline\\Pipeline->Illuminate\\Pipeline\\{closure}(Object(Illuminate\\Http\\Request))
#69 E:\\Productivity\\wamp64\\www\\laravel\\originality\\vendor\\laravel\\framework\\src\\Illuminate\\Pipeline\\Pipeline.php(219): Illuminate\\Http\\Middleware\\TrustProxies->handle(Object(Illuminate\\Http\\Request), Object(Closure))
#70 E:\\Productivity\\wamp64\\www\\laravel\\originality\\vendor\\laravel\\framework\\src\\Illuminate\\Foundation\\Http\\Middleware\\InvokeDeferredCallbacks.php(22): Illuminate\\Pipeline\\Pipeline->Illuminate\\Pipeline\\{closure}(Object(Illuminate\\Http\\Request))
#71 E:\\Productivity\\wamp64\\www\\laravel\\originality\\vendor\\laravel\\framework\\src\\Illuminate\\Pipeline\\Pipeline.php(219): Illuminate\\Foundation\\Http\\Middleware\\InvokeDeferredCallbacks->handle(Object(Illuminate\\Http\\Request), Object(Closure))
#72 E:\\Productivity\\wamp64\\www\\laravel\\originality\\vendor\\laravel\\framework\\src\\Illuminate\\Http\\Middleware\\ValidatePathEncoding.php(26): Illuminate\\Pipeline\\Pipeline->Illuminate\\Pipeline\\{closure}(Object(Illuminate\\Http\\Request))
#73 E:\\Productivity\\wamp64\\www\\laravel\\originality\\vendor\\laravel\\framework\\src\\Illuminate\\Pipeline\\Pipeline.php(219): Illuminate\\Http\\Middleware\\ValidatePathEncoding->handle(Object(Illuminate\\Http\\Request), Object(Closure))
#74 E:\\Productivity\\wamp64\\www\\laravel\\originality\\vendor\\laravel\\framework\\src\\Illuminate\\Pipeline\\Pipeline.php(137): Illuminate\\Pipeline\\Pipeline->Illuminate\\Pipeline\\{closure}(Object(Illuminate\\Http\\Request))
#75 E:\\Productivity\\wamp64\\www\\laravel\\originality\\vendor\\laravel\\framework\\src\\Illuminate\\Foundation\\Http\\Kernel.php(175): Illuminate\\Pipeline\\Pipeline->then(Object(Closure))
#76 E:\\Productivity\\wamp64\\www\\laravel\\originality\\vendor\\laravel\\framework\\src\\Illuminate\\Foundation\\Http\\Kernel.php(144): Illuminate\\Foundation\\Http\\Kernel->sendRequestThroughRouter(Object(Illuminate\\Http\\Request))
#77 E:\\Productivity\\wamp64\\www\\laravel\\originality\\vendor\\laravel\\framework\\src\\Illuminate\\Foundation\\Application.php(1220): Illuminate\\Foundation\\Http\\Kernel->handle(Object(Illuminate\\Http\\Request))
#78 E:\\Productivity\\wamp64\\www\\laravel\\originality\\public\\index.php(20): Illuminate\\Foundation\\Application->handleRequest(Object(Illuminate\\Http\\Request))
#79 E:\\Productivity\\wamp64\\www\\laravel\\originality\\vendor\\laravel\\framework\\src\\Illuminate\\Foundation\\resources\\server.php(23): require_once('E:\\\\Productivity...')
#80 {main}
"} 
[2025-09-09 04:45:23] local.ERROR: Xdebug has detected a possible infinite loop, and aborted your script with a stack depth of '512' frames {"exception":"[object] (Error(code: 0): Xdebug has detected a possible infinite loop, and aborted your script with a stack depth of '512' frames at E:\\Productivity\\wamp64\\www\\laravel\\originality\\app\\Services\\UserApi.php:10)
[stacktrace]
#0 E:\\Productivity\\wamp64\\www\\laravel\\originality\\app\\Services\\UserApi.php(12): App\\Services\\UserApi::request('get', '/me', Array)
#1 E:\\Productivity\\wamp64\\www\\laravel\\originality\\app\\Services\\UserApi.php(12): App\\Services\\UserApi::request('get', '/me', Array)
#2 E:\\Productivity\\wamp64\\www\\laravel\\originality\\app\\Services\\UserApi.php(12): App\\Services\\UserApi::request('get', '/me', Array)
#3 E:\\Productivity\\wamp64\\www\\laravel\\originality\\app\\Services\\UserApi.php(12): App\\Services\\UserApi::request('get', '/me', Array)
#4 E:\\Productivity\\wamp64\\www\\laravel\\originality\\app\\Services\\UserApi.php(12): App\\Services\\UserApi::request('get', '/me', Array)
#5 E:\\Productivity\\wamp64\\www\\laravel\\originality\\app\\Services\\UserApi.php(12): App\\Services\\UserApi::request('get', '/me', Array)
#6 E:\\Productivity\\wamp64\\www\\laravel\\originality\\app\\Services\\UserApi.php(12): App\\Services\\UserApi::request('get', '/me', Array)
#7 E:\\Productivity\\wamp64\\www\\laravel\\originality\\app\\Services\\UserApi.php(12): App\\Services\\UserApi::request('get', '/me', Array)
#8 E:\\Productivity\\wamp64\\www\\laravel\\originality\\app\\Services\\UserApi.php(12): App\\Services\\UserApi::request('get', '/me', Array)
#9 E:\\Productivity\\wamp64\\www\\laravel\\originality\\app\\Services\\UserApi.php(12): App\\Services\\UserApi::request('get', '/me', Array)
#10 E:\\Productivity\\wamp64\\www\\laravel\\originality\\app\\Services\\UserApi.php(12): App\\Services\\UserApi::request('get', '/me', Array)
#11 E:\\Productivity\\wamp64\\www\\laravel\\originality\\app\\Services\\UserApi.php(12): App\\Services\\UserApi::request('get', '/me', Array)
#12 E:\\Productivity\\wamp64\\www\\laravel\\originality\\app\\Services\\UserApi.php(12): App\\Services\\UserApi::request('get', '/me', Array)
#13 E:\\Productivity\\wamp64\\www\\laravel\\originality\\app\\Services\\UserApi.php(12): App\\Services\\UserApi::request('get', '/me', Array)
#14 E:\\Productivity\\wamp64\\www\\laravel\\originality\\app\\Services\\UserApi.php(12): App\\Services\\UserApi::request('get', '/me', Array)
#15 E:\\Productivity\\wamp64\\www\\laravel\\originality\\app\\Services\\UserApi.php(12): App\\Services\\UserApi::request('get', '/me', Array)
#16 E:\\Productivity\\wamp64\\www\\laravel\\originality\\app\\Services\\UserApi.php(12): App\\Services\\UserApi::request('get', '/me', Array)
#17 E:\\Productivity\\wamp64\\www\\laravel\\originality\\app\\Services\\UserApi.php(12): App\\Services\\UserApi::request('get', '/me', Array)
#18 E:\\Productivity\\wamp64\\www\\laravel\\originality\\app\\Services\\UserApi.php(12): App\\Services\\UserApi::request('get', '/me', Array)
#19 E:\\Productivity\\wamp64\\www\\laravel\\originality\\app\\Services\\UserApi.php(12): App\\Services\\UserApi::request('get', '/me', Array)
#20 E:\\Productivity\\wamp64\\www\\laravel\\originality\\app\\Services\\UserApi.php(12): App\\Services\\UserApi::request('get', '/me', Array)
#21 E:\\Productivity\\wamp64\\www\\laravel\\originality\\app\\Services\\UserApi.php(12): App\\Services\\UserApi::request('get', '/me', Array)
#22 E:\\Productivity\\wamp64\\www\\laravel\\originality\\app\\Services\\UserApi.php(12): App\\Services\\UserApi::request('get', '/me', Array)
#23 E:\\Productivity\\wamp64\\www\\laravel\\originality\\app\\Services\\UserApi.php(12): App\\Services\\UserApi::request('get', '/me', Array)
#24 E:\\Productivity\\wamp64\\www\\laravel\\originality\\app\\Services\\UserApi.php(12): App\\Services\\UserApi::request('get', '/me', Array)
#25 E:\\Productivity\\wamp64\\www\\laravel\\originality\\app\\Services\\UserApi.php(12): App\\Services\\UserApi::request('get', '/me', Array)
#26 E:\\Productivity\\wamp64\\www\\laravel\\originality\\app\\Services\\UserApi.php(12): App\\Services\\UserApi::request('get', '/me', Array)
#27 E:\\Productivity\\wamp64\\www\\laravel\\originality\\app\\Services\\UserApi.php(12): App\\Services\\UserApi::request('get', '/me', Array)
#28 E:\\Productivity\\wamp64\\www\\laravel\\originality\\app\\Services\\UserApi.php(12): App\\Services\\UserApi::request('get', '/me', Array)
#29 E:\\Productivity\\wamp64\\www\\laravel\\originality\\app\\Services\\UserApi.php(12): App\\Services\\UserApi::request('get', '/me', Array)
#30 E:\\Productivity\\wamp64\\www\\laravel\\originality\\app\\Services\\UserApi.php(12): App\\Services\\UserApi::request('get', '/me', Array)
#31 E:\\Productivity\\wamp64\\www\\laravel\\originality\\app\\Services\\UserApi.php(12): App\\Services\\UserApi::request('get', '/me', Array)
#32 E:\\Productivity\\wamp64\\www\\laravel\\originality\\app\\Services\\UserApi.php(12): App\\Services\\UserApi::request('get', '/me', Array)
#33 E:\\Productivity\\wamp64\\www\\laravel\\originality\\app\\Services\\UserApi.php(12): App\\Services\\UserApi::request('get', '/me', Array)
#34 E:\\Productivity\\wamp64\\www\\laravel\\originality\\app\\Services\\UserApi.php(12): App\\Services\\UserApi::request('get', '/me', Array)
#35 E:\\Productivity\\wamp64\\www\\laravel\\originality\\app\\Services\\UserApi.php(12): App\\Services\\UserApi::request('get', '/me', Array)
#36 E:\\Productivity\\wamp64\\www\\laravel\\originality\\app\\Services\\UserApi.php(12): App\\Services\\UserApi::request('get', '/me', Array)
#37 E:\\Productivity\\wamp64\\www\\laravel\\originality\\app\\Services\\UserApi.php(12): App\\Services\\UserApi::request('get', '/me', Array)
#38 E:\\Productivity\\wamp64\\www\\laravel\\originality\\app\\Services\\UserApi.php(12): App\\Services\\UserApi::request('get', '/me', Array)
#39 E:\\Productivity\\wamp64\\www\\laravel\\originality\\app\\Services\\UserApi.php(12): App\\Services\\UserApi::request('get', '/me', Array)
#40 E:\\Productivity\\wamp64\\www\\laravel\\originality\\app\\Services\\UserApi.php(12): App\\Services\\UserApi::request('get', '/me', Array)
#41 E:\\Productivity\\wamp64\\www\\laravel\\originality\\app\\Services\\UserApi.php(12): App\\Services\\UserApi::request('get', '/me', Array)
#42 E:\\Productivity\\wamp64\\www\\laravel\\originality\\app\\Services\\UserApi.php(12): App\\Services\\UserApi::request('get', '/me', Array)
#43 E:\\Productivity\\wamp64\\www\\laravel\\originality\\app\\Services\\UserApi.php(12): App\\Services\\UserApi::request('get', '/me', Array)
#44 E:\\Productivity\\wamp64\\www\\laravel\\originality\\app\\Services\\UserApi.php(12): App\\Services\\UserApi::request('get', '/me', Array)
#45 E:\\Productivity\\wamp64\\www\\laravel\\originality\\app\\Services\\UserApi.php(12): App\\Services\\UserApi::request('get', '/me', Array)
#46 E:\\Productivity\\wamp64\\www\\laravel\\originality\\app\\Services\\UserApi.php(12): App\\Services\\UserApi::request('get', '/me', Array)
#47 E:\\Productivity\\wamp64\\www\\laravel\\originality\\app\\Services\\UserApi.php(12): App\\Services\\UserApi::request('get', '/me', Array)
#48 E:\\Productivity\\wamp64\\www\\laravel\\originality\\app\\Services\\UserApi.php(12): App\\Services\\UserApi::request('get', '/me', Array)
#49 E:\\Productivity\\wamp64\\www\\laravel\\originality\\app\\Services\\UserApi.php(12): App\\Services\\UserApi::request('get', '/me', Array)
#50 E:\\Productivity\\wamp64\\www\\laravel\\originality\\app\\Services\\UserApi.php(12): App\\Services\\UserApi::request('get', '/me', Array)
#51 E:\\Productivity\\wamp64\\www\\laravel\\originality\\app\\Services\\UserApi.php(12): App\\Services\\UserApi::request('get', '/me', Array)
#52 E:\\Productivity\\wamp64\\www\\laravel\\originality\\app\\Services\\UserApi.php(12): App\\Services\\UserApi::request('get', '/me', Array)
#53 E:\\Productivity\\wamp64\\www\\laravel\\originality\\app\\Services\\UserApi.php(12): App\\Services\\UserApi::request('get', '/me', Array)
#54 E:\\Productivity\\wamp64\\www\\laravel\\originality\\app\\Services\\UserApi.php(12): App\\Services\\UserApi::request('get', '/me', Array)
#55 E:\\Productivity\\wamp64\\www\\laravel\\originality\\app\\Services\\UserApi.php(12): App\\Services\\UserApi::request('get', '/me', Array)
#56 E:\\Productivity\\wamp64\\www\\laravel\\originality\\app\\Services\\UserApi.php(12): App\\Services\\UserApi::request('get', '/me', Array)
#57 E:\\Productivity\\wamp64\\www\\laravel\\originality\\app\\Services\\UserApi.php(12): App\\Services\\UserApi::request('get', '/me', Array)
#58 E:\\Productivity\\wamp64\\www\\laravel\\originality\\app\\Services\\UserApi.php(12): App\\Services\\UserApi::request('get', '/me', Array)
#59 E:\\Productivity\\wamp64\\www\\laravel\\originality\\app\\Services\\UserApi.php(12): App\\Services\\UserApi::request('get', '/me', Array)
#60 E:\\Productivity\\wamp64\\www\\laravel\\originality\\app\\Services\\UserApi.php(12): App\\Services\\UserApi::request('get', '/me', Array)
#61 E:\\Productivity\\wamp64\\www\\laravel\\originality\\app\\Services\\UserApi.php(12): App\\Services\\UserApi::request('get', '/me', Array)
#62 E:\\Productivity\\wamp64\\www\\laravel\\originality\\app\\Services\\UserApi.php(12): App\\Services\\UserApi::request('get', '/me', Array)
#63 E:\\Productivity\\wamp64\\www\\laravel\\originality\\app\\Services\\UserApi.php(12): App\\Services\\UserApi::request('get', '/me', Array)
#64 E:\\Productivity\\wamp64\\www\\laravel\\originality\\app\\Services\\UserApi.php(12): App\\Services\\UserApi::request('get', '/me', Array)
#65 E:\\Productivity\\wamp64\\www\\laravel\\originality\\app\\Services\\UserApi.php(12): App\\Services\\UserApi::request('get', '/me', Array)
#66 E:\\Productivity\\wamp64\\www\\laravel\\originality\\app\\Services\\UserApi.php(12): App\\Services\\UserApi::request('get', '/me', Array)
#67 E:\\Productivity\\wamp64\\www\\laravel\\originality\\app\\Services\\UserApi.php(12): App\\Services\\UserApi::request('get', '/me', Array)
#68 E:\\Productivity\\wamp64\\www\\laravel\\originality\\app\\Services\\UserApi.php(12): App\\Services\\UserApi::request('get', '/me', Array)
#69 E:\\Productivity\\wamp64\\www\\laravel\\originality\\app\\Services\\UserApi.php(12): App\\Services\\UserApi::request('get', '/me', Array)
#70 E:\\Productivity\\wamp64\\www\\laravel\\originality\\app\\Services\\UserApi.php(12): App\\Services\\UserApi::request('get', '/me', Array)
#71 E:\\Productivity\\wamp64\\www\\laravel\\originality\\app\\Services\\UserApi.php(12): App\\Services\\UserApi::request('get', '/me', Array)
#72 E:\\Productivity\\wamp64\\www\\laravel\\originality\\app\\Services\\UserApi.php(12): App\\Services\\UserApi::request('get', '/me', Array)
#73 E:\\Productivity\\wamp64\\www\\laravel\\originality\\app\\Services\\UserApi.php(12): App\\Services\\UserApi::request('get', '/me', Array)
#74 E:\\Productivity\\wamp64\\www\\laravel\\originality\\app\\Services\\UserApi.php(12): App\\Services\\UserApi::request('get', '/me', Array)
#75 E:\\Productivity\\wamp64\\www\\laravel\\originality\\app\\Services\\UserApi.php(12): App\\Services\\UserApi::request('get', '/me', Array)
#76 E:\\Productivity\\wamp64\\www\\laravel\\originality\\app\\Services\\UserApi.php(12): App\\Services\\UserApi::request('get', '/me', Array)
#77 E:\\Productivity\\wamp64\\www\\laravel\\originality\\app\\Services\\UserApi.php(12): App\\Services\\UserApi::request('get', '/me', Array)
#78 E:\\Productivity\\wamp64\\www\\laravel\\originality\\app\\Services\\UserApi.php(12): App\\Services\\UserApi::request('get', '/me', Array)
#79 E:\\Productivity\\wamp64\\www\\laravel\\originality\\app\\Services\\UserApi.php(12): App\\Services\\UserApi::request('get', '/me', Array)
#80 E:\\Productivity\\wamp64\\www\\laravel\\originality\\app\\Services\\UserApi.php(12): App\\Services\\UserApi::request('get', '/me', Array)
#81 E:\\Productivity\\wamp64\\www\\laravel\\originality\\app\\Services\\UserApi.php(12): App\\Services\\UserApi::request('get', '/me', Array)
#82 E:\\Productivity\\wamp64\\www\\laravel\\originality\\app\\Services\\UserApi.php(12): App\\Services\\UserApi::request('get', '/me', Array)
#83 E:\\Productivity\\wamp64\\www\\laravel\\originality\\app\\Services\\UserApi.php(12): App\\Services\\UserApi::request('get', '/me', Array)
#84 E:\\Productivity\\wamp64\\www\\laravel\\originality\\app\\Services\\UserApi.php(12): App\\Services\\UserApi::request('get', '/me', Array)
#85 E:\\Productivity\\wamp64\\www\\laravel\\originality\\app\\Services\\UserApi.php(12): App\\Services\\UserApi::request('get', '/me', Array)
#86 E:\\Productivity\\wamp64\\www\\laravel\\originality\\app\\Services\\UserApi.php(12): App\\Services\\UserApi::request('get', '/me', Array)
#87 E:\\Productivity\\wamp64\\www\\laravel\\originality\\app\\Services\\UserApi.php(12): App\\Services\\UserApi::request('get', '/me', Array)
#88 E:\\Productivity\\wamp64\\www\\laravel\\originality\\app\\Services\\UserApi.php(12): App\\Services\\UserApi::request('get', '/me', Array)
#89 E:\\Productivity\\wamp64\\www\\laravel\\originality\\app\\Services\\UserApi.php(12): App\\Services\\UserApi::request('get', '/me', Array)
#90 E:\\Productivity\\wamp64\\www\\laravel\\originality\\app\\Services\\UserApi.php(12): App\\Services\\UserApi::request('get', '/me', Array)
#91 E:\\Productivity\\wamp64\\www\\laravel\\originality\\app\\Services\\UserApi.php(12): App\\Services\\UserApi::request('get', '/me', Array)
#92 E:\\Productivity\\wamp64\\www\\laravel\\originality\\app\\Services\\UserApi.php(12): App\\Services\\UserApi::request('get', '/me', Array)
#93 E:\\Productivity\\wamp64\\www\\laravel\\originality\\app\\Services\\UserApi.php(12): App\\Services\\UserApi::request('get', '/me', Array)
#94 E:\\Productivity\\wamp64\\www\\laravel\\originality\\app\\Services\\UserApi.php(12): App\\Services\\UserApi::request('get', '/me', Array)
#95 E:\\Productivity\\wamp64\\www\\laravel\\originality\\app\\Services\\UserApi.php(12): App\\Services\\UserApi::request('get', '/me', Array)
#96 E:\\Productivity\\wamp64\\www\\laravel\\originality\\app\\Services\\UserApi.php(12): App\\Services\\UserApi::request('get', '/me', Array)
#97 E:\\Productivity\\wamp64\\www\\laravel\\originality\\app\\Services\\UserApi.php(12): App\\Services\\UserApi::request('get', '/me', Array)
#98 E:\\Productivity\\wamp64\\www\\laravel\\originality\\app\\Services\\UserApi.php(12): App\\Services\\UserApi::request('get', '/me', Array)
#99 E:\\Productivity\\wamp64\\www\\laravel\\originality\\app\\Services\\UserApi.php(12): App\\Services\\UserApi::request('get', '/me', Array)
#100 E:\\Productivity\\wamp64\\www\\laravel\\originality\\app\\Services\\UserApi.php(12): App\\Services\\UserApi::request('get', '/me', Array)
#101 E:\\Productivity\\wamp64\\www\\laravel\\originality\\app\\Services\\UserApi.php(12): App\\Services\\UserApi::request('get', '/me', Array)
#102 E:\\Productivity\\wamp64\\www\\laravel\\originality\\app\\Services\\UserApi.php(12): App\\Services\\UserApi::request('get', '/me', Array)
#103 E:\\Productivity\\wamp64\\www\\laravel\\originality\\app\\Services\\UserApi.php(12): App\\Services\\UserApi::request('get', '/me', Array)
#104 E:\\Productivity\\wamp64\\www\\laravel\\originality\\app\\Services\\UserApi.php(12): App\\Services\\UserApi::request('get', '/me', Array)
#105 E:\\Productivity\\wamp64\\www\\laravel\\originality\\app\\Services\\UserApi.php(12): App\\Services\\UserApi::request('get', '/me', Array)
#106 E:\\Productivity\\wamp64\\www\\laravel\\originality\\app\\Services\\UserApi.php(12): App\\Services\\UserApi::request('get', '/me', Array)
#107 E:\\Productivity\\wamp64\\www\\laravel\\originality\\app\\Services\\UserApi.php(12): App\\Services\\UserApi::request('get', '/me', Array)
#108 E:\\Productivity\\wamp64\\www\\laravel\\originality\\app\\Services\\UserApi.php(12): App\\Services\\UserApi::request('get', '/me', Array)
#109 E:\\Productivity\\wamp64\\www\\laravel\\originality\\app\\Services\\UserApi.php(12): App\\Services\\UserApi::request('get', '/me', Array)
#110 E:\\Productivity\\wamp64\\www\\laravel\\originality\\app\\Services\\UserApi.php(12): App\\Services\\UserApi::request('get', '/me', Array)
#111 E:\\Productivity\\wamp64\\www\\laravel\\originality\\app\\Services\\UserApi.php(12): App\\Services\\UserApi::request('get', '/me', Array)
#112 E:\\Productivity\\wamp64\\www\\laravel\\originality\\app\\Services\\UserApi.php(12): App\\Services\\UserApi::request('get', '/me', Array)
#113 E:\\Productivity\\wamp64\\www\\laravel\\originality\\app\\Services\\UserApi.php(12): App\\Services\\UserApi::request('get', '/me', Array)
#114 E:\\Productivity\\wamp64\\www\\laravel\\originality\\app\\Services\\UserApi.php(12): App\\Services\\UserApi::request('get', '/me', Array)
#115 E:\\Productivity\\wamp64\\www\\laravel\\originality\\app\\Services\\UserApi.php(12): App\\Services\\UserApi::request('get', '/me', Array)
#116 E:\\Productivity\\wamp64\\www\\laravel\\originality\\app\\Services\\UserApi.php(12): App\\Services\\UserApi::request('get', '/me', Array)
#117 E:\\Productivity\\wamp64\\www\\laravel\\originality\\app\\Services\\UserApi.php(12): App\\Services\\UserApi::request('get', '/me', Array)
#118 E:\\Productivity\\wamp64\\www\\laravel\\originality\\app\\Services\\UserApi.php(12): App\\Services\\UserApi::request('get', '/me', Array)
#119 E:\\Productivity\\wamp64\\www\\laravel\\originality\\app\\Services\\UserApi.php(12): App\\Services\\UserApi::request('get', '/me', Array)
#120 E:\\Productivity\\wamp64\\www\\laravel\\originality\\app\\Services\\UserApi.php(12): App\\Services\\UserApi::request('get', '/me', Array)
#121 E:\\Productivity\\wamp64\\www\\laravel\\originality\\app\\Services\\UserApi.php(12): App\\Services\\UserApi::request('get', '/me', Array)
#122 E:\\Productivity\\wamp64\\www\\laravel\\originality\\app\\Services\\UserApi.php(12): App\\Services\\UserApi::request('get', '/me', Array)
#123 E:\\Productivity\\wamp64\\www\\laravel\\originality\\app\\Services\\UserApi.php(12): App\\Services\\UserApi::request('get', '/me', Array)
#124 E:\\Productivity\\wamp64\\www\\laravel\\originality\\app\\Services\\UserApi.php(12): App\\Services\\UserApi::request('get', '/me', Array)
#125 E:\\Productivity\\wamp64\\www\\laravel\\originality\\app\\Services\\UserApi.php(12): App\\Services\\UserApi::request('get', '/me', Array)
#126 E:\\Productivity\\wamp64\\www\\laravel\\originality\\app\\Services\\UserApi.php(12): App\\Services\\UserApi::request('get', '/me', Array)
#127 E:\\Productivity\\wamp64\\www\\laravel\\originality\\app\\Services\\UserApi.php(12): App\\Services\\UserApi::request('get', '/me', Array)
#128 E:\\Productivity\\wamp64\\www\\laravel\\originality\\app\\Services\\UserApi.php(12): App\\Services\\UserApi::request('get', '/me', Array)
#129 E:\\Productivity\\wamp64\\www\\laravel\\originality\\app\\Services\\UserApi.php(12): App\\Services\\UserApi::request('get', '/me', Array)
#130 E:\\Productivity\\wamp64\\www\\laravel\\originality\\app\\Services\\UserApi.php(12): App\\Services\\UserApi::request('get', '/me', Array)
#131 E:\\Productivity\\wamp64\\www\\laravel\\originality\\app\\Services\\UserApi.php(12): App\\Services\\UserApi::request('get', '/me', Array)
#132 E:\\Productivity\\wamp64\\www\\laravel\\originality\\app\\Services\\UserApi.php(12): App\\Services\\UserApi::request('get', '/me', Array)
#133 E:\\Productivity\\wamp64\\www\\laravel\\originality\\app\\Services\\UserApi.php(12): App\\Services\\UserApi::request('get', '/me', Array)
#134 E:\\Productivity\\wamp64\\www\\laravel\\originality\\app\\Services\\UserApi.php(12): App\\Services\\UserApi::request('get', '/me', Array)
#135 E:\\Productivity\\wamp64\\www\\laravel\\originality\\app\\Services\\UserApi.php(12): App\\Services\\UserApi::request('get', '/me', Array)
#136 E:\\Productivity\\wamp64\\www\\laravel\\originality\\app\\Services\\UserApi.php(12): App\\Services\\UserApi::request('get', '/me', Array)
#137 E:\\Productivity\\wamp64\\www\\laravel\\originality\\app\\Services\\UserApi.php(12): App\\Services\\UserApi::request('get', '/me', Array)
#138 E:\\Productivity\\wamp64\\www\\laravel\\originality\\app\\Services\\UserApi.php(12): App\\Services\\UserApi::request('get', '/me', Array)
#139 E:\\Productivity\\wamp64\\www\\laravel\\originality\\app\\Services\\UserApi.php(12): App\\Services\\UserApi::request('get', '/me', Array)
#140 E:\\Productivity\\wamp64\\www\\laravel\\originality\\app\\Services\\UserApi.php(12): App\\Services\\UserApi::request('get', '/me', Array)
#141 E:\\Productivity\\wamp64\\www\\laravel\\originality\\app\\Services\\UserApi.php(12): App\\Services\\UserApi::request('get', '/me', Array)
#142 E:\\Productivity\\wamp64\\www\\laravel\\originality\\app\\Services\\UserApi.php(12): App\\Services\\UserApi::request('get', '/me', Array)
#143 E:\\Productivity\\wamp64\\www\\laravel\\originality\\app\\Services\\UserApi.php(12): App\\Services\\UserApi::request('get', '/me', Array)
#144 E:\\Productivity\\wamp64\\www\\laravel\\originality\\app\\Services\\UserApi.php(12): App\\Services\\UserApi::request('get', '/me', Array)
#145 E:\\Productivity\\wamp64\\www\\laravel\\originality\\app\\Services\\UserApi.php(12): App\\Services\\UserApi::request('get', '/me', Array)
#146 E:\\Productivity\\wamp64\\www\\laravel\\originality\\app\\Services\\UserApi.php(12): App\\Services\\UserApi::request('get', '/me', Array)
#147 E:\\Productivity\\wamp64\\www\\laravel\\originality\\app\\Services\\UserApi.php(12): App\\Services\\UserApi::request('get', '/me', Array)
#148 E:\\Productivity\\wamp64\\www\\laravel\\originality\\app\\Services\\UserApi.php(12): App\\Services\\UserApi::request('get', '/me', Array)
#149 E:\\Productivity\\wamp64\\www\\laravel\\originality\\app\\Services\\UserApi.php(12): App\\Services\\UserApi::request('get', '/me', Array)
#150 E:\\Productivity\\wamp64\\www\\laravel\\originality\\app\\Services\\UserApi.php(12): App\\Services\\UserApi::request('get', '/me', Array)
#151 E:\\Productivity\\wamp64\\www\\laravel\\originality\\app\\Services\\UserApi.php(12): App\\Services\\UserApi::request('get', '/me', Array)
#152 E:\\Productivity\\wamp64\\www\\laravel\\originality\\app\\Services\\UserApi.php(12): App\\Services\\UserApi::request('get', '/me', Array)
#153 E:\\Productivity\\wamp64\\www\\laravel\\originality\\app\\Services\\UserApi.php(12): App\\Services\\UserApi::request('get', '/me', Array)
#154 E:\\Productivity\\wamp64\\www\\laravel\\originality\\app\\Services\\UserApi.php(12): App\\Services\\UserApi::request('get', '/me', Array)
#155 E:\\Productivity\\wamp64\\www\\laravel\\originality\\app\\Services\\UserApi.php(12): App\\Services\\UserApi::request('get', '/me', Array)
#156 E:\\Productivity\\wamp64\\www\\laravel\\originality\\app\\Services\\UserApi.php(12): App\\Services\\UserApi::request('get', '/me', Array)
#157 E:\\Productivity\\wamp64\\www\\laravel\\originality\\app\\Services\\UserApi.php(12): App\\Services\\UserApi::request('get', '/me', Array)
#158 E:\\Productivity\\wamp64\\www\\laravel\\originality\\app\\Services\\UserApi.php(12): App\\Services\\UserApi::request('get', '/me', Array)
#159 E:\\Productivity\\wamp64\\www\\laravel\\originality\\app\\Services\\UserApi.php(12): App\\Services\\UserApi::request('get', '/me', Array)
#160 E:\\Productivity\\wamp64\\www\\laravel\\originality\\app\\Services\\UserApi.php(12): App\\Services\\UserApi::request('get', '/me', Array)
#161 E:\\Productivity\\wamp64\\www\\laravel\\originality\\app\\Services\\UserApi.php(12): App\\Services\\UserApi::request('get', '/me', Array)
#162 E:\\Productivity\\wamp64\\www\\laravel\\originality\\app\\Services\\UserApi.php(12): App\\Services\\UserApi::request('get', '/me', Array)
#163 E:\\Productivity\\wamp64\\www\\laravel\\originality\\app\\Services\\UserApi.php(12): App\\Services\\UserApi::request('get', '/me', Array)
#164 E:\\Productivity\\wamp64\\www\\laravel\\originality\\app\\Services\\UserApi.php(12): App\\Services\\UserApi::request('get', '/me', Array)
#165 E:\\Productivity\\wamp64\\www\\laravel\\originality\\app\\Services\\UserApi.php(12): App\\Services\\UserApi::request('get', '/me', Array)
#166 E:\\Productivity\\wamp64\\www\\laravel\\originality\\app\\Services\\UserApi.php(12): App\\Services\\UserApi::request('get', '/me', Array)
#167 E:\\Productivity\\wamp64\\www\\laravel\\originality\\app\\Services\\UserApi.php(12): App\\Services\\UserApi::request('get', '/me', Array)
#168 E:\\Productivity\\wamp64\\www\\laravel\\originality\\app\\Services\\UserApi.php(12): App\\Services\\UserApi::request('get', '/me', Array)
#169 E:\\Productivity\\wamp64\\www\\laravel\\originality\\app\\Services\\UserApi.php(12): App\\Services\\UserApi::request('get', '/me', Array)
#170 E:\\Productivity\\wamp64\\www\\laravel\\originality\\app\\Services\\UserApi.php(12): App\\Services\\UserApi::request('get', '/me', Array)
#171 E:\\Productivity\\wamp64\\www\\laravel\\originality\\app\\Services\\UserApi.php(12): App\\Services\\UserApi::request('get', '/me', Array)
#172 E:\\Productivity\\wamp64\\www\\laravel\\originality\\app\\Services\\UserApi.php(12): App\\Services\\UserApi::request('get', '/me', Array)
#173 E:\\Productivity\\wamp64\\www\\laravel\\originality\\app\\Services\\UserApi.php(12): App\\Services\\UserApi::request('get', '/me', Array)
#174 E:\\Productivity\\wamp64\\www\\laravel\\originality\\app\\Services\\UserApi.php(12): App\\Services\\UserApi::request('get', '/me', Array)
#175 E:\\Productivity\\wamp64\\www\\laravel\\originality\\app\\Services\\UserApi.php(12): App\\Services\\UserApi::request('get', '/me', Array)
#176 E:\\Productivity\\wamp64\\www\\laravel\\originality\\app\\Services\\UserApi.php(12): App\\Services\\UserApi::request('get', '/me', Array)
#177 E:\\Productivity\\wamp64\\www\\laravel\\originality\\app\\Services\\UserApi.php(12): App\\Services\\UserApi::request('get', '/me', Array)
#178 E:\\Productivity\\wamp64\\www\\laravel\\originality\\app\\Services\\UserApi.php(12): App\\Services\\UserApi::request('get', '/me', Array)
#179 E:\\Productivity\\wamp64\\www\\laravel\\originality\\app\\Services\\UserApi.php(12): App\\Services\\UserApi::request('get', '/me', Array)
#180 E:\\Productivity\\wamp64\\www\\laravel\\originality\\app\\Services\\UserApi.php(12): App\\Services\\UserApi::request('get', '/me', Array)
#181 E:\\Productivity\\wamp64\\www\\laravel\\originality\\app\\Services\\UserApi.php(12): App\\Services\\UserApi::request('get', '/me', Array)
#182 E:\\Productivity\\wamp64\\www\\laravel\\originality\\app\\Services\\UserApi.php(12): App\\Services\\UserApi::request('get', '/me', Array)
#183 E:\\Productivity\\wamp64\\www\\laravel\\originality\\app\\Services\\UserApi.php(12): App\\Services\\UserApi::request('get', '/me', Array)
#184 E:\\Productivity\\wamp64\\www\\laravel\\originality\\app\\Services\\UserApi.php(12): App\\Services\\UserApi::request('get', '/me', Array)
#185 E:\\Productivity\\wamp64\\www\\laravel\\originality\\app\\Services\\UserApi.php(12): App\\Services\\UserApi::request('get', '/me', Array)
#186 E:\\Productivity\\wamp64\\www\\laravel\\originality\\app\\Services\\UserApi.php(12): App\\Services\\UserApi::request('get', '/me', Array)
#187 E:\\Productivity\\wamp64\\www\\laravel\\originality\\app\\Services\\UserApi.php(12): App\\Services\\UserApi::request('get', '/me', Array)
#188 E:\\Productivity\\wamp64\\www\\laravel\\originality\\app\\Services\\UserApi.php(12): App\\Services\\UserApi::request('get', '/me', Array)
#189 E:\\Productivity\\wamp64\\www\\laravel\\originality\\app\\Services\\UserApi.php(12): App\\Services\\UserApi::request('get', '/me', Array)
#190 E:\\Productivity\\wamp64\\www\\laravel\\originality\\app\\Services\\UserApi.php(12): App\\Services\\UserApi::request('get', '/me', Array)
#191 E:\\Productivity\\wamp64\\www\\laravel\\originality\\app\\Services\\UserApi.php(12): App\\Services\\UserApi::request('get', '/me', Array)
#192 E:\\Productivity\\wamp64\\www\\laravel\\originality\\app\\Services\\UserApi.php(12): App\\Services\\UserApi::request('get', '/me', Array)
#193 E:\\Productivity\\wamp64\\www\\laravel\\originality\\app\\Services\\UserApi.php(12): App\\Services\\UserApi::request('get', '/me', Array)
#194 E:\\Productivity\\wamp64\\www\\laravel\\originality\\app\\Services\\UserApi.php(12): App\\Services\\UserApi::request('get', '/me', Array)
#195 E:\\Productivity\\wamp64\\www\\laravel\\originality\\app\\Services\\UserApi.php(12): App\\Services\\UserApi::request('get', '/me', Array)
#196 E:\\Productivity\\wamp64\\www\\laravel\\originality\\app\\Services\\UserApi.php(12): App\\Services\\UserApi::request('get', '/me', Array)
#197 E:\\Productivity\\wamp64\\www\\laravel\\originality\\app\\Services\\UserApi.php(12): App\\Services\\UserApi::request('get', '/me', Array)
#198 E:\\Productivity\\wamp64\\www\\laravel\\originality\\app\\Services\\UserApi.php(12): App\\Services\\UserApi::request('get', '/me', Array)
#199 E:\\Productivity\\wamp64\\www\\laravel\\originality\\app\\Services\\UserApi.php(12): App\\Services\\UserApi::request('get', '/me', Array)
#200 E:\\Productivity\\wamp64\\www\\laravel\\originality\\app\\Services\\UserApi.php(12): App\\Services\\UserApi::request('get', '/me', Array)
#201 E:\\Productivity\\wamp64\\www\\laravel\\originality\\app\\Services\\UserApi.php(12): App\\Services\\UserApi::request('get', '/me', Array)
#202 E:\\Productivity\\wamp64\\www\\laravel\\originality\\app\\Services\\UserApi.php(12): App\\Services\\UserApi::request('get', '/me', Array)
#203 E:\\Productivity\\wamp64\\www\\laravel\\originality\\app\\Services\\UserApi.php(12): App\\Services\\UserApi::request('get', '/me', Array)
#204 E:\\Productivity\\wamp64\\www\\laravel\\originality\\app\\Services\\UserApi.php(12): App\\Services\\UserApi::request('get', '/me', Array)
#205 E:\\Productivity\\wamp64\\www\\laravel\\originality\\app\\Services\\UserApi.php(12): App\\Services\\UserApi::request('get', '/me', Array)
#206 E:\\Productivity\\wamp64\\www\\laravel\\originality\\app\\Services\\UserApi.php(12): App\\Services\\UserApi::request('get', '/me', Array)
#207 E:\\Productivity\\wamp64\\www\\laravel\\originality\\app\\Services\\UserApi.php(12): App\\Services\\UserApi::request('get', '/me', Array)
#208 E:\\Productivity\\wamp64\\www\\laravel\\originality\\app\\Services\\UserApi.php(12): App\\Services\\UserApi::request('get', '/me', Array)
#209 E:\\Productivity\\wamp64\\www\\laravel\\originality\\app\\Services\\UserApi.php(12): App\\Services\\UserApi::request('get', '/me', Array)
#210 E:\\Productivity\\wamp64\\www\\laravel\\originality\\app\\Services\\UserApi.php(12): App\\Services\\UserApi::request('get', '/me', Array)
#211 E:\\Productivity\\wamp64\\www\\laravel\\originality\\app\\Services\\UserApi.php(12): App\\Services\\UserApi::request('get', '/me', Array)
#212 E:\\Productivity\\wamp64\\www\\laravel\\originality\\app\\Services\\UserApi.php(12): App\\Services\\UserApi::request('get', '/me', Array)
#213 E:\\Productivity\\wamp64\\www\\laravel\\originality\\app\\Services\\UserApi.php(12): App\\Services\\UserApi::request('get', '/me', Array)
#214 E:\\Productivity\\wamp64\\www\\laravel\\originality\\app\\Services\\UserApi.php(12): App\\Services\\UserApi::request('get', '/me', Array)
#215 E:\\Productivity\\wamp64\\www\\laravel\\originality\\app\\Services\\UserApi.php(12): App\\Services\\UserApi::request('get', '/me', Array)
#216 E:\\Productivity\\wamp64\\www\\laravel\\originality\\app\\Services\\UserApi.php(12): App\\Services\\UserApi::request('get', '/me', Array)
#217 E:\\Productivity\\wamp64\\www\\laravel\\originality\\app\\Services\\UserApi.php(12): App\\Services\\UserApi::request('get', '/me', Array)
#218 E:\\Productivity\\wamp64\\www\\laravel\\originality\\app\\Services\\UserApi.php(12): App\\Services\\UserApi::request('get', '/me', Array)
#219 E:\\Productivity\\wamp64\\www\\laravel\\originality\\app\\Services\\UserApi.php(12): App\\Services\\UserApi::request('get', '/me', Array)
#220 E:\\Productivity\\wamp64\\www\\laravel\\originality\\app\\Services\\UserApi.php(12): App\\Services\\UserApi::request('get', '/me', Array)
#221 E:\\Productivity\\wamp64\\www\\laravel\\originality\\app\\Services\\UserApi.php(12): App\\Services\\UserApi::request('get', '/me', Array)
#222 E:\\Productivity\\wamp64\\www\\laravel\\originality\\app\\Services\\UserApi.php(12): App\\Services\\UserApi::request('get', '/me', Array)
#223 E:\\Productivity\\wamp64\\www\\laravel\\originality\\app\\Services\\UserApi.php(12): App\\Services\\UserApi::request('get', '/me', Array)
#224 E:\\Productivity\\wamp64\\www\\laravel\\originality\\app\\Services\\UserApi.php(12): App\\Services\\UserApi::request('get', '/me', Array)
#225 E:\\Productivity\\wamp64\\www\\laravel\\originality\\app\\Services\\UserApi.php(12): App\\Services\\UserApi::request('get', '/me', Array)
#226 E:\\Productivity\\wamp64\\www\\laravel\\originality\\app\\Services\\UserApi.php(12): App\\Services\\UserApi::request('get', '/me', Array)
#227 E:\\Productivity\\wamp64\\www\\laravel\\originality\\app\\Services\\UserApi.php(12): App\\Services\\UserApi::request('get', '/me', Array)
#228 E:\\Productivity\\wamp64\\www\\laravel\\originality\\app\\Services\\UserApi.php(12): App\\Services\\UserApi::request('get', '/me', Array)
#229 E:\\Productivity\\wamp64\\www\\laravel\\originality\\app\\Services\\UserApi.php(12): App\\Services\\UserApi::request('get', '/me', Array)
#230 E:\\Productivity\\wamp64\\www\\laravel\\originality\\app\\Services\\UserApi.php(12): App\\Services\\UserApi::request('get', '/me', Array)
#231 E:\\Productivity\\wamp64\\www\\laravel\\originality\\app\\Services\\UserApi.php(12): App\\Services\\UserApi::request('get', '/me', Array)
#232 E:\\Productivity\\wamp64\\www\\laravel\\originality\\app\\Services\\UserApi.php(12): App\\Services\\UserApi::request('get', '/me', Array)
#233 E:\\Productivity\\wamp64\\www\\laravel\\originality\\app\\Services\\UserApi.php(12): App\\Services\\UserApi::request('get', '/me', Array)
#234 E:\\Productivity\\wamp64\\www\\laravel\\originality\\app\\Services\\UserApi.php(12): App\\Services\\UserApi::request('get', '/me', Array)
#235 E:\\Productivity\\wamp64\\www\\laravel\\originality\\app\\Services\\UserApi.php(12): App\\Services\\UserApi::request('get', '/me', Array)
#236 E:\\Productivity\\wamp64\\www\\laravel\\originality\\app\\Services\\UserApi.php(12): App\\Services\\UserApi::request('get', '/me', Array)
#237 E:\\Productivity\\wamp64\\www\\laravel\\originality\\app\\Services\\UserApi.php(12): App\\Services\\UserApi::request('get', '/me', Array)
#238 E:\\Productivity\\wamp64\\www\\laravel\\originality\\app\\Services\\UserApi.php(12): App\\Services\\UserApi::request('get', '/me', Array)
#239 E:\\Productivity\\wamp64\\www\\laravel\\originality\\app\\Services\\UserApi.php(12): App\\Services\\UserApi::request('get', '/me', Array)
#240 E:\\Productivity\\wamp64\\www\\laravel\\originality\\app\\Services\\UserApi.php(12): App\\Services\\UserApi::request('get', '/me', Array)
#241 E:\\Productivity\\wamp64\\www\\laravel\\originality\\app\\Services\\UserApi.php(12): App\\Services\\UserApi::request('get', '/me', Array)
#242 E:\\Productivity\\wamp64\\www\\laravel\\originality\\app\\Services\\UserApi.php(12): App\\Services\\UserApi::request('get', '/me', Array)
#243 E:\\Productivity\\wamp64\\www\\laravel\\originality\\app\\Services\\UserApi.php(12): App\\Services\\UserApi::request('get', '/me', Array)
#244 E:\\Productivity\\wamp64\\www\\laravel\\originality\\app\\Services\\UserApi.php(12): App\\Services\\UserApi::request('get', '/me', Array)
#245 E:\\Productivity\\wamp64\\www\\laravel\\originality\\app\\Services\\UserApi.php(12): App\\Services\\UserApi::request('get', '/me', Array)
#246 E:\\Productivity\\wamp64\\www\\laravel\\originality\\app\\Services\\UserApi.php(12): App\\Services\\UserApi::request('get', '/me', Array)
#247 E:\\Productivity\\wamp64\\www\\laravel\\originality\\app\\Services\\UserApi.php(12): App\\Services\\UserApi::request('get', '/me', Array)
#248 E:\\Productivity\\wamp64\\www\\laravel\\originality\\app\\Services\\UserApi.php(12): App\\Services\\UserApi::request('get', '/me', Array)
#249 E:\\Productivity\\wamp64\\www\\laravel\\originality\\app\\Services\\UserApi.php(12): App\\Services\\UserApi::request('get', '/me', Array)
#250 E:\\Productivity\\wamp64\\www\\laravel\\originality\\app\\Services\\UserApi.php(12): App\\Services\\UserApi::request('get', '/me', Array)
#251 E:\\Productivity\\wamp64\\www\\laravel\\originality\\app\\Services\\UserApi.php(12): App\\Services\\UserApi::request('get', '/me', Array)
#252 E:\\Productivity\\wamp64\\www\\laravel\\originality\\app\\Services\\UserApi.php(12): App\\Services\\UserApi::request('get', '/me', Array)
#253 E:\\Productivity\\wamp64\\www\\laravel\\originality\\app\\Services\\UserApi.php(12): App\\Services\\UserApi::request('get', '/me', Array)
#254 E:\\Productivity\\wamp64\\www\\laravel\\originality\\app\\Services\\UserApi.php(12): App\\Services\\UserApi::request('get', '/me', Array)
#255 E:\\Productivity\\wamp64\\www\\laravel\\originality\\app\\Services\\UserApi.php(12): App\\Services\\UserApi::request('get', '/me', Array)
#256 E:\\Productivity\\wamp64\\www\\laravel\\originality\\app\\Services\\UserApi.php(12): App\\Services\\UserApi::request('get', '/me', Array)
#257 E:\\Productivity\\wamp64\\www\\laravel\\originality\\app\\Services\\UserApi.php(12): App\\Services\\UserApi::request('get', '/me', Array)
#258 E:\\Productivity\\wamp64\\www\\laravel\\originality\\app\\Services\\UserApi.php(12): App\\Services\\UserApi::request('get', '/me', Array)
#259 E:\\Productivity\\wamp64\\www\\laravel\\originality\\app\\Services\\UserApi.php(12): App\\Services\\UserApi::request('get', '/me', Array)
#260 E:\\Productivity\\wamp64\\www\\laravel\\originality\\app\\Services\\UserApi.php(12): App\\Services\\UserApi::request('get', '/me', Array)
#261 E:\\Productivity\\wamp64\\www\\laravel\\originality\\app\\Services\\UserApi.php(12): App\\Services\\UserApi::request('get', '/me', Array)
#262 E:\\Productivity\\wamp64\\www\\laravel\\originality\\app\\Services\\UserApi.php(12): App\\Services\\UserApi::request('get', '/me', Array)
#263 E:\\Productivity\\wamp64\\www\\laravel\\originality\\app\\Services\\UserApi.php(12): App\\Services\\UserApi::request('get', '/me', Array)
#264 E:\\Productivity\\wamp64\\www\\laravel\\originality\\app\\Services\\UserApi.php(12): App\\Services\\UserApi::request('get', '/me', Array)
#265 E:\\Productivity\\wamp64\\www\\laravel\\originality\\app\\Services\\UserApi.php(12): App\\Services\\UserApi::request('get', '/me', Array)
#266 E:\\Productivity\\wamp64\\www\\laravel\\originality\\app\\Services\\UserApi.php(12): App\\Services\\UserApi::request('get', '/me', Array)
#267 E:\\Productivity\\wamp64\\www\\laravel\\originality\\app\\Services\\UserApi.php(12): App\\Services\\UserApi::request('get', '/me', Array)
#268 E:\\Productivity\\wamp64\\www\\laravel\\originality\\app\\Services\\UserApi.php(12): App\\Services\\UserApi::request('get', '/me', Array)
#269 E:\\Productivity\\wamp64\\www\\laravel\\originality\\app\\Services\\UserApi.php(12): App\\Services\\UserApi::request('get', '/me', Array)
#270 E:\\Productivity\\wamp64\\www\\laravel\\originality\\app\\Services\\UserApi.php(12): App\\Services\\UserApi::request('get', '/me', Array)
#271 E:\\Productivity\\wamp64\\www\\laravel\\originality\\app\\Services\\UserApi.php(12): App\\Services\\UserApi::request('get', '/me', Array)
#272 E:\\Productivity\\wamp64\\www\\laravel\\originality\\app\\Services\\UserApi.php(12): App\\Services\\UserApi::request('get', '/me', Array)
#273 E:\\Productivity\\wamp64\\www\\laravel\\originality\\app\\Services\\UserApi.php(12): App\\Services\\UserApi::request('get', '/me', Array)
#274 E:\\Productivity\\wamp64\\www\\laravel\\originality\\app\\Services\\UserApi.php(12): App\\Services\\UserApi::request('get', '/me', Array)
#275 E:\\Productivity\\wamp64\\www\\laravel\\originality\\app\\Services\\UserApi.php(12): App\\Services\\UserApi::request('get', '/me', Array)
#276 E:\\Productivity\\wamp64\\www\\laravel\\originality\\app\\Services\\UserApi.php(12): App\\Services\\UserApi::request('get', '/me', Array)
#277 E:\\Productivity\\wamp64\\www\\laravel\\originality\\app\\Services\\UserApi.php(12): App\\Services\\UserApi::request('get', '/me', Array)
#278 E:\\Productivity\\wamp64\\www\\laravel\\originality\\app\\Services\\UserApi.php(12): App\\Services\\UserApi::request('get', '/me', Array)
#279 E:\\Productivity\\wamp64\\www\\laravel\\originality\\app\\Services\\UserApi.php(12): App\\Services\\UserApi::request('get', '/me', Array)
#280 E:\\Productivity\\wamp64\\www\\laravel\\originality\\app\\Services\\UserApi.php(12): App\\Services\\UserApi::request('get', '/me', Array)
#281 E:\\Productivity\\wamp64\\www\\laravel\\originality\\app\\Services\\UserApi.php(12): App\\Services\\UserApi::request('get', '/me', Array)
#282 E:\\Productivity\\wamp64\\www\\laravel\\originality\\app\\Services\\UserApi.php(12): App\\Services\\UserApi::request('get', '/me', Array)
#283 E:\\Productivity\\wamp64\\www\\laravel\\originality\\app\\Services\\UserApi.php(12): App\\Services\\UserApi::request('get', '/me', Array)
#284 E:\\Productivity\\wamp64\\www\\laravel\\originality\\app\\Services\\UserApi.php(12): App\\Services\\UserApi::request('get', '/me', Array)
#285 E:\\Productivity\\wamp64\\www\\laravel\\originality\\app\\Services\\UserApi.php(12): App\\Services\\UserApi::request('get', '/me', Array)
#286 E:\\Productivity\\wamp64\\www\\laravel\\originality\\app\\Services\\UserApi.php(12): App\\Services\\UserApi::request('get', '/me', Array)
#287 E:\\Productivity\\wamp64\\www\\laravel\\originality\\app\\Services\\UserApi.php(12): App\\Services\\UserApi::request('get', '/me', Array)
#288 E:\\Productivity\\wamp64\\www\\laravel\\originality\\app\\Services\\UserApi.php(12): App\\Services\\UserApi::request('get', '/me', Array)
#289 E:\\Productivity\\wamp64\\www\\laravel\\originality\\app\\Services\\UserApi.php(12): App\\Services\\UserApi::request('get', '/me', Array)
#290 E:\\Productivity\\wamp64\\www\\laravel\\originality\\app\\Services\\UserApi.php(12): App\\Services\\UserApi::request('get', '/me', Array)
#291 E:\\Productivity\\wamp64\\www\\laravel\\originality\\app\\Services\\UserApi.php(12): App\\Services\\UserApi::request('get', '/me', Array)
#292 E:\\Productivity\\wamp64\\www\\laravel\\originality\\app\\Services\\UserApi.php(12): App\\Services\\UserApi::request('get', '/me', Array)
#293 E:\\Productivity\\wamp64\\www\\laravel\\originality\\app\\Services\\UserApi.php(12): App\\Services\\UserApi::request('get', '/me', Array)
#294 E:\\Productivity\\wamp64\\www\\laravel\\originality\\app\\Services\\UserApi.php(12): App\\Services\\UserApi::request('get', '/me', Array)
#295 E:\\Productivity\\wamp64\\www\\laravel\\originality\\app\\Services\\UserApi.php(12): App\\Services\\UserApi::request('get', '/me', Array)
#296 E:\\Productivity\\wamp64\\www\\laravel\\originality\\app\\Services\\UserApi.php(12): App\\Services\\UserApi::request('get', '/me', Array)
#297 E:\\Productivity\\wamp64\\www\\laravel\\originality\\app\\Services\\UserApi.php(12): App\\Services\\UserApi::request('get', '/me', Array)
#298 E:\\Productivity\\wamp64\\www\\laravel\\originality\\app\\Services\\UserApi.php(12): App\\Services\\UserApi::request('get', '/me', Array)
#299 E:\\Productivity\\wamp64\\www\\laravel\\originality\\app\\Services\\UserApi.php(12): App\\Services\\UserApi::request('get', '/me', Array)
#300 E:\\Productivity\\wamp64\\www\\laravel\\originality\\app\\Services\\UserApi.php(12): App\\Services\\UserApi::request('get', '/me', Array)
#301 E:\\Productivity\\wamp64\\www\\laravel\\originality\\app\\Services\\UserApi.php(12): App\\Services\\UserApi::request('get', '/me', Array)
#302 E:\\Productivity\\wamp64\\www\\laravel\\originality\\app\\Services\\UserApi.php(12): App\\Services\\UserApi::request('get', '/me', Array)
#303 E:\\Productivity\\wamp64\\www\\laravel\\originality\\app\\Services\\UserApi.php(12): App\\Services\\UserApi::request('get', '/me', Array)
#304 E:\\Productivity\\wamp64\\www\\laravel\\originality\\app\\Services\\UserApi.php(12): App\\Services\\UserApi::request('get', '/me', Array)
#305 E:\\Productivity\\wamp64\\www\\laravel\\originality\\app\\Services\\UserApi.php(12): App\\Services\\UserApi::request('get', '/me', Array)
#306 E:\\Productivity\\wamp64\\www\\laravel\\originality\\app\\Services\\UserApi.php(12): App\\Services\\UserApi::request('get', '/me', Array)
#307 E:\\Productivity\\wamp64\\www\\laravel\\originality\\app\\Services\\UserApi.php(12): App\\Services\\UserApi::request('get', '/me', Array)
#308 E:\\Productivity\\wamp64\\www\\laravel\\originality\\app\\Services\\UserApi.php(12): App\\Services\\UserApi::request('get', '/me', Array)
#309 E:\\Productivity\\wamp64\\www\\laravel\\originality\\app\\Services\\UserApi.php(12): App\\Services\\UserApi::request('get', '/me', Array)
#310 E:\\Productivity\\wamp64\\www\\laravel\\originality\\app\\Services\\UserApi.php(12): App\\Services\\UserApi::request('get', '/me', Array)
#311 E:\\Productivity\\wamp64\\www\\laravel\\originality\\app\\Services\\UserApi.php(12): App\\Services\\UserApi::request('get', '/me', Array)
#312 E:\\Productivity\\wamp64\\www\\laravel\\originality\\app\\Services\\UserApi.php(12): App\\Services\\UserApi::request('get', '/me', Array)
#313 E:\\Productivity\\wamp64\\www\\laravel\\originality\\app\\Services\\UserApi.php(12): App\\Services\\UserApi::request('get', '/me', Array)
#314 E:\\Productivity\\wamp64\\www\\laravel\\originality\\app\\Services\\UserApi.php(12): App\\Services\\UserApi::request('get', '/me', Array)
#315 E:\\Productivity\\wamp64\\www\\laravel\\originality\\app\\Services\\UserApi.php(12): App\\Services\\UserApi::request('get', '/me', Array)
#316 E:\\Productivity\\wamp64\\www\\laravel\\originality\\app\\Services\\UserApi.php(12): App\\Services\\UserApi::request('get', '/me', Array)
#317 E:\\Productivity\\wamp64\\www\\laravel\\originality\\app\\Services\\UserApi.php(12): App\\Services\\UserApi::request('get', '/me', Array)
#318 E:\\Productivity\\wamp64\\www\\laravel\\originality\\app\\Services\\UserApi.php(12): App\\Services\\UserApi::request('get', '/me', Array)
#319 E:\\Productivity\\wamp64\\www\\laravel\\originality\\app\\Services\\UserApi.php(12): App\\Services\\UserApi::request('get', '/me', Array)
#320 E:\\Productivity\\wamp64\\www\\laravel\\originality\\app\\Services\\UserApi.php(12): App\\Services\\UserApi::request('get', '/me', Array)
#321 E:\\Productivity\\wamp64\\www\\laravel\\originality\\app\\Services\\UserApi.php(12): App\\Services\\UserApi::request('get', '/me', Array)
#322 E:\\Productivity\\wamp64\\www\\laravel\\originality\\app\\Services\\UserApi.php(12): App\\Services\\UserApi::request('get', '/me', Array)
#323 E:\\Productivity\\wamp64\\www\\laravel\\originality\\app\\Services\\UserApi.php(12): App\\Services\\UserApi::request('get', '/me', Array)
#324 E:\\Productivity\\wamp64\\www\\laravel\\originality\\app\\Services\\UserApi.php(12): App\\Services\\UserApi::request('get', '/me', Array)
#325 E:\\Productivity\\wamp64\\www\\laravel\\originality\\app\\Services\\UserApi.php(12): App\\Services\\UserApi::request('get', '/me', Array)
#326 E:\\Productivity\\wamp64\\www\\laravel\\originality\\app\\Services\\UserApi.php(12): App\\Services\\UserApi::request('get', '/me', Array)
#327 E:\\Productivity\\wamp64\\www\\laravel\\originality\\app\\Services\\UserApi.php(12): App\\Services\\UserApi::request('get', '/me', Array)
#328 E:\\Productivity\\wamp64\\www\\laravel\\originality\\app\\Services\\UserApi.php(12): App\\Services\\UserApi::request('get', '/me', Array)
#329 E:\\Productivity\\wamp64\\www\\laravel\\originality\\app\\Services\\UserApi.php(12): App\\Services\\UserApi::request('get', '/me', Array)
#330 E:\\Productivity\\wamp64\\www\\laravel\\originality\\app\\Services\\UserApi.php(12): App\\Services\\UserApi::request('get', '/me', Array)
#331 E:\\Productivity\\wamp64\\www\\laravel\\originality\\app\\Services\\UserApi.php(12): App\\Services\\UserApi::request('get', '/me', Array)
#332 E:\\Productivity\\wamp64\\www\\laravel\\originality\\app\\Services\\UserApi.php(12): App\\Services\\UserApi::request('get', '/me', Array)
#333 E:\\Productivity\\wamp64\\www\\laravel\\originality\\app\\Services\\UserApi.php(12): App\\Services\\UserApi::request('get', '/me', Array)
#334 E:\\Productivity\\wamp64\\www\\laravel\\originality\\app\\Services\\UserApi.php(12): App\\Services\\UserApi::request('get', '/me', Array)
#335 E:\\Productivity\\wamp64\\www\\laravel\\originality\\app\\Services\\UserApi.php(12): App\\Services\\UserApi::request('get', '/me', Array)
#336 E:\\Productivity\\wamp64\\www\\laravel\\originality\\app\\Services\\UserApi.php(12): App\\Services\\UserApi::request('get', '/me', Array)
#337 E:\\Productivity\\wamp64\\www\\laravel\\originality\\app\\Services\\UserApi.php(12): App\\Services\\UserApi::request('get', '/me', Array)
#338 E:\\Productivity\\wamp64\\www\\laravel\\originality\\app\\Services\\UserApi.php(12): App\\Services\\UserApi::request('get', '/me', Array)
#339 E:\\Productivity\\wamp64\\www\\laravel\\originality\\app\\Services\\UserApi.php(12): App\\Services\\UserApi::request('get', '/me', Array)
#340 E:\\Productivity\\wamp64\\www\\laravel\\originality\\app\\Services\\UserApi.php(12): App\\Services\\UserApi::request('get', '/me', Array)
#341 E:\\Productivity\\wamp64\\www\\laravel\\originality\\app\\Services\\UserApi.php(12): App\\Services\\UserApi::request('get', '/me', Array)
#342 E:\\Productivity\\wamp64\\www\\laravel\\originality\\app\\Services\\UserApi.php(12): App\\Services\\UserApi::request('get', '/me', Array)
#343 E:\\Productivity\\wamp64\\www\\laravel\\originality\\app\\Services\\UserApi.php(12): App\\Services\\UserApi::request('get', '/me', Array)
#344 E:\\Productivity\\wamp64\\www\\laravel\\originality\\app\\Services\\UserApi.php(12): App\\Services\\UserApi::request('get', '/me', Array)
#345 E:\\Productivity\\wamp64\\www\\laravel\\originality\\app\\Services\\UserApi.php(12): App\\Services\\UserApi::request('get', '/me', Array)
#346 E:\\Productivity\\wamp64\\www\\laravel\\originality\\app\\Services\\UserApi.php(12): App\\Services\\UserApi::request('get', '/me', Array)
#347 E:\\Productivity\\wamp64\\www\\laravel\\originality\\app\\Services\\UserApi.php(12): App\\Services\\UserApi::request('get', '/me', Array)
#348 E:\\Productivity\\wamp64\\www\\laravel\\originality\\app\\Services\\UserApi.php(12): App\\Services\\UserApi::request('get', '/me', Array)
#349 E:\\Productivity\\wamp64\\www\\laravel\\originality\\app\\Services\\UserApi.php(12): App\\Services\\UserApi::request('get', '/me', Array)
#350 E:\\Productivity\\wamp64\\www\\laravel\\originality\\app\\Services\\UserApi.php(12): App\\Services\\UserApi::request('get', '/me', Array)
#351 E:\\Productivity\\wamp64\\www\\laravel\\originality\\app\\Services\\UserApi.php(12): App\\Services\\UserApi::request('get', '/me', Array)
#352 E:\\Productivity\\wamp64\\www\\laravel\\originality\\app\\Services\\UserApi.php(12): App\\Services\\UserApi::request('get', '/me', Array)
#353 E:\\Productivity\\wamp64\\www\\laravel\\originality\\app\\Services\\UserApi.php(12): App\\Services\\UserApi::request('get', '/me', Array)
#354 E:\\Productivity\\wamp64\\www\\laravel\\originality\\app\\Services\\UserApi.php(12): App\\Services\\UserApi::request('get', '/me', Array)
#355 E:\\Productivity\\wamp64\\www\\laravel\\originality\\app\\Services\\UserApi.php(12): App\\Services\\UserApi::request('get', '/me', Array)
#356 E:\\Productivity\\wamp64\\www\\laravel\\originality\\app\\Services\\UserApi.php(12): App\\Services\\UserApi::request('get', '/me', Array)
#357 E:\\Productivity\\wamp64\\www\\laravel\\originality\\app\\Services\\UserApi.php(12): App\\Services\\UserApi::request('get', '/me', Array)
#358 E:\\Productivity\\wamp64\\www\\laravel\\originality\\app\\Services\\UserApi.php(12): App\\Services\\UserApi::request('get', '/me', Array)
#359 E:\\Productivity\\wamp64\\www\\laravel\\originality\\app\\Services\\UserApi.php(12): App\\Services\\UserApi::request('get', '/me', Array)
#360 E:\\Productivity\\wamp64\\www\\laravel\\originality\\app\\Services\\UserApi.php(12): App\\Services\\UserApi::request('get', '/me', Array)
#361 E:\\Productivity\\wamp64\\www\\laravel\\originality\\app\\Services\\UserApi.php(12): App\\Services\\UserApi::request('get', '/me', Array)
#362 E:\\Productivity\\wamp64\\www\\laravel\\originality\\app\\Services\\UserApi.php(12): App\\Services\\UserApi::request('get', '/me', Array)
#363 E:\\Productivity\\wamp64\\www\\laravel\\originality\\app\\Services\\UserApi.php(12): App\\Services\\UserApi::request('get', '/me', Array)
#364 E:\\Productivity\\wamp64\\www\\laravel\\originality\\app\\Services\\UserApi.php(12): App\\Services\\UserApi::request('get', '/me', Array)
#365 E:\\Productivity\\wamp64\\www\\laravel\\originality\\app\\Services\\UserApi.php(12): App\\Services\\UserApi::request('get', '/me', Array)
#366 E:\\Productivity\\wamp64\\www\\laravel\\originality\\app\\Services\\UserApi.php(12): App\\Services\\UserApi::request('get', '/me', Array)
#367 E:\\Productivity\\wamp64\\www\\laravel\\originality\\app\\Services\\UserApi.php(12): App\\Services\\UserApi::request('get', '/me', Array)
#368 E:\\Productivity\\wamp64\\www\\laravel\\originality\\app\\Services\\UserApi.php(12): App\\Services\\UserApi::request('get', '/me', Array)
#369 E:\\Productivity\\wamp64\\www\\laravel\\originality\\app\\Services\\UserApi.php(12): App\\Services\\UserApi::request('get', '/me', Array)
#370 E:\\Productivity\\wamp64\\www\\laravel\\originality\\app\\Services\\UserApi.php(12): App\\Services\\UserApi::request('get', '/me', Array)
#371 E:\\Productivity\\wamp64\\www\\laravel\\originality\\app\\Services\\UserApi.php(12): App\\Services\\UserApi::request('get', '/me', Array)
#372 E:\\Productivity\\wamp64\\www\\laravel\\originality\\app\\Services\\UserApi.php(12): App\\Services\\UserApi::request('get', '/me', Array)
#373 E:\\Productivity\\wamp64\\www\\laravel\\originality\\app\\Services\\UserApi.php(12): App\\Services\\UserApi::request('get', '/me', Array)
#374 E:\\Productivity\\wamp64\\www\\laravel\\originality\\app\\Services\\UserApi.php(12): App\\Services\\UserApi::request('get', '/me', Array)
#375 E:\\Productivity\\wamp64\\www\\laravel\\originality\\app\\Services\\UserApi.php(12): App\\Services\\UserApi::request('get', '/me', Array)
#376 E:\\Productivity\\wamp64\\www\\laravel\\originality\\app\\Services\\UserApi.php(12): App\\Services\\UserApi::request('get', '/me', Array)
#377 E:\\Productivity\\wamp64\\www\\laravel\\originality\\app\\Services\\UserApi.php(12): App\\Services\\UserApi::request('get', '/me', Array)
#378 E:\\Productivity\\wamp64\\www\\laravel\\originality\\app\\Services\\UserApi.php(12): App\\Services\\UserApi::request('get', '/me', Array)
#379 E:\\Productivity\\wamp64\\www\\laravel\\originality\\app\\Services\\UserApi.php(12): App\\Services\\UserApi::request('get', '/me', Array)
#380 E:\\Productivity\\wamp64\\www\\laravel\\originality\\app\\Services\\UserApi.php(12): App\\Services\\UserApi::request('get', '/me', Array)
#381 E:\\Productivity\\wamp64\\www\\laravel\\originality\\app\\Services\\UserApi.php(12): App\\Services\\UserApi::request('get', '/me', Array)
#382 E:\\Productivity\\wamp64\\www\\laravel\\originality\\app\\Services\\UserApi.php(12): App\\Services\\UserApi::request('get', '/me', Array)
#383 E:\\Productivity\\wamp64\\www\\laravel\\originality\\app\\Services\\UserApi.php(12): App\\Services\\UserApi::request('get', '/me', Array)
#384 E:\\Productivity\\wamp64\\www\\laravel\\originality\\app\\Services\\UserApi.php(12): App\\Services\\UserApi::request('get', '/me', Array)
#385 E:\\Productivity\\wamp64\\www\\laravel\\originality\\app\\Services\\UserApi.php(12): App\\Services\\UserApi::request('get', '/me', Array)
#386 E:\\Productivity\\wamp64\\www\\laravel\\originality\\app\\Services\\UserApi.php(12): App\\Services\\UserApi::request('get', '/me', Array)
#387 E:\\Productivity\\wamp64\\www\\laravel\\originality\\app\\Services\\UserApi.php(12): App\\Services\\UserApi::request('get', '/me', Array)
#388 E:\\Productivity\\wamp64\\www\\laravel\\originality\\app\\Services\\UserApi.php(12): App\\Services\\UserApi::request('get', '/me', Array)
#389 E:\\Productivity\\wamp64\\www\\laravel\\originality\\app\\Services\\UserApi.php(12): App\\Services\\UserApi::request('get', '/me', Array)
#390 E:\\Productivity\\wamp64\\www\\laravel\\originality\\app\\Services\\UserApi.php(12): App\\Services\\UserApi::request('get', '/me', Array)
#391 E:\\Productivity\\wamp64\\www\\laravel\\originality\\app\\Services\\UserApi.php(12): App\\Services\\UserApi::request('get', '/me', Array)
#392 E:\\Productivity\\wamp64\\www\\laravel\\originality\\app\\Services\\UserApi.php(12): App\\Services\\UserApi::request('get', '/me', Array)
#393 E:\\Productivity\\wamp64\\www\\laravel\\originality\\app\\Services\\UserApi.php(12): App\\Services\\UserApi::request('get', '/me', Array)
#394 E:\\Productivity\\wamp64\\www\\laravel\\originality\\app\\Services\\UserApi.php(12): App\\Services\\UserApi::request('get', '/me', Array)
#395 E:\\Productivity\\wamp64\\www\\laravel\\originality\\app\\Services\\UserApi.php(12): App\\Services\\UserApi::request('get', '/me', Array)
#396 E:\\Productivity\\wamp64\\www\\laravel\\originality\\app\\Services\\UserApi.php(12): App\\Services\\UserApi::request('get', '/me', Array)
#397 E:\\Productivity\\wamp64\\www\\laravel\\originality\\app\\Services\\UserApi.php(12): App\\Services\\UserApi::request('get', '/me', Array)
#398 E:\\Productivity\\wamp64\\www\\laravel\\originality\\app\\Services\\UserApi.php(12): App\\Services\\UserApi::request('get', '/me', Array)
#399 E:\\Productivity\\wamp64\\www\\laravel\\originality\\app\\Services\\UserApi.php(12): App\\Services\\UserApi::request('get', '/me', Array)
#400 E:\\Productivity\\wamp64\\www\\laravel\\originality\\app\\Services\\UserApi.php(12): App\\Services\\UserApi::request('get', '/me', Array)
#401 E:\\Productivity\\wamp64\\www\\laravel\\originality\\app\\Services\\UserApi.php(12): App\\Services\\UserApi::request('get', '/me', Array)
#402 E:\\Productivity\\wamp64\\www\\laravel\\originality\\app\\Services\\UserApi.php(12): App\\Services\\UserApi::request('get', '/me', Array)
#403 E:\\Productivity\\wamp64\\www\\laravel\\originality\\app\\Services\\UserApi.php(12): App\\Services\\UserApi::request('get', '/me', Array)
#404 E:\\Productivity\\wamp64\\www\\laravel\\originality\\app\\Services\\UserApi.php(12): App\\Services\\UserApi::request('get', '/me', Array)
#405 E:\\Productivity\\wamp64\\www\\laravel\\originality\\app\\Services\\UserApi.php(12): App\\Services\\UserApi::request('get', '/me', Array)
#406 E:\\Productivity\\wamp64\\www\\laravel\\originality\\app\\Services\\UserApi.php(12): App\\Services\\UserApi::request('get', '/me', Array)
#407 E:\\Productivity\\wamp64\\www\\laravel\\originality\\app\\Services\\UserApi.php(12): App\\Services\\UserApi::request('get', '/me', Array)
#408 E:\\Productivity\\wamp64\\www\\laravel\\originality\\app\\Services\\UserApi.php(12): App\\Services\\UserApi::request('get', '/me', Array)
#409 E:\\Productivity\\wamp64\\www\\laravel\\originality\\app\\Services\\UserApi.php(12): App\\Services\\UserApi::request('get', '/me', Array)
#410 E:\\Productivity\\wamp64\\www\\laravel\\originality\\app\\Services\\UserApi.php(12): App\\Services\\UserApi::request('get', '/me', Array)
#411 E:\\Productivity\\wamp64\\www\\laravel\\originality\\app\\Services\\UserApi.php(12): App\\Services\\UserApi::request('get', '/me', Array)
#412 E:\\Productivity\\wamp64\\www\\laravel\\originality\\app\\Services\\UserApi.php(12): App\\Services\\UserApi::request('get', '/me', Array)
#413 E:\\Productivity\\wamp64\\www\\laravel\\originality\\app\\Services\\UserApi.php(12): App\\Services\\UserApi::request('get', '/me', Array)
#414 E:\\Productivity\\wamp64\\www\\laravel\\originality\\app\\Services\\UserApi.php(12): App\\Services\\UserApi::request('get', '/me', Array)
#415 E:\\Productivity\\wamp64\\www\\laravel\\originality\\app\\Services\\UserApi.php(12): App\\Services\\UserApi::request('get', '/me', Array)
#416 E:\\Productivity\\wamp64\\www\\laravel\\originality\\app\\Services\\UserApi.php(12): App\\Services\\UserApi::request('get', '/me', Array)
#417 E:\\Productivity\\wamp64\\www\\laravel\\originality\\app\\Services\\UserApi.php(12): App\\Services\\UserApi::request('get', '/me', Array)
#418 E:\\Productivity\\wamp64\\www\\laravel\\originality\\app\\Services\\UserApi.php(12): App\\Services\\UserApi::request('get', '/me', Array)
#419 E:\\Productivity\\wamp64\\www\\laravel\\originality\\app\\Services\\UserApi.php(12): App\\Services\\UserApi::request('get', '/me', Array)
#420 E:\\Productivity\\wamp64\\www\\laravel\\originality\\app\\Services\\UserApi.php(12): App\\Services\\UserApi::request('get', '/me', Array)
#421 E:\\Productivity\\wamp64\\www\\laravel\\originality\\app\\Services\\UserApi.php(12): App\\Services\\UserApi::request('get', '/me', Array)
#422 E:\\Productivity\\wamp64\\www\\laravel\\originality\\app\\Services\\UserApi.php(12): App\\Services\\UserApi::request('get', '/me', Array)
#423 E:\\Productivity\\wamp64\\www\\laravel\\originality\\app\\Services\\UserApi.php(12): App\\Services\\UserApi::request('get', '/me', Array)
#424 E:\\Productivity\\wamp64\\www\\laravel\\originality\\app\\Services\\UserApi.php(12): App\\Services\\UserApi::request('get', '/me', Array)
#425 E:\\Productivity\\wamp64\\www\\laravel\\originality\\app\\Services\\UserApi.php(12): App\\Services\\UserApi::request('get', '/me', Array)
#426 E:\\Productivity\\wamp64\\www\\laravel\\originality\\app\\Services\\UserApi.php(12): App\\Services\\UserApi::request('get', '/me', Array)
#427 E:\\Productivity\\wamp64\\www\\laravel\\originality\\app\\Services\\UserApi.php(12): App\\Services\\UserApi::request('get', '/me', Array)
#428 E:\\Productivity\\wamp64\\www\\laravel\\originality\\app\\Services\\UserApi.php(12): App\\Services\\UserApi::request('get', '/me', Array)
#429 E:\\Productivity\\wamp64\\www\\laravel\\originality\\app\\Services\\UserApi.php(12): App\\Services\\UserApi::request('get', '/me', Array)
#430 E:\\Productivity\\wamp64\\www\\laravel\\originality\\app\\Services\\UserApi.php(12): App\\Services\\UserApi::request('get', '/me', Array)
#431 E:\\Productivity\\wamp64\\www\\laravel\\originality\\app\\Services\\UserApi.php(12): App\\Services\\UserApi::request('get', '/me', Array)
#432 E:\\Productivity\\wamp64\\www\\laravel\\originality\\app\\Services\\UserApi.php(12): App\\Services\\UserApi::request('get', '/me', Array)
#433 E:\\Productivity\\wamp64\\www\\laravel\\originality\\app\\Services\\UserApi.php(12): App\\Services\\UserApi::request('get', '/me', Array)
#434 E:\\Productivity\\wamp64\\www\\laravel\\originality\\app\\Services\\UserApi.php(12): App\\Services\\UserApi::request('get', '/me', Array)
#435 E:\\Productivity\\wamp64\\www\\laravel\\originality\\app\\Services\\UserApi.php(12): App\\Services\\UserApi::request('get', '/me', Array)
#436 E:\\Productivity\\wamp64\\www\\laravel\\originality\\app\\Services\\UserApi.php(12): App\\Services\\UserApi::request('get', '/me', Array)
#437 E:\\Productivity\\wamp64\\www\\laravel\\originality\\app\\Services\\UserApi.php(12): App\\Services\\UserApi::request('get', '/me', Array)
#438 E:\\Productivity\\wamp64\\www\\laravel\\originality\\app\\Services\\UserApi.php(12): App\\Services\\UserApi::request('get', '/me', Array)
#439 E:\\Productivity\\wamp64\\www\\laravel\\originality\\app\\Services\\UserApi.php(12): App\\Services\\UserApi::request('get', '/me', Array)
#440 E:\\Productivity\\wamp64\\www\\laravel\\originality\\app\\Services\\UserApi.php(12): App\\Services\\UserApi::request('get', '/me', Array)
#441 E:\\Productivity\\wamp64\\www\\laravel\\originality\\app\\Services\\UserApi.php(12): App\\Services\\UserApi::request('get', '/me', Array)
#442 E:\\Productivity\\wamp64\\www\\laravel\\originality\\app\\Services\\UserApi.php(12): App\\Services\\UserApi::request('get', '/me', Array)
#443 E:\\Productivity\\wamp64\\www\\laravel\\originality\\app\\Services\\UserApi.php(12): App\\Services\\UserApi::request('get', '/me', Array)
#444 E:\\Productivity\\wamp64\\www\\laravel\\originality\\app\\Services\\UserApi.php(12): App\\Services\\UserApi::request('get', '/me', Array)
#445 E:\\Productivity\\wamp64\\www\\laravel\\originality\\app\\Services\\UserApi.php(12): App\\Services\\UserApi::request('get', '/me', Array)
#446 E:\\Productivity\\wamp64\\www\\laravel\\originality\\app\\Services\\UserApi.php(12): App\\Services\\UserApi::request('get', '/me', Array)
#447 E:\\Productivity\\wamp64\\www\\laravel\\originality\\app\\Services\\UserApi.php(12): App\\Services\\UserApi::request('get', '/me', Array)
#448 E:\\Productivity\\wamp64\\www\\laravel\\originality\\app\\Services\\UserApi.php(12): App\\Services\\UserApi::request('get', '/me', Array)
#449 E:\\Productivity\\wamp64\\www\\laravel\\originality\\app\\Services\\UserApi.php(12): App\\Services\\UserApi::request('get', '/me', Array)
#450 E:\\Productivity\\wamp64\\www\\laravel\\originality\\app\\Services\\UserApi.php(12): App\\Services\\UserApi::request('get', '/me', Array)
#451 E:\\Productivity\\wamp64\\www\\laravel\\originality\\app\\Services\\UserApi.php(12): App\\Services\\UserApi::request('get', '/me', Array)
#452 E:\\Productivity\\wamp64\\www\\laravel\\originality\\app\\Services\\UserApi.php(12): App\\Services\\UserApi::request('get', '/me', Array)
#453 E:\\Productivity\\wamp64\\www\\laravel\\originality\\app\\Services\\UserApi.php(12): App\\Services\\UserApi::request('get', '/me', Array)
#454 E:\\Productivity\\wamp64\\www\\laravel\\originality\\routes\\web.php(15): App\\Services\\UserApi::request('get', '/me')
#455 E:\\Productivity\\wamp64\\www\\laravel\\originality\\vendor\\laravel\\framework\\src\\Illuminate\\Routing\\CallableDispatcher.php(39): Illuminate\\Routing\\RouteFileRegistrar->{closure}()
#456 E:\\Productivity\\wamp64\\www\\laravel\\originality\\vendor\\laravel\\framework\\src\\Illuminate\\Routing\\Route.php(243): Illuminate\\Routing\\CallableDispatcher->dispatch(Object(Illuminate\\Routing\\Route), Object(Closure))
#457 E:\\Productivity\\wamp64\\www\\laravel\\originality\\vendor\\laravel\\framework\\src\\Illuminate\\Routing\\Route.php(214): Illuminate\\Routing\\Route->runCallable()
#458 E:\\Productivity\\wamp64\\www\\laravel\\originality\\vendor\\laravel\\framework\\src\\Illuminate\\Routing\\Router.php(822): Illuminate\\Routing\\Route->run()
#459 E:\\Productivity\\wamp64\\www\\laravel\\originality\\vendor\\laravel\\framework\\src\\Illuminate\\Pipeline\\Pipeline.php(180): Illuminate\\Routing\\Router->Illuminate\\Routing\\{closure}(Object(Illuminate\\Http\\Request))
#460 E:\\Productivity\\wamp64\\www\\laravel\\originality\\app\\Http\\Middleware\\CheckPermission.php(20): Illuminate\\Pipeline\\Pipeline->Illuminate\\Pipeline\\{closure}(Object(Illuminate\\Http\\Request))
#461 E:\\Productivity\\wamp64\\www\\laravel\\originality\\vendor\\laravel\\framework\\src\\Illuminate\\Pipeline\\Pipeline.php(219): App\\Http\\Middleware\\CheckPermission->handle(Object(Illuminate\\Http\\Request), Object(Closure), 'dashboard-list')
#462 E:\\Productivity\\wamp64\\www\\laravel\\originality\\app\\Http\\Middleware\\ApiWithUserToken.php(26): Illuminate\\Pipeline\\Pipeline->Illuminate\\Pipeline\\{closure}(Object(Illuminate\\Http\\Request))
#463 E:\\Productivity\\wamp64\\www\\laravel\\originality\\vendor\\laravel\\framework\\src\\Illuminate\\Pipeline\\Pipeline.php(219): App\\Http\\Middleware\\ApiWithUserToken->handle(Object(Illuminate\\Http\\Request), Object(Closure))
#464 E:\\Productivity\\wamp64\\www\\laravel\\originality\\app\\Http\\Middleware\\AuthApi.php(16): Illuminate\\Pipeline\\Pipeline->Illuminate\\Pipeline\\{closure}(Object(Illuminate\\Http\\Request))
#465 E:\\Productivity\\wamp64\\www\\laravel\\originality\\vendor\\laravel\\framework\\src\\Illuminate\\Pipeline\\Pipeline.php(219): App\\Http\\Middleware\\AuthApi->handle(Object(Illuminate\\Http\\Request), Object(Closure))
#466 E:\\Productivity\\wamp64\\www\\laravel\\originality\\vendor\\laravel\\framework\\src\\Illuminate\\Routing\\Middleware\\SubstituteBindings.php(50): Illuminate\\Pipeline\\Pipeline->Illuminate\\Pipeline\\{closure}(Object(Illuminate\\Http\\Request))
#467 E:\\Productivity\\wamp64\\www\\laravel\\originality\\vendor\\laravel\\framework\\src\\Illuminate\\Pipeline\\Pipeline.php(219): Illuminate\\Routing\\Middleware\\SubstituteBindings->handle(Object(Illuminate\\Http\\Request), Object(Closure))
#468 E:\\Productivity\\wamp64\\www\\laravel\\originality\\vendor\\laravel\\framework\\src\\Illuminate\\Foundation\\Http\\Middleware\\VerifyCsrfToken.php(87): Illuminate\\Pipeline\\Pipeline->Illuminate\\Pipeline\\{closure}(Object(Illuminate\\Http\\Request))
#469 E:\\Productivity\\wamp64\\www\\laravel\\originality\\vendor\\laravel\\framework\\src\\Illuminate\\Pipeline\\Pipeline.php(219): Illuminate\\Foundation\\Http\\Middleware\\VerifyCsrfToken->handle(Object(Illuminate\\Http\\Request), Object(Closure))
#470 E:\\Productivity\\wamp64\\www\\laravel\\originality\\vendor\\laravel\\framework\\src\\Illuminate\\View\\Middleware\\ShareErrorsFromSession.php(48): Illuminate\\Pipeline\\Pipeline->Illuminate\\Pipeline\\{closure}(Object(Illuminate\\Http\\Request))
#471 E:\\Productivity\\wamp64\\www\\laravel\\originality\\vendor\\laravel\\framework\\src\\Illuminate\\Pipeline\\Pipeline.php(219): Illuminate\\View\\Middleware\\ShareErrorsFromSession->handle(Object(Illuminate\\Http\\Request), Object(Closure))
#472 E:\\Productivity\\wamp64\\www\\laravel\\originality\\vendor\\laravel\\framework\\src\\Illuminate\\Session\\Middleware\\StartSession.php(120): Illuminate\\Pipeline\\Pipeline->Illuminate\\Pipeline\\{closure}(Object(Illuminate\\Http\\Request))
#473 E:\\Productivity\\wamp64\\www\\laravel\\originality\\vendor\\laravel\\framework\\src\\Illuminate\\Session\\Middleware\\StartSession.php(63): Illuminate\\Session\\Middleware\\StartSession->handleStatefulRequest(Object(Illuminate\\Http\\Request), Object(Illuminate\\Session\\Store), Object(Closure))
#474 E:\\Productivity\\wamp64\\www\\laravel\\originality\\vendor\\laravel\\framework\\src\\Illuminate\\Pipeline\\Pipeline.php(219): Illuminate\\Session\\Middleware\\StartSession->handle(Object(Illuminate\\Http\\Request), Object(Closure))
#475 E:\\Productivity\\wamp64\\www\\laravel\\originality\\vendor\\laravel\\framework\\src\\Illuminate\\Cookie\\Middleware\\AddQueuedCookiesToResponse.php(36): Illuminate\\Pipeline\\Pipeline->Illuminate\\Pipeline\\{closure}(Object(Illuminate\\Http\\Request))
#476 E:\\Productivity\\wamp64\\www\\laravel\\originality\\vendor\\laravel\\framework\\src\\Illuminate\\Pipeline\\Pipeline.php(219): Illuminate\\Cookie\\Middleware\\AddQueuedCookiesToResponse->handle(Object(Illuminate\\Http\\Request), Object(Closure))
#477 E:\\Productivity\\wamp64\\www\\laravel\\originality\\vendor\\laravel\\framework\\src\\Illuminate\\Cookie\\Middleware\\EncryptCookies.php(74): Illuminate\\Pipeline\\Pipeline->Illuminate\\Pipeline\\{closure}(Object(Illuminate\\Http\\Request))
#478 E:\\Productivity\\wamp64\\www\\laravel\\originality\\vendor\\laravel\\framework\\src\\Illuminate\\Pipeline\\Pipeline.php(219): Illuminate\\Cookie\\Middleware\\EncryptCookies->handle(Object(Illuminate\\Http\\Request), Object(Closure))
#479 E:\\Productivity\\wamp64\\www\\laravel\\originality\\vendor\\laravel\\framework\\src\\Illuminate\\Pipeline\\Pipeline.php(137): Illuminate\\Pipeline\\Pipeline->Illuminate\\Pipeline\\{closure}(Object(Illuminate\\Http\\Request))
#480 E:\\Productivity\\wamp64\\www\\laravel\\originality\\vendor\\laravel\\framework\\src\\Illuminate\\Routing\\Router.php(821): Illuminate\\Pipeline\\Pipeline->then(Object(Closure))
#481 E:\\Productivity\\wamp64\\www\\laravel\\originality\\vendor\\laravel\\framework\\src\\Illuminate\\Routing\\Router.php(800): Illuminate\\Routing\\Router->runRouteWithinStack(Object(Illuminate\\Routing\\Route), Object(Illuminate\\Http\\Request))
#482 E:\\Productivity\\wamp64\\www\\laravel\\originality\\vendor\\laravel\\framework\\src\\Illuminate\\Routing\\Router.php(764): Illuminate\\Routing\\Router->runRoute(Object(Illuminate\\Http\\Request), Object(Illuminate\\Routing\\Route))
#483 E:\\Productivity\\wamp64\\www\\laravel\\originality\\vendor\\laravel\\framework\\src\\Illuminate\\Routing\\Router.php(753): Illuminate\\Routing\\Router->dispatchToRoute(Object(Illuminate\\Http\\Request))
#484 E:\\Productivity\\wamp64\\www\\laravel\\originality\\vendor\\laravel\\framework\\src\\Illuminate\\Foundation\\Http\\Kernel.php(200): Illuminate\\Routing\\Router->dispatch(Object(Illuminate\\Http\\Request))
#485 E:\\Productivity\\wamp64\\www\\laravel\\originality\\vendor\\laravel\\framework\\src\\Illuminate\\Pipeline\\Pipeline.php(180): Illuminate\\Foundation\\Http\\Kernel->Illuminate\\Foundation\\Http\\{closure}(Object(Illuminate\\Http\\Request))
#486 E:\\Productivity\\wamp64\\www\\laravel\\originality\\vendor\\livewire\\livewire\\src\\Features\\SupportDisablingBackButtonCache\\DisableBackButtonCacheMiddleware.php(19): Illuminate\\Pipeline\\Pipeline->Illuminate\\Pipeline\\{closure}(Object(Illuminate\\Http\\Request))
#487 E:\\Productivity\\wamp64\\www\\laravel\\originality\\vendor\\laravel\\framework\\src\\Illuminate\\Pipeline\\Pipeline.php(219): Livewire\\Features\\SupportDisablingBackButtonCache\\DisableBackButtonCacheMiddleware->handle(Object(Illuminate\\Http\\Request), Object(Closure))
#488 E:\\Productivity\\wamp64\\www\\laravel\\originality\\vendor\\laravel\\framework\\src\\Illuminate\\Foundation\\Http\\Middleware\\TransformsRequest.php(21): Illuminate\\Pipeline\\Pipeline->Illuminate\\Pipeline\\{closure}(Object(Illuminate\\Http\\Request))
#489 E:\\Productivity\\wamp64\\www\\laravel\\originality\\vendor\\laravel\\framework\\src\\Illuminate\\Foundation\\Http\\Middleware\\ConvertEmptyStringsToNull.php(31): Illuminate\\Foundation\\Http\\Middleware\\TransformsRequest->handle(Object(Illuminate\\Http\\Request), Object(Closure))
#490 E:\\Productivity\\wamp64\\www\\laravel\\originality\\vendor\\laravel\\framework\\src\\Illuminate\\Pipeline\\Pipeline.php(219): Illuminate\\Foundation\\Http\\Middleware\\ConvertEmptyStringsToNull->handle(Object(Illuminate\\Http\\Request), Object(Closure))
#491 E:\\Productivity\\wamp64\\www\\laravel\\originality\\vendor\\laravel\\framework\\src\\Illuminate\\Foundation\\Http\\Middleware\\TransformsRequest.php(21): Illuminate\\Pipeline\\Pipeline->Illuminate\\Pipeline\\{closure}(Object(Illuminate\\Http\\Request))
#492 E:\\Productivity\\wamp64\\www\\laravel\\originality\\vendor\\laravel\\framework\\src\\Illuminate\\Foundation\\Http\\Middleware\\TrimStrings.php(51): Illuminate\\Foundation\\Http\\Middleware\\TransformsRequest->handle(Object(Illuminate\\Http\\Request), Object(Closure))
#493 E:\\Productivity\\wamp64\\www\\laravel\\originality\\vendor\\laravel\\framework\\src\\Illuminate\\Pipeline\\Pipeline.php(219): Illuminate\\Foundation\\Http\\Middleware\\TrimStrings->handle(Object(Illuminate\\Http\\Request), Object(Closure))
#494 E:\\Productivity\\wamp64\\www\\laravel\\originality\\vendor\\laravel\\framework\\src\\Illuminate\\Http\\Middleware\\ValidatePostSize.php(27): Illuminate\\Pipeline\\Pipeline->Illuminate\\Pipeline\\{closure}(Object(Illuminate\\Http\\Request))
#495 E:\\Productivity\\wamp64\\www\\laravel\\originality\\vendor\\laravel\\framework\\src\\Illuminate\\Pipeline\\Pipeline.php(219): Illuminate\\Http\\Middleware\\ValidatePostSize->handle(Object(Illuminate\\Http\\Request), Object(Closure))
#496 E:\\Productivity\\wamp64\\www\\laravel\\originality\\vendor\\laravel\\framework\\src\\Illuminate\\Foundation\\Http\\Middleware\\PreventRequestsDuringMaintenance.php(109): Illuminate\\Pipeline\\Pipeline->Illuminate\\Pipeline\\{closure}(Object(Illuminate\\Http\\Request))
#497 E:\\Productivity\\wamp64\\www\\laravel\\originality\\vendor\\laravel\\framework\\src\\Illuminate\\Pipeline\\Pipeline.php(219): Illuminate\\Foundation\\Http\\Middleware\\PreventRequestsDuringMaintenance->handle(Object(Illuminate\\Http\\Request), Object(Closure))
#498 E:\\Productivity\\wamp64\\www\\laravel\\originality\\vendor\\laravel\\framework\\src\\Illuminate\\Http\\Middleware\\HandleCors.php(48): Illuminate\\Pipeline\\Pipeline->Illuminate\\Pipeline\\{closure}(Object(Illuminate\\Http\\Request))
#499 E:\\Productivity\\wamp64\\www\\laravel\\originality\\vendor\\laravel\\framework\\src\\Illuminate\\Pipeline\\Pipeline.php(219): Illuminate\\Http\\Middleware\\HandleCors->handle(Object(Illuminate\\Http\\Request), Object(Closure))
#500 E:\\Productivity\\wamp64\\www\\laravel\\originality\\vendor\\laravel\\framework\\src\\Illuminate\\Http\\Middleware\\TrustProxies.php(58): Illuminate\\Pipeline\\Pipeline->Illuminate\\Pipeline\\{closure}(Object(Illuminate\\Http\\Request))
#501 E:\\Productivity\\wamp64\\www\\laravel\\originality\\vendor\\laravel\\framework\\src\\Illuminate\\Pipeline\\Pipeline.php(219): Illuminate\\Http\\Middleware\\TrustProxies->handle(Object(Illuminate\\Http\\Request), Object(Closure))
#502 E:\\Productivity\\wamp64\\www\\laravel\\originality\\vendor\\laravel\\framework\\src\\Illuminate\\Foundation\\Http\\Middleware\\InvokeDeferredCallbacks.php(22): Illuminate\\Pipeline\\Pipeline->Illuminate\\Pipeline\\{closure}(Object(Illuminate\\Http\\Request))
#503 E:\\Productivity\\wamp64\\www\\laravel\\originality\\vendor\\laravel\\framework\\src\\Illuminate\\Pipeline\\Pipeline.php(219): Illuminate\\Foundation\\Http\\Middleware\\InvokeDeferredCallbacks->handle(Object(Illuminate\\Http\\Request), Object(Closure))
#504 E:\\Productivity\\wamp64\\www\\laravel\\originality\\vendor\\laravel\\framework\\src\\Illuminate\\Http\\Middleware\\ValidatePathEncoding.php(26): Illuminate\\Pipeline\\Pipeline->Illuminate\\Pipeline\\{closure}(Object(Illuminate\\Http\\Request))
#505 E:\\Productivity\\wamp64\\www\\laravel\\originality\\vendor\\laravel\\framework\\src\\Illuminate\\Pipeline\\Pipeline.php(219): Illuminate\\Http\\Middleware\\ValidatePathEncoding->handle(Object(Illuminate\\Http\\Request), Object(Closure))
#506 E:\\Productivity\\wamp64\\www\\laravel\\originality\\vendor\\laravel\\framework\\src\\Illuminate\\Pipeline\\Pipeline.php(137): Illuminate\\Pipeline\\Pipeline->Illuminate\\Pipeline\\{closure}(Object(Illuminate\\Http\\Request))
#507 E:\\Productivity\\wamp64\\www\\laravel\\originality\\vendor\\laravel\\framework\\src\\Illuminate\\Foundation\\Http\\Kernel.php(175): Illuminate\\Pipeline\\Pipeline->then(Object(Closure))
#508 E:\\Productivity\\wamp64\\www\\laravel\\originality\\vendor\\laravel\\framework\\src\\Illuminate\\Foundation\\Http\\Kernel.php(144): Illuminate\\Foundation\\Http\\Kernel->sendRequestThroughRouter(Object(Illuminate\\Http\\Request))
#509 E:\\Productivity\\wamp64\\www\\laravel\\originality\\vendor\\laravel\\framework\\src\\Illuminate\\Foundation\\Application.php(1220): Illuminate\\Foundation\\Http\\Kernel->handle(Object(Illuminate\\Http\\Request))
#510 E:\\Productivity\\wamp64\\www\\laravel\\originality\\public\\index.php(20): Illuminate\\Foundation\\Application->handleRequest(Object(Illuminate\\Http\\Request))
#511 E:\\Productivity\\wamp64\\www\\laravel\\originality\\vendor\\laravel\\framework\\src\\Illuminate\\Foundation\\resources\\server.php(23): require_once('E:\\\\Productivity...')
#512 {main}
"} 
[2025-09-09 04:50:47] local.ERROR: Xdebug has detected a possible infinite loop, and aborted your script with a stack depth of '512' frames {"exception":"[object] (Error(code: 0): Xdebug has detected a possible infinite loop, and aborted your script with a stack depth of '512' frames at E:\\Productivity\\wamp64\\www\\laravel\\originality\\app\\Services\\UserApi.php:10)
[stacktrace]
#0 E:\\Productivity\\wamp64\\www\\laravel\\originality\\app\\Services\\UserApi.php(12): App\\Services\\UserApi::request('get', '/me', Array)
#1 E:\\Productivity\\wamp64\\www\\laravel\\originality\\app\\Services\\UserApi.php(12): App\\Services\\UserApi::request('get', '/me', Array)
#2 E:\\Productivity\\wamp64\\www\\laravel\\originality\\app\\Services\\UserApi.php(12): App\\Services\\UserApi::request('get', '/me', Array)
#3 E:\\Productivity\\wamp64\\www\\laravel\\originality\\app\\Services\\UserApi.php(12): App\\Services\\UserApi::request('get', '/me', Array)
#4 E:\\Productivity\\wamp64\\www\\laravel\\originality\\app\\Services\\UserApi.php(12): App\\Services\\UserApi::request('get', '/me', Array)
#5 E:\\Productivity\\wamp64\\www\\laravel\\originality\\app\\Services\\UserApi.php(12): App\\Services\\UserApi::request('get', '/me', Array)
#6 E:\\Productivity\\wamp64\\www\\laravel\\originality\\app\\Services\\UserApi.php(12): App\\Services\\UserApi::request('get', '/me', Array)
#7 E:\\Productivity\\wamp64\\www\\laravel\\originality\\app\\Services\\UserApi.php(12): App\\Services\\UserApi::request('get', '/me', Array)
#8 E:\\Productivity\\wamp64\\www\\laravel\\originality\\app\\Services\\UserApi.php(12): App\\Services\\UserApi::request('get', '/me', Array)
#9 E:\\Productivity\\wamp64\\www\\laravel\\originality\\app\\Services\\UserApi.php(12): App\\Services\\UserApi::request('get', '/me', Array)
#10 E:\\Productivity\\wamp64\\www\\laravel\\originality\\app\\Services\\UserApi.php(12): App\\Services\\UserApi::request('get', '/me', Array)
#11 E:\\Productivity\\wamp64\\www\\laravel\\originality\\app\\Services\\UserApi.php(12): App\\Services\\UserApi::request('get', '/me', Array)
#12 E:\\Productivity\\wamp64\\www\\laravel\\originality\\app\\Services\\UserApi.php(12): App\\Services\\UserApi::request('get', '/me', Array)
#13 E:\\Productivity\\wamp64\\www\\laravel\\originality\\app\\Services\\UserApi.php(12): App\\Services\\UserApi::request('get', '/me', Array)
#14 E:\\Productivity\\wamp64\\www\\laravel\\originality\\app\\Services\\UserApi.php(12): App\\Services\\UserApi::request('get', '/me', Array)
#15 E:\\Productivity\\wamp64\\www\\laravel\\originality\\app\\Services\\UserApi.php(12): App\\Services\\UserApi::request('get', '/me', Array)
#16 E:\\Productivity\\wamp64\\www\\laravel\\originality\\app\\Services\\UserApi.php(12): App\\Services\\UserApi::request('get', '/me', Array)
#17 E:\\Productivity\\wamp64\\www\\laravel\\originality\\app\\Services\\UserApi.php(12): App\\Services\\UserApi::request('get', '/me', Array)
#18 E:\\Productivity\\wamp64\\www\\laravel\\originality\\app\\Services\\UserApi.php(12): App\\Services\\UserApi::request('get', '/me', Array)
#19 E:\\Productivity\\wamp64\\www\\laravel\\originality\\app\\Services\\UserApi.php(12): App\\Services\\UserApi::request('get', '/me', Array)
#20 E:\\Productivity\\wamp64\\www\\laravel\\originality\\app\\Services\\UserApi.php(12): App\\Services\\UserApi::request('get', '/me', Array)
#21 E:\\Productivity\\wamp64\\www\\laravel\\originality\\app\\Services\\UserApi.php(12): App\\Services\\UserApi::request('get', '/me', Array)
#22 E:\\Productivity\\wamp64\\www\\laravel\\originality\\app\\Services\\UserApi.php(12): App\\Services\\UserApi::request('get', '/me', Array)
#23 E:\\Productivity\\wamp64\\www\\laravel\\originality\\app\\Services\\UserApi.php(12): App\\Services\\UserApi::request('get', '/me', Array)
#24 E:\\Productivity\\wamp64\\www\\laravel\\originality\\app\\Services\\UserApi.php(12): App\\Services\\UserApi::request('get', '/me', Array)
#25 E:\\Productivity\\wamp64\\www\\laravel\\originality\\app\\Services\\UserApi.php(12): App\\Services\\UserApi::request('get', '/me', Array)
#26 E:\\Productivity\\wamp64\\www\\laravel\\originality\\app\\Services\\UserApi.php(12): App\\Services\\UserApi::request('get', '/me', Array)
#27 E:\\Productivity\\wamp64\\www\\laravel\\originality\\app\\Services\\UserApi.php(12): App\\Services\\UserApi::request('get', '/me', Array)
#28 E:\\Productivity\\wamp64\\www\\laravel\\originality\\app\\Services\\UserApi.php(12): App\\Services\\UserApi::request('get', '/me', Array)
#29 E:\\Productivity\\wamp64\\www\\laravel\\originality\\app\\Services\\UserApi.php(12): App\\Services\\UserApi::request('get', '/me', Array)
#30 E:\\Productivity\\wamp64\\www\\laravel\\originality\\app\\Services\\UserApi.php(12): App\\Services\\UserApi::request('get', '/me', Array)
#31 E:\\Productivity\\wamp64\\www\\laravel\\originality\\app\\Services\\UserApi.php(12): App\\Services\\UserApi::request('get', '/me', Array)
#32 E:\\Productivity\\wamp64\\www\\laravel\\originality\\app\\Services\\UserApi.php(12): App\\Services\\UserApi::request('get', '/me', Array)
#33 E:\\Productivity\\wamp64\\www\\laravel\\originality\\app\\Services\\UserApi.php(12): App\\Services\\UserApi::request('get', '/me', Array)
#34 E:\\Productivity\\wamp64\\www\\laravel\\originality\\app\\Services\\UserApi.php(12): App\\Services\\UserApi::request('get', '/me', Array)
#35 E:\\Productivity\\wamp64\\www\\laravel\\originality\\app\\Services\\UserApi.php(12): App\\Services\\UserApi::request('get', '/me', Array)
#36 E:\\Productivity\\wamp64\\www\\laravel\\originality\\app\\Services\\UserApi.php(12): App\\Services\\UserApi::request('get', '/me', Array)
#37 E:\\Productivity\\wamp64\\www\\laravel\\originality\\app\\Services\\UserApi.php(12): App\\Services\\UserApi::request('get', '/me', Array)
#38 E:\\Productivity\\wamp64\\www\\laravel\\originality\\app\\Services\\UserApi.php(12): App\\Services\\UserApi::request('get', '/me', Array)
#39 E:\\Productivity\\wamp64\\www\\laravel\\originality\\app\\Services\\UserApi.php(12): App\\Services\\UserApi::request('get', '/me', Array)
#40 E:\\Productivity\\wamp64\\www\\laravel\\originality\\app\\Services\\UserApi.php(12): App\\Services\\UserApi::request('get', '/me', Array)
#41 E:\\Productivity\\wamp64\\www\\laravel\\originality\\app\\Services\\UserApi.php(12): App\\Services\\UserApi::request('get', '/me', Array)
#42 E:\\Productivity\\wamp64\\www\\laravel\\originality\\app\\Services\\UserApi.php(12): App\\Services\\UserApi::request('get', '/me', Array)
#43 E:\\Productivity\\wamp64\\www\\laravel\\originality\\app\\Services\\UserApi.php(12): App\\Services\\UserApi::request('get', '/me', Array)
#44 E:\\Productivity\\wamp64\\www\\laravel\\originality\\app\\Services\\UserApi.php(12): App\\Services\\UserApi::request('get', '/me', Array)
#45 E:\\Productivity\\wamp64\\www\\laravel\\originality\\app\\Services\\UserApi.php(12): App\\Services\\UserApi::request('get', '/me', Array)
#46 E:\\Productivity\\wamp64\\www\\laravel\\originality\\app\\Services\\UserApi.php(12): App\\Services\\UserApi::request('get', '/me', Array)
#47 E:\\Productivity\\wamp64\\www\\laravel\\originality\\app\\Services\\UserApi.php(12): App\\Services\\UserApi::request('get', '/me', Array)
#48 E:\\Productivity\\wamp64\\www\\laravel\\originality\\app\\Services\\UserApi.php(12): App\\Services\\UserApi::request('get', '/me', Array)
#49 E:\\Productivity\\wamp64\\www\\laravel\\originality\\app\\Services\\UserApi.php(12): App\\Services\\UserApi::request('get', '/me', Array)
#50 E:\\Productivity\\wamp64\\www\\laravel\\originality\\app\\Services\\UserApi.php(12): App\\Services\\UserApi::request('get', '/me', Array)
#51 E:\\Productivity\\wamp64\\www\\laravel\\originality\\app\\Services\\UserApi.php(12): App\\Services\\UserApi::request('get', '/me', Array)
#52 E:\\Productivity\\wamp64\\www\\laravel\\originality\\app\\Services\\UserApi.php(12): App\\Services\\UserApi::request('get', '/me', Array)
#53 E:\\Productivity\\wamp64\\www\\laravel\\originality\\app\\Services\\UserApi.php(12): App\\Services\\UserApi::request('get', '/me', Array)
#54 E:\\Productivity\\wamp64\\www\\laravel\\originality\\app\\Services\\UserApi.php(12): App\\Services\\UserApi::request('get', '/me', Array)
#55 E:\\Productivity\\wamp64\\www\\laravel\\originality\\app\\Services\\UserApi.php(12): App\\Services\\UserApi::request('get', '/me', Array)
#56 E:\\Productivity\\wamp64\\www\\laravel\\originality\\app\\Services\\UserApi.php(12): App\\Services\\UserApi::request('get', '/me', Array)
#57 E:\\Productivity\\wamp64\\www\\laravel\\originality\\app\\Services\\UserApi.php(12): App\\Services\\UserApi::request('get', '/me', Array)
#58 E:\\Productivity\\wamp64\\www\\laravel\\originality\\app\\Services\\UserApi.php(12): App\\Services\\UserApi::request('get', '/me', Array)
#59 E:\\Productivity\\wamp64\\www\\laravel\\originality\\app\\Services\\UserApi.php(12): App\\Services\\UserApi::request('get', '/me', Array)
#60 E:\\Productivity\\wamp64\\www\\laravel\\originality\\app\\Services\\UserApi.php(12): App\\Services\\UserApi::request('get', '/me', Array)
#61 E:\\Productivity\\wamp64\\www\\laravel\\originality\\app\\Services\\UserApi.php(12): App\\Services\\UserApi::request('get', '/me', Array)
#62 E:\\Productivity\\wamp64\\www\\laravel\\originality\\app\\Services\\UserApi.php(12): App\\Services\\UserApi::request('get', '/me', Array)
#63 E:\\Productivity\\wamp64\\www\\laravel\\originality\\app\\Services\\UserApi.php(12): App\\Services\\UserApi::request('get', '/me', Array)
#64 E:\\Productivity\\wamp64\\www\\laravel\\originality\\app\\Services\\UserApi.php(12): App\\Services\\UserApi::request('get', '/me', Array)
#65 E:\\Productivity\\wamp64\\www\\laravel\\originality\\app\\Services\\UserApi.php(12): App\\Services\\UserApi::request('get', '/me', Array)
#66 E:\\Productivity\\wamp64\\www\\laravel\\originality\\app\\Services\\UserApi.php(12): App\\Services\\UserApi::request('get', '/me', Array)
#67 E:\\Productivity\\wamp64\\www\\laravel\\originality\\app\\Services\\UserApi.php(12): App\\Services\\UserApi::request('get', '/me', Array)
#68 E:\\Productivity\\wamp64\\www\\laravel\\originality\\app\\Services\\UserApi.php(12): App\\Services\\UserApi::request('get', '/me', Array)
#69 E:\\Productivity\\wamp64\\www\\laravel\\originality\\app\\Services\\UserApi.php(12): App\\Services\\UserApi::request('get', '/me', Array)
#70 E:\\Productivity\\wamp64\\www\\laravel\\originality\\app\\Services\\UserApi.php(12): App\\Services\\UserApi::request('get', '/me', Array)
#71 E:\\Productivity\\wamp64\\www\\laravel\\originality\\app\\Services\\UserApi.php(12): App\\Services\\UserApi::request('get', '/me', Array)
#72 E:\\Productivity\\wamp64\\www\\laravel\\originality\\app\\Services\\UserApi.php(12): App\\Services\\UserApi::request('get', '/me', Array)
#73 E:\\Productivity\\wamp64\\www\\laravel\\originality\\app\\Services\\UserApi.php(12): App\\Services\\UserApi::request('get', '/me', Array)
#74 E:\\Productivity\\wamp64\\www\\laravel\\originality\\app\\Services\\UserApi.php(12): App\\Services\\UserApi::request('get', '/me', Array)
#75 E:\\Productivity\\wamp64\\www\\laravel\\originality\\app\\Services\\UserApi.php(12): App\\Services\\UserApi::request('get', '/me', Array)
#76 E:\\Productivity\\wamp64\\www\\laravel\\originality\\app\\Services\\UserApi.php(12): App\\Services\\UserApi::request('get', '/me', Array)
#77 E:\\Productivity\\wamp64\\www\\laravel\\originality\\app\\Services\\UserApi.php(12): App\\Services\\UserApi::request('get', '/me', Array)
#78 E:\\Productivity\\wamp64\\www\\laravel\\originality\\app\\Services\\UserApi.php(12): App\\Services\\UserApi::request('get', '/me', Array)
#79 E:\\Productivity\\wamp64\\www\\laravel\\originality\\app\\Services\\UserApi.php(12): App\\Services\\UserApi::request('get', '/me', Array)
#80 E:\\Productivity\\wamp64\\www\\laravel\\originality\\app\\Services\\UserApi.php(12): App\\Services\\UserApi::request('get', '/me', Array)
#81 E:\\Productivity\\wamp64\\www\\laravel\\originality\\app\\Services\\UserApi.php(12): App\\Services\\UserApi::request('get', '/me', Array)
#82 E:\\Productivity\\wamp64\\www\\laravel\\originality\\app\\Services\\UserApi.php(12): App\\Services\\UserApi::request('get', '/me', Array)
#83 E:\\Productivity\\wamp64\\www\\laravel\\originality\\app\\Services\\UserApi.php(12): App\\Services\\UserApi::request('get', '/me', Array)
#84 E:\\Productivity\\wamp64\\www\\laravel\\originality\\app\\Services\\UserApi.php(12): App\\Services\\UserApi::request('get', '/me', Array)
#85 E:\\Productivity\\wamp64\\www\\laravel\\originality\\app\\Services\\UserApi.php(12): App\\Services\\UserApi::request('get', '/me', Array)
#86 E:\\Productivity\\wamp64\\www\\laravel\\originality\\app\\Services\\UserApi.php(12): App\\Services\\UserApi::request('get', '/me', Array)
#87 E:\\Productivity\\wamp64\\www\\laravel\\originality\\app\\Services\\UserApi.php(12): App\\Services\\UserApi::request('get', '/me', Array)
#88 E:\\Productivity\\wamp64\\www\\laravel\\originality\\app\\Services\\UserApi.php(12): App\\Services\\UserApi::request('get', '/me', Array)
#89 E:\\Productivity\\wamp64\\www\\laravel\\originality\\app\\Services\\UserApi.php(12): App\\Services\\UserApi::request('get', '/me', Array)
#90 E:\\Productivity\\wamp64\\www\\laravel\\originality\\app\\Services\\UserApi.php(12): App\\Services\\UserApi::request('get', '/me', Array)
#91 E:\\Productivity\\wamp64\\www\\laravel\\originality\\app\\Services\\UserApi.php(12): App\\Services\\UserApi::request('get', '/me', Array)
#92 E:\\Productivity\\wamp64\\www\\laravel\\originality\\app\\Services\\UserApi.php(12): App\\Services\\UserApi::request('get', '/me', Array)
#93 E:\\Productivity\\wamp64\\www\\laravel\\originality\\app\\Services\\UserApi.php(12): App\\Services\\UserApi::request('get', '/me', Array)
#94 E:\\Productivity\\wamp64\\www\\laravel\\originality\\app\\Services\\UserApi.php(12): App\\Services\\UserApi::request('get', '/me', Array)
#95 E:\\Productivity\\wamp64\\www\\laravel\\originality\\app\\Services\\UserApi.php(12): App\\Services\\UserApi::request('get', '/me', Array)
#96 E:\\Productivity\\wamp64\\www\\laravel\\originality\\app\\Services\\UserApi.php(12): App\\Services\\UserApi::request('get', '/me', Array)
#97 E:\\Productivity\\wamp64\\www\\laravel\\originality\\app\\Services\\UserApi.php(12): App\\Services\\UserApi::request('get', '/me', Array)
#98 E:\\Productivity\\wamp64\\www\\laravel\\originality\\app\\Services\\UserApi.php(12): App\\Services\\UserApi::request('get', '/me', Array)
#99 E:\\Productivity\\wamp64\\www\\laravel\\originality\\app\\Services\\UserApi.php(12): App\\Services\\UserApi::request('get', '/me', Array)
#100 E:\\Productivity\\wamp64\\www\\laravel\\originality\\app\\Services\\UserApi.php(12): App\\Services\\UserApi::request('get', '/me', Array)
#101 E:\\Productivity\\wamp64\\www\\laravel\\originality\\app\\Services\\UserApi.php(12): App\\Services\\UserApi::request('get', '/me', Array)
#102 E:\\Productivity\\wamp64\\www\\laravel\\originality\\app\\Services\\UserApi.php(12): App\\Services\\UserApi::request('get', '/me', Array)
#103 E:\\Productivity\\wamp64\\www\\laravel\\originality\\app\\Services\\UserApi.php(12): App\\Services\\UserApi::request('get', '/me', Array)
#104 E:\\Productivity\\wamp64\\www\\laravel\\originality\\app\\Services\\UserApi.php(12): App\\Services\\UserApi::request('get', '/me', Array)
#105 E:\\Productivity\\wamp64\\www\\laravel\\originality\\app\\Services\\UserApi.php(12): App\\Services\\UserApi::request('get', '/me', Array)
#106 E:\\Productivity\\wamp64\\www\\laravel\\originality\\app\\Services\\UserApi.php(12): App\\Services\\UserApi::request('get', '/me', Array)
#107 E:\\Productivity\\wamp64\\www\\laravel\\originality\\app\\Services\\UserApi.php(12): App\\Services\\UserApi::request('get', '/me', Array)
#108 E:\\Productivity\\wamp64\\www\\laravel\\originality\\app\\Services\\UserApi.php(12): App\\Services\\UserApi::request('get', '/me', Array)
#109 E:\\Productivity\\wamp64\\www\\laravel\\originality\\app\\Services\\UserApi.php(12): App\\Services\\UserApi::request('get', '/me', Array)
#110 E:\\Productivity\\wamp64\\www\\laravel\\originality\\app\\Services\\UserApi.php(12): App\\Services\\UserApi::request('get', '/me', Array)
#111 E:\\Productivity\\wamp64\\www\\laravel\\originality\\app\\Services\\UserApi.php(12): App\\Services\\UserApi::request('get', '/me', Array)
#112 E:\\Productivity\\wamp64\\www\\laravel\\originality\\app\\Services\\UserApi.php(12): App\\Services\\UserApi::request('get', '/me', Array)
#113 E:\\Productivity\\wamp64\\www\\laravel\\originality\\app\\Services\\UserApi.php(12): App\\Services\\UserApi::request('get', '/me', Array)
#114 E:\\Productivity\\wamp64\\www\\laravel\\originality\\app\\Services\\UserApi.php(12): App\\Services\\UserApi::request('get', '/me', Array)
#115 E:\\Productivity\\wamp64\\www\\laravel\\originality\\app\\Services\\UserApi.php(12): App\\Services\\UserApi::request('get', '/me', Array)
#116 E:\\Productivity\\wamp64\\www\\laravel\\originality\\app\\Services\\UserApi.php(12): App\\Services\\UserApi::request('get', '/me', Array)
#117 E:\\Productivity\\wamp64\\www\\laravel\\originality\\app\\Services\\UserApi.php(12): App\\Services\\UserApi::request('get', '/me', Array)
#118 E:\\Productivity\\wamp64\\www\\laravel\\originality\\app\\Services\\UserApi.php(12): App\\Services\\UserApi::request('get', '/me', Array)
#119 E:\\Productivity\\wamp64\\www\\laravel\\originality\\app\\Services\\UserApi.php(12): App\\Services\\UserApi::request('get', '/me', Array)
#120 E:\\Productivity\\wamp64\\www\\laravel\\originality\\app\\Services\\UserApi.php(12): App\\Services\\UserApi::request('get', '/me', Array)
#121 E:\\Productivity\\wamp64\\www\\laravel\\originality\\app\\Services\\UserApi.php(12): App\\Services\\UserApi::request('get', '/me', Array)
#122 E:\\Productivity\\wamp64\\www\\laravel\\originality\\app\\Services\\UserApi.php(12): App\\Services\\UserApi::request('get', '/me', Array)
#123 E:\\Productivity\\wamp64\\www\\laravel\\originality\\app\\Services\\UserApi.php(12): App\\Services\\UserApi::request('get', '/me', Array)
#124 E:\\Productivity\\wamp64\\www\\laravel\\originality\\app\\Services\\UserApi.php(12): App\\Services\\UserApi::request('get', '/me', Array)
#125 E:\\Productivity\\wamp64\\www\\laravel\\originality\\app\\Services\\UserApi.php(12): App\\Services\\UserApi::request('get', '/me', Array)
#126 E:\\Productivity\\wamp64\\www\\laravel\\originality\\app\\Services\\UserApi.php(12): App\\Services\\UserApi::request('get', '/me', Array)
#127 E:\\Productivity\\wamp64\\www\\laravel\\originality\\app\\Services\\UserApi.php(12): App\\Services\\UserApi::request('get', '/me', Array)
#128 E:\\Productivity\\wamp64\\www\\laravel\\originality\\app\\Services\\UserApi.php(12): App\\Services\\UserApi::request('get', '/me', Array)
#129 E:\\Productivity\\wamp64\\www\\laravel\\originality\\app\\Services\\UserApi.php(12): App\\Services\\UserApi::request('get', '/me', Array)
#130 E:\\Productivity\\wamp64\\www\\laravel\\originality\\app\\Services\\UserApi.php(12): App\\Services\\UserApi::request('get', '/me', Array)
#131 E:\\Productivity\\wamp64\\www\\laravel\\originality\\app\\Services\\UserApi.php(12): App\\Services\\UserApi::request('get', '/me', Array)
#132 E:\\Productivity\\wamp64\\www\\laravel\\originality\\app\\Services\\UserApi.php(12): App\\Services\\UserApi::request('get', '/me', Array)
#133 E:\\Productivity\\wamp64\\www\\laravel\\originality\\app\\Services\\UserApi.php(12): App\\Services\\UserApi::request('get', '/me', Array)
#134 E:\\Productivity\\wamp64\\www\\laravel\\originality\\app\\Services\\UserApi.php(12): App\\Services\\UserApi::request('get', '/me', Array)
#135 E:\\Productivity\\wamp64\\www\\laravel\\originality\\app\\Services\\UserApi.php(12): App\\Services\\UserApi::request('get', '/me', Array)
#136 E:\\Productivity\\wamp64\\www\\laravel\\originality\\app\\Services\\UserApi.php(12): App\\Services\\UserApi::request('get', '/me', Array)
#137 E:\\Productivity\\wamp64\\www\\laravel\\originality\\app\\Services\\UserApi.php(12): App\\Services\\UserApi::request('get', '/me', Array)
#138 E:\\Productivity\\wamp64\\www\\laravel\\originality\\app\\Services\\UserApi.php(12): App\\Services\\UserApi::request('get', '/me', Array)
#139 E:\\Productivity\\wamp64\\www\\laravel\\originality\\app\\Services\\UserApi.php(12): App\\Services\\UserApi::request('get', '/me', Array)
#140 E:\\Productivity\\wamp64\\www\\laravel\\originality\\app\\Services\\UserApi.php(12): App\\Services\\UserApi::request('get', '/me', Array)
#141 E:\\Productivity\\wamp64\\www\\laravel\\originality\\app\\Services\\UserApi.php(12): App\\Services\\UserApi::request('get', '/me', Array)
#142 E:\\Productivity\\wamp64\\www\\laravel\\originality\\app\\Services\\UserApi.php(12): App\\Services\\UserApi::request('get', '/me', Array)
#143 E:\\Productivity\\wamp64\\www\\laravel\\originality\\app\\Services\\UserApi.php(12): App\\Services\\UserApi::request('get', '/me', Array)
#144 E:\\Productivity\\wamp64\\www\\laravel\\originality\\app\\Services\\UserApi.php(12): App\\Services\\UserApi::request('get', '/me', Array)
#145 E:\\Productivity\\wamp64\\www\\laravel\\originality\\app\\Services\\UserApi.php(12): App\\Services\\UserApi::request('get', '/me', Array)
#146 E:\\Productivity\\wamp64\\www\\laravel\\originality\\app\\Services\\UserApi.php(12): App\\Services\\UserApi::request('get', '/me', Array)
#147 E:\\Productivity\\wamp64\\www\\laravel\\originality\\app\\Services\\UserApi.php(12): App\\Services\\UserApi::request('get', '/me', Array)
#148 E:\\Productivity\\wamp64\\www\\laravel\\originality\\app\\Services\\UserApi.php(12): App\\Services\\UserApi::request('get', '/me', Array)
#149 E:\\Productivity\\wamp64\\www\\laravel\\originality\\app\\Services\\UserApi.php(12): App\\Services\\UserApi::request('get', '/me', Array)
#150 E:\\Productivity\\wamp64\\www\\laravel\\originality\\app\\Services\\UserApi.php(12): App\\Services\\UserApi::request('get', '/me', Array)
#151 E:\\Productivity\\wamp64\\www\\laravel\\originality\\app\\Services\\UserApi.php(12): App\\Services\\UserApi::request('get', '/me', Array)
#152 E:\\Productivity\\wamp64\\www\\laravel\\originality\\app\\Services\\UserApi.php(12): App\\Services\\UserApi::request('get', '/me', Array)
#153 E:\\Productivity\\wamp64\\www\\laravel\\originality\\app\\Services\\UserApi.php(12): App\\Services\\UserApi::request('get', '/me', Array)
#154 E:\\Productivity\\wamp64\\www\\laravel\\originality\\app\\Services\\UserApi.php(12): App\\Services\\UserApi::request('get', '/me', Array)
#155 E:\\Productivity\\wamp64\\www\\laravel\\originality\\app\\Services\\UserApi.php(12): App\\Services\\UserApi::request('get', '/me', Array)
#156 E:\\Productivity\\wamp64\\www\\laravel\\originality\\app\\Services\\UserApi.php(12): App\\Services\\UserApi::request('get', '/me', Array)
#157 E:\\Productivity\\wamp64\\www\\laravel\\originality\\app\\Services\\UserApi.php(12): App\\Services\\UserApi::request('get', '/me', Array)
#158 E:\\Productivity\\wamp64\\www\\laravel\\originality\\app\\Services\\UserApi.php(12): App\\Services\\UserApi::request('get', '/me', Array)
#159 E:\\Productivity\\wamp64\\www\\laravel\\originality\\app\\Services\\UserApi.php(12): App\\Services\\UserApi::request('get', '/me', Array)
#160 E:\\Productivity\\wamp64\\www\\laravel\\originality\\app\\Services\\UserApi.php(12): App\\Services\\UserApi::request('get', '/me', Array)
#161 E:\\Productivity\\wamp64\\www\\laravel\\originality\\app\\Services\\UserApi.php(12): App\\Services\\UserApi::request('get', '/me', Array)
#162 E:\\Productivity\\wamp64\\www\\laravel\\originality\\app\\Services\\UserApi.php(12): App\\Services\\UserApi::request('get', '/me', Array)
#163 E:\\Productivity\\wamp64\\www\\laravel\\originality\\app\\Services\\UserApi.php(12): App\\Services\\UserApi::request('get', '/me', Array)
#164 E:\\Productivity\\wamp64\\www\\laravel\\originality\\app\\Services\\UserApi.php(12): App\\Services\\UserApi::request('get', '/me', Array)
#165 E:\\Productivity\\wamp64\\www\\laravel\\originality\\app\\Services\\UserApi.php(12): App\\Services\\UserApi::request('get', '/me', Array)
#166 E:\\Productivity\\wamp64\\www\\laravel\\originality\\app\\Services\\UserApi.php(12): App\\Services\\UserApi::request('get', '/me', Array)
#167 E:\\Productivity\\wamp64\\www\\laravel\\originality\\app\\Services\\UserApi.php(12): App\\Services\\UserApi::request('get', '/me', Array)
#168 E:\\Productivity\\wamp64\\www\\laravel\\originality\\app\\Services\\UserApi.php(12): App\\Services\\UserApi::request('get', '/me', Array)
#169 E:\\Productivity\\wamp64\\www\\laravel\\originality\\app\\Services\\UserApi.php(12): App\\Services\\UserApi::request('get', '/me', Array)
#170 E:\\Productivity\\wamp64\\www\\laravel\\originality\\app\\Services\\UserApi.php(12): App\\Services\\UserApi::request('get', '/me', Array)
#171 E:\\Productivity\\wamp64\\www\\laravel\\originality\\app\\Services\\UserApi.php(12): App\\Services\\UserApi::request('get', '/me', Array)
#172 E:\\Productivity\\wamp64\\www\\laravel\\originality\\app\\Services\\UserApi.php(12): App\\Services\\UserApi::request('get', '/me', Array)
#173 E:\\Productivity\\wamp64\\www\\laravel\\originality\\app\\Services\\UserApi.php(12): App\\Services\\UserApi::request('get', '/me', Array)
#174 E:\\Productivity\\wamp64\\www\\laravel\\originality\\app\\Services\\UserApi.php(12): App\\Services\\UserApi::request('get', '/me', Array)
#175 E:\\Productivity\\wamp64\\www\\laravel\\originality\\app\\Services\\UserApi.php(12): App\\Services\\UserApi::request('get', '/me', Array)
#176 E:\\Productivity\\wamp64\\www\\laravel\\originality\\app\\Services\\UserApi.php(12): App\\Services\\UserApi::request('get', '/me', Array)
#177 E:\\Productivity\\wamp64\\www\\laravel\\originality\\app\\Services\\UserApi.php(12): App\\Services\\UserApi::request('get', '/me', Array)
#178 E:\\Productivity\\wamp64\\www\\laravel\\originality\\app\\Services\\UserApi.php(12): App\\Services\\UserApi::request('get', '/me', Array)
#179 E:\\Productivity\\wamp64\\www\\laravel\\originality\\app\\Services\\UserApi.php(12): App\\Services\\UserApi::request('get', '/me', Array)
#180 E:\\Productivity\\wamp64\\www\\laravel\\originality\\app\\Services\\UserApi.php(12): App\\Services\\UserApi::request('get', '/me', Array)
#181 E:\\Productivity\\wamp64\\www\\laravel\\originality\\app\\Services\\UserApi.php(12): App\\Services\\UserApi::request('get', '/me', Array)
#182 E:\\Productivity\\wamp64\\www\\laravel\\originality\\app\\Services\\UserApi.php(12): App\\Services\\UserApi::request('get', '/me', Array)
#183 E:\\Productivity\\wamp64\\www\\laravel\\originality\\app\\Services\\UserApi.php(12): App\\Services\\UserApi::request('get', '/me', Array)
#184 E:\\Productivity\\wamp64\\www\\laravel\\originality\\app\\Services\\UserApi.php(12): App\\Services\\UserApi::request('get', '/me', Array)
#185 E:\\Productivity\\wamp64\\www\\laravel\\originality\\app\\Services\\UserApi.php(12): App\\Services\\UserApi::request('get', '/me', Array)
#186 E:\\Productivity\\wamp64\\www\\laravel\\originality\\app\\Services\\UserApi.php(12): App\\Services\\UserApi::request('get', '/me', Array)
#187 E:\\Productivity\\wamp64\\www\\laravel\\originality\\app\\Services\\UserApi.php(12): App\\Services\\UserApi::request('get', '/me', Array)
#188 E:\\Productivity\\wamp64\\www\\laravel\\originality\\app\\Services\\UserApi.php(12): App\\Services\\UserApi::request('get', '/me', Array)
#189 E:\\Productivity\\wamp64\\www\\laravel\\originality\\app\\Services\\UserApi.php(12): App\\Services\\UserApi::request('get', '/me', Array)
#190 E:\\Productivity\\wamp64\\www\\laravel\\originality\\app\\Services\\UserApi.php(12): App\\Services\\UserApi::request('get', '/me', Array)
#191 E:\\Productivity\\wamp64\\www\\laravel\\originality\\app\\Services\\UserApi.php(12): App\\Services\\UserApi::request('get', '/me', Array)
#192 E:\\Productivity\\wamp64\\www\\laravel\\originality\\app\\Services\\UserApi.php(12): App\\Services\\UserApi::request('get', '/me', Array)
#193 E:\\Productivity\\wamp64\\www\\laravel\\originality\\app\\Services\\UserApi.php(12): App\\Services\\UserApi::request('get', '/me', Array)
#194 E:\\Productivity\\wamp64\\www\\laravel\\originality\\app\\Services\\UserApi.php(12): App\\Services\\UserApi::request('get', '/me', Array)
#195 E:\\Productivity\\wamp64\\www\\laravel\\originality\\app\\Services\\UserApi.php(12): App\\Services\\UserApi::request('get', '/me', Array)
#196 E:\\Productivity\\wamp64\\www\\laravel\\originality\\app\\Services\\UserApi.php(12): App\\Services\\UserApi::request('get', '/me', Array)
#197 E:\\Productivity\\wamp64\\www\\laravel\\originality\\app\\Services\\UserApi.php(12): App\\Services\\UserApi::request('get', '/me', Array)
#198 E:\\Productivity\\wamp64\\www\\laravel\\originality\\app\\Services\\UserApi.php(12): App\\Services\\UserApi::request('get', '/me', Array)
#199 E:\\Productivity\\wamp64\\www\\laravel\\originality\\app\\Services\\UserApi.php(12): App\\Services\\UserApi::request('get', '/me', Array)
#200 E:\\Productivity\\wamp64\\www\\laravel\\originality\\app\\Services\\UserApi.php(12): App\\Services\\UserApi::request('get', '/me', Array)
#201 E:\\Productivity\\wamp64\\www\\laravel\\originality\\app\\Services\\UserApi.php(12): App\\Services\\UserApi::request('get', '/me', Array)
#202 E:\\Productivity\\wamp64\\www\\laravel\\originality\\app\\Services\\UserApi.php(12): App\\Services\\UserApi::request('get', '/me', Array)
#203 E:\\Productivity\\wamp64\\www\\laravel\\originality\\app\\Services\\UserApi.php(12): App\\Services\\UserApi::request('get', '/me', Array)
#204 E:\\Productivity\\wamp64\\www\\laravel\\originality\\app\\Services\\UserApi.php(12): App\\Services\\UserApi::request('get', '/me', Array)
#205 E:\\Productivity\\wamp64\\www\\laravel\\originality\\app\\Services\\UserApi.php(12): App\\Services\\UserApi::request('get', '/me', Array)
#206 E:\\Productivity\\wamp64\\www\\laravel\\originality\\app\\Services\\UserApi.php(12): App\\Services\\UserApi::request('get', '/me', Array)
#207 E:\\Productivity\\wamp64\\www\\laravel\\originality\\app\\Services\\UserApi.php(12): App\\Services\\UserApi::request('get', '/me', Array)
#208 E:\\Productivity\\wamp64\\www\\laravel\\originality\\app\\Services\\UserApi.php(12): App\\Services\\UserApi::request('get', '/me', Array)
#209 E:\\Productivity\\wamp64\\www\\laravel\\originality\\app\\Services\\UserApi.php(12): App\\Services\\UserApi::request('get', '/me', Array)
#210 E:\\Productivity\\wamp64\\www\\laravel\\originality\\app\\Services\\UserApi.php(12): App\\Services\\UserApi::request('get', '/me', Array)
#211 E:\\Productivity\\wamp64\\www\\laravel\\originality\\app\\Services\\UserApi.php(12): App\\Services\\UserApi::request('get', '/me', Array)
#212 E:\\Productivity\\wamp64\\www\\laravel\\originality\\app\\Services\\UserApi.php(12): App\\Services\\UserApi::request('get', '/me', Array)
#213 E:\\Productivity\\wamp64\\www\\laravel\\originality\\app\\Services\\UserApi.php(12): App\\Services\\UserApi::request('get', '/me', Array)
#214 E:\\Productivity\\wamp64\\www\\laravel\\originality\\app\\Services\\UserApi.php(12): App\\Services\\UserApi::request('get', '/me', Array)
#215 E:\\Productivity\\wamp64\\www\\laravel\\originality\\app\\Services\\UserApi.php(12): App\\Services\\UserApi::request('get', '/me', Array)
#216 E:\\Productivity\\wamp64\\www\\laravel\\originality\\app\\Services\\UserApi.php(12): App\\Services\\UserApi::request('get', '/me', Array)
#217 E:\\Productivity\\wamp64\\www\\laravel\\originality\\app\\Services\\UserApi.php(12): App\\Services\\UserApi::request('get', '/me', Array)
#218 E:\\Productivity\\wamp64\\www\\laravel\\originality\\app\\Services\\UserApi.php(12): App\\Services\\UserApi::request('get', '/me', Array)
#219 E:\\Productivity\\wamp64\\www\\laravel\\originality\\app\\Services\\UserApi.php(12): App\\Services\\UserApi::request('get', '/me', Array)
#220 E:\\Productivity\\wamp64\\www\\laravel\\originality\\app\\Services\\UserApi.php(12): App\\Services\\UserApi::request('get', '/me', Array)
#221 E:\\Productivity\\wamp64\\www\\laravel\\originality\\app\\Services\\UserApi.php(12): App\\Services\\UserApi::request('get', '/me', Array)
#222 E:\\Productivity\\wamp64\\www\\laravel\\originality\\app\\Services\\UserApi.php(12): App\\Services\\UserApi::request('get', '/me', Array)
#223 E:\\Productivity\\wamp64\\www\\laravel\\originality\\app\\Services\\UserApi.php(12): App\\Services\\UserApi::request('get', '/me', Array)
#224 E:\\Productivity\\wamp64\\www\\laravel\\originality\\app\\Services\\UserApi.php(12): App\\Services\\UserApi::request('get', '/me', Array)
#225 E:\\Productivity\\wamp64\\www\\laravel\\originality\\app\\Services\\UserApi.php(12): App\\Services\\UserApi::request('get', '/me', Array)
#226 E:\\Productivity\\wamp64\\www\\laravel\\originality\\app\\Services\\UserApi.php(12): App\\Services\\UserApi::request('get', '/me', Array)
#227 E:\\Productivity\\wamp64\\www\\laravel\\originality\\app\\Services\\UserApi.php(12): App\\Services\\UserApi::request('get', '/me', Array)
#228 E:\\Productivity\\wamp64\\www\\laravel\\originality\\app\\Services\\UserApi.php(12): App\\Services\\UserApi::request('get', '/me', Array)
#229 E:\\Productivity\\wamp64\\www\\laravel\\originality\\app\\Services\\UserApi.php(12): App\\Services\\UserApi::request('get', '/me', Array)
#230 E:\\Productivity\\wamp64\\www\\laravel\\originality\\app\\Services\\UserApi.php(12): App\\Services\\UserApi::request('get', '/me', Array)
#231 E:\\Productivity\\wamp64\\www\\laravel\\originality\\app\\Services\\UserApi.php(12): App\\Services\\UserApi::request('get', '/me', Array)
#232 E:\\Productivity\\wamp64\\www\\laravel\\originality\\app\\Services\\UserApi.php(12): App\\Services\\UserApi::request('get', '/me', Array)
#233 E:\\Productivity\\wamp64\\www\\laravel\\originality\\app\\Services\\UserApi.php(12): App\\Services\\UserApi::request('get', '/me', Array)
#234 E:\\Productivity\\wamp64\\www\\laravel\\originality\\app\\Services\\UserApi.php(12): App\\Services\\UserApi::request('get', '/me', Array)
#235 E:\\Productivity\\wamp64\\www\\laravel\\originality\\app\\Services\\UserApi.php(12): App\\Services\\UserApi::request('get', '/me', Array)
#236 E:\\Productivity\\wamp64\\www\\laravel\\originality\\app\\Services\\UserApi.php(12): App\\Services\\UserApi::request('get', '/me', Array)
#237 E:\\Productivity\\wamp64\\www\\laravel\\originality\\app\\Services\\UserApi.php(12): App\\Services\\UserApi::request('get', '/me', Array)
#238 E:\\Productivity\\wamp64\\www\\laravel\\originality\\app\\Services\\UserApi.php(12): App\\Services\\UserApi::request('get', '/me', Array)
#239 E:\\Productivity\\wamp64\\www\\laravel\\originality\\app\\Services\\UserApi.php(12): App\\Services\\UserApi::request('get', '/me', Array)
#240 E:\\Productivity\\wamp64\\www\\laravel\\originality\\app\\Services\\UserApi.php(12): App\\Services\\UserApi::request('get', '/me', Array)
#241 E:\\Productivity\\wamp64\\www\\laravel\\originality\\app\\Services\\UserApi.php(12): App\\Services\\UserApi::request('get', '/me', Array)
#242 E:\\Productivity\\wamp64\\www\\laravel\\originality\\app\\Services\\UserApi.php(12): App\\Services\\UserApi::request('get', '/me', Array)
#243 E:\\Productivity\\wamp64\\www\\laravel\\originality\\app\\Services\\UserApi.php(12): App\\Services\\UserApi::request('get', '/me', Array)
#244 E:\\Productivity\\wamp64\\www\\laravel\\originality\\app\\Services\\UserApi.php(12): App\\Services\\UserApi::request('get', '/me', Array)
#245 E:\\Productivity\\wamp64\\www\\laravel\\originality\\app\\Services\\UserApi.php(12): App\\Services\\UserApi::request('get', '/me', Array)
#246 E:\\Productivity\\wamp64\\www\\laravel\\originality\\app\\Services\\UserApi.php(12): App\\Services\\UserApi::request('get', '/me', Array)
#247 E:\\Productivity\\wamp64\\www\\laravel\\originality\\app\\Services\\UserApi.php(12): App\\Services\\UserApi::request('get', '/me', Array)
#248 E:\\Productivity\\wamp64\\www\\laravel\\originality\\app\\Services\\UserApi.php(12): App\\Services\\UserApi::request('get', '/me', Array)
#249 E:\\Productivity\\wamp64\\www\\laravel\\originality\\app\\Services\\UserApi.php(12): App\\Services\\UserApi::request('get', '/me', Array)
#250 E:\\Productivity\\wamp64\\www\\laravel\\originality\\app\\Services\\UserApi.php(12): App\\Services\\UserApi::request('get', '/me', Array)
#251 E:\\Productivity\\wamp64\\www\\laravel\\originality\\app\\Services\\UserApi.php(12): App\\Services\\UserApi::request('get', '/me', Array)
#252 E:\\Productivity\\wamp64\\www\\laravel\\originality\\app\\Services\\UserApi.php(12): App\\Services\\UserApi::request('get', '/me', Array)
#253 E:\\Productivity\\wamp64\\www\\laravel\\originality\\app\\Services\\UserApi.php(12): App\\Services\\UserApi::request('get', '/me', Array)
#254 E:\\Productivity\\wamp64\\www\\laravel\\originality\\app\\Services\\UserApi.php(12): App\\Services\\UserApi::request('get', '/me', Array)
#255 E:\\Productivity\\wamp64\\www\\laravel\\originality\\app\\Services\\UserApi.php(12): App\\Services\\UserApi::request('get', '/me', Array)
#256 E:\\Productivity\\wamp64\\www\\laravel\\originality\\app\\Services\\UserApi.php(12): App\\Services\\UserApi::request('get', '/me', Array)
#257 E:\\Productivity\\wamp64\\www\\laravel\\originality\\app\\Services\\UserApi.php(12): App\\Services\\UserApi::request('get', '/me', Array)
#258 E:\\Productivity\\wamp64\\www\\laravel\\originality\\app\\Services\\UserApi.php(12): App\\Services\\UserApi::request('get', '/me', Array)
#259 E:\\Productivity\\wamp64\\www\\laravel\\originality\\app\\Services\\UserApi.php(12): App\\Services\\UserApi::request('get', '/me', Array)
#260 E:\\Productivity\\wamp64\\www\\laravel\\originality\\app\\Services\\UserApi.php(12): App\\Services\\UserApi::request('get', '/me', Array)
#261 E:\\Productivity\\wamp64\\www\\laravel\\originality\\app\\Services\\UserApi.php(12): App\\Services\\UserApi::request('get', '/me', Array)
#262 E:\\Productivity\\wamp64\\www\\laravel\\originality\\app\\Services\\UserApi.php(12): App\\Services\\UserApi::request('get', '/me', Array)
#263 E:\\Productivity\\wamp64\\www\\laravel\\originality\\app\\Services\\UserApi.php(12): App\\Services\\UserApi::request('get', '/me', Array)
#264 E:\\Productivity\\wamp64\\www\\laravel\\originality\\app\\Services\\UserApi.php(12): App\\Services\\UserApi::request('get', '/me', Array)
#265 E:\\Productivity\\wamp64\\www\\laravel\\originality\\app\\Services\\UserApi.php(12): App\\Services\\UserApi::request('get', '/me', Array)
#266 E:\\Productivity\\wamp64\\www\\laravel\\originality\\app\\Services\\UserApi.php(12): App\\Services\\UserApi::request('get', '/me', Array)
#267 E:\\Productivity\\wamp64\\www\\laravel\\originality\\app\\Services\\UserApi.php(12): App\\Services\\UserApi::request('get', '/me', Array)
#268 E:\\Productivity\\wamp64\\www\\laravel\\originality\\app\\Services\\UserApi.php(12): App\\Services\\UserApi::request('get', '/me', Array)
#269 E:\\Productivity\\wamp64\\www\\laravel\\originality\\app\\Services\\UserApi.php(12): App\\Services\\UserApi::request('get', '/me', Array)
#270 E:\\Productivity\\wamp64\\www\\laravel\\originality\\app\\Services\\UserApi.php(12): App\\Services\\UserApi::request('get', '/me', Array)
#271 E:\\Productivity\\wamp64\\www\\laravel\\originality\\app\\Services\\UserApi.php(12): App\\Services\\UserApi::request('get', '/me', Array)
#272 E:\\Productivity\\wamp64\\www\\laravel\\originality\\app\\Services\\UserApi.php(12): App\\Services\\UserApi::request('get', '/me', Array)
#273 E:\\Productivity\\wamp64\\www\\laravel\\originality\\app\\Services\\UserApi.php(12): App\\Services\\UserApi::request('get', '/me', Array)
#274 E:\\Productivity\\wamp64\\www\\laravel\\originality\\app\\Services\\UserApi.php(12): App\\Services\\UserApi::request('get', '/me', Array)
#275 E:\\Productivity\\wamp64\\www\\laravel\\originality\\app\\Services\\UserApi.php(12): App\\Services\\UserApi::request('get', '/me', Array)
#276 E:\\Productivity\\wamp64\\www\\laravel\\originality\\app\\Services\\UserApi.php(12): App\\Services\\UserApi::request('get', '/me', Array)
#277 E:\\Productivity\\wamp64\\www\\laravel\\originality\\app\\Services\\UserApi.php(12): App\\Services\\UserApi::request('get', '/me', Array)
#278 E:\\Productivity\\wamp64\\www\\laravel\\originality\\app\\Services\\UserApi.php(12): App\\Services\\UserApi::request('get', '/me', Array)
#279 E:\\Productivity\\wamp64\\www\\laravel\\originality\\app\\Services\\UserApi.php(12): App\\Services\\UserApi::request('get', '/me', Array)
#280 E:\\Productivity\\wamp64\\www\\laravel\\originality\\app\\Services\\UserApi.php(12): App\\Services\\UserApi::request('get', '/me', Array)
#281 E:\\Productivity\\wamp64\\www\\laravel\\originality\\app\\Services\\UserApi.php(12): App\\Services\\UserApi::request('get', '/me', Array)
#282 E:\\Productivity\\wamp64\\www\\laravel\\originality\\app\\Services\\UserApi.php(12): App\\Services\\UserApi::request('get', '/me', Array)
#283 E:\\Productivity\\wamp64\\www\\laravel\\originality\\app\\Services\\UserApi.php(12): App\\Services\\UserApi::request('get', '/me', Array)
#284 E:\\Productivity\\wamp64\\www\\laravel\\originality\\app\\Services\\UserApi.php(12): App\\Services\\UserApi::request('get', '/me', Array)
#285 E:\\Productivity\\wamp64\\www\\laravel\\originality\\app\\Services\\UserApi.php(12): App\\Services\\UserApi::request('get', '/me', Array)
#286 E:\\Productivity\\wamp64\\www\\laravel\\originality\\app\\Services\\UserApi.php(12): App\\Services\\UserApi::request('get', '/me', Array)
#287 E:\\Productivity\\wamp64\\www\\laravel\\originality\\app\\Services\\UserApi.php(12): App\\Services\\UserApi::request('get', '/me', Array)
#288 E:\\Productivity\\wamp64\\www\\laravel\\originality\\app\\Services\\UserApi.php(12): App\\Services\\UserApi::request('get', '/me', Array)
#289 E:\\Productivity\\wamp64\\www\\laravel\\originality\\app\\Services\\UserApi.php(12): App\\Services\\UserApi::request('get', '/me', Array)
#290 E:\\Productivity\\wamp64\\www\\laravel\\originality\\app\\Services\\UserApi.php(12): App\\Services\\UserApi::request('get', '/me', Array)
#291 E:\\Productivity\\wamp64\\www\\laravel\\originality\\app\\Services\\UserApi.php(12): App\\Services\\UserApi::request('get', '/me', Array)
#292 E:\\Productivity\\wamp64\\www\\laravel\\originality\\app\\Services\\UserApi.php(12): App\\Services\\UserApi::request('get', '/me', Array)
#293 E:\\Productivity\\wamp64\\www\\laravel\\originality\\app\\Services\\UserApi.php(12): App\\Services\\UserApi::request('get', '/me', Array)
#294 E:\\Productivity\\wamp64\\www\\laravel\\originality\\app\\Services\\UserApi.php(12): App\\Services\\UserApi::request('get', '/me', Array)
#295 E:\\Productivity\\wamp64\\www\\laravel\\originality\\app\\Services\\UserApi.php(12): App\\Services\\UserApi::request('get', '/me', Array)
#296 E:\\Productivity\\wamp64\\www\\laravel\\originality\\app\\Services\\UserApi.php(12): App\\Services\\UserApi::request('get', '/me', Array)
#297 E:\\Productivity\\wamp64\\www\\laravel\\originality\\app\\Services\\UserApi.php(12): App\\Services\\UserApi::request('get', '/me', Array)
#298 E:\\Productivity\\wamp64\\www\\laravel\\originality\\app\\Services\\UserApi.php(12): App\\Services\\UserApi::request('get', '/me', Array)
#299 E:\\Productivity\\wamp64\\www\\laravel\\originality\\app\\Services\\UserApi.php(12): App\\Services\\UserApi::request('get', '/me', Array)
#300 E:\\Productivity\\wamp64\\www\\laravel\\originality\\app\\Services\\UserApi.php(12): App\\Services\\UserApi::request('get', '/me', Array)
#301 E:\\Productivity\\wamp64\\www\\laravel\\originality\\app\\Services\\UserApi.php(12): App\\Services\\UserApi::request('get', '/me', Array)
#302 E:\\Productivity\\wamp64\\www\\laravel\\originality\\app\\Services\\UserApi.php(12): App\\Services\\UserApi::request('get', '/me', Array)
#303 E:\\Productivity\\wamp64\\www\\laravel\\originality\\app\\Services\\UserApi.php(12): App\\Services\\UserApi::request('get', '/me', Array)
#304 E:\\Productivity\\wamp64\\www\\laravel\\originality\\app\\Services\\UserApi.php(12): App\\Services\\UserApi::request('get', '/me', Array)
#305 E:\\Productivity\\wamp64\\www\\laravel\\originality\\app\\Services\\UserApi.php(12): App\\Services\\UserApi::request('get', '/me', Array)
#306 E:\\Productivity\\wamp64\\www\\laravel\\originality\\app\\Services\\UserApi.php(12): App\\Services\\UserApi::request('get', '/me', Array)
#307 E:\\Productivity\\wamp64\\www\\laravel\\originality\\app\\Services\\UserApi.php(12): App\\Services\\UserApi::request('get', '/me', Array)
#308 E:\\Productivity\\wamp64\\www\\laravel\\originality\\app\\Services\\UserApi.php(12): App\\Services\\UserApi::request('get', '/me', Array)
#309 E:\\Productivity\\wamp64\\www\\laravel\\originality\\app\\Services\\UserApi.php(12): App\\Services\\UserApi::request('get', '/me', Array)
#310 E:\\Productivity\\wamp64\\www\\laravel\\originality\\app\\Services\\UserApi.php(12): App\\Services\\UserApi::request('get', '/me', Array)
#311 E:\\Productivity\\wamp64\\www\\laravel\\originality\\app\\Services\\UserApi.php(12): App\\Services\\UserApi::request('get', '/me', Array)
#312 E:\\Productivity\\wamp64\\www\\laravel\\originality\\app\\Services\\UserApi.php(12): App\\Services\\UserApi::request('get', '/me', Array)
#313 E:\\Productivity\\wamp64\\www\\laravel\\originality\\app\\Services\\UserApi.php(12): App\\Services\\UserApi::request('get', '/me', Array)
#314 E:\\Productivity\\wamp64\\www\\laravel\\originality\\app\\Services\\UserApi.php(12): App\\Services\\UserApi::request('get', '/me', Array)
#315 E:\\Productivity\\wamp64\\www\\laravel\\originality\\app\\Services\\UserApi.php(12): App\\Services\\UserApi::request('get', '/me', Array)
#316 E:\\Productivity\\wamp64\\www\\laravel\\originality\\app\\Services\\UserApi.php(12): App\\Services\\UserApi::request('get', '/me', Array)
#317 E:\\Productivity\\wamp64\\www\\laravel\\originality\\app\\Services\\UserApi.php(12): App\\Services\\UserApi::request('get', '/me', Array)
#318 E:\\Productivity\\wamp64\\www\\laravel\\originality\\app\\Services\\UserApi.php(12): App\\Services\\UserApi::request('get', '/me', Array)
#319 E:\\Productivity\\wamp64\\www\\laravel\\originality\\app\\Services\\UserApi.php(12): App\\Services\\UserApi::request('get', '/me', Array)
#320 E:\\Productivity\\wamp64\\www\\laravel\\originality\\app\\Services\\UserApi.php(12): App\\Services\\UserApi::request('get', '/me', Array)
#321 E:\\Productivity\\wamp64\\www\\laravel\\originality\\app\\Services\\UserApi.php(12): App\\Services\\UserApi::request('get', '/me', Array)
#322 E:\\Productivity\\wamp64\\www\\laravel\\originality\\app\\Services\\UserApi.php(12): App\\Services\\UserApi::request('get', '/me', Array)
#323 E:\\Productivity\\wamp64\\www\\laravel\\originality\\app\\Services\\UserApi.php(12): App\\Services\\UserApi::request('get', '/me', Array)
#324 E:\\Productivity\\wamp64\\www\\laravel\\originality\\app\\Services\\UserApi.php(12): App\\Services\\UserApi::request('get', '/me', Array)
#325 E:\\Productivity\\wamp64\\www\\laravel\\originality\\app\\Services\\UserApi.php(12): App\\Services\\UserApi::request('get', '/me', Array)
#326 E:\\Productivity\\wamp64\\www\\laravel\\originality\\app\\Services\\UserApi.php(12): App\\Services\\UserApi::request('get', '/me', Array)
#327 E:\\Productivity\\wamp64\\www\\laravel\\originality\\app\\Services\\UserApi.php(12): App\\Services\\UserApi::request('get', '/me', Array)
#328 E:\\Productivity\\wamp64\\www\\laravel\\originality\\app\\Services\\UserApi.php(12): App\\Services\\UserApi::request('get', '/me', Array)
#329 E:\\Productivity\\wamp64\\www\\laravel\\originality\\app\\Services\\UserApi.php(12): App\\Services\\UserApi::request('get', '/me', Array)
#330 E:\\Productivity\\wamp64\\www\\laravel\\originality\\app\\Services\\UserApi.php(12): App\\Services\\UserApi::request('get', '/me', Array)
#331 E:\\Productivity\\wamp64\\www\\laravel\\originality\\app\\Services\\UserApi.php(12): App\\Services\\UserApi::request('get', '/me', Array)
#332 E:\\Productivity\\wamp64\\www\\laravel\\originality\\app\\Services\\UserApi.php(12): App\\Services\\UserApi::request('get', '/me', Array)
#333 E:\\Productivity\\wamp64\\www\\laravel\\originality\\app\\Services\\UserApi.php(12): App\\Services\\UserApi::request('get', '/me', Array)
#334 E:\\Productivity\\wamp64\\www\\laravel\\originality\\app\\Services\\UserApi.php(12): App\\Services\\UserApi::request('get', '/me', Array)
#335 E:\\Productivity\\wamp64\\www\\laravel\\originality\\app\\Services\\UserApi.php(12): App\\Services\\UserApi::request('get', '/me', Array)
#336 E:\\Productivity\\wamp64\\www\\laravel\\originality\\app\\Services\\UserApi.php(12): App\\Services\\UserApi::request('get', '/me', Array)
#337 E:\\Productivity\\wamp64\\www\\laravel\\originality\\app\\Services\\UserApi.php(12): App\\Services\\UserApi::request('get', '/me', Array)
#338 E:\\Productivity\\wamp64\\www\\laravel\\originality\\app\\Services\\UserApi.php(12): App\\Services\\UserApi::request('get', '/me', Array)
#339 E:\\Productivity\\wamp64\\www\\laravel\\originality\\app\\Services\\UserApi.php(12): App\\Services\\UserApi::request('get', '/me', Array)
#340 E:\\Productivity\\wamp64\\www\\laravel\\originality\\app\\Services\\UserApi.php(12): App\\Services\\UserApi::request('get', '/me', Array)
#341 E:\\Productivity\\wamp64\\www\\laravel\\originality\\app\\Services\\UserApi.php(12): App\\Services\\UserApi::request('get', '/me', Array)
#342 E:\\Productivity\\wamp64\\www\\laravel\\originality\\app\\Services\\UserApi.php(12): App\\Services\\UserApi::request('get', '/me', Array)
#343 E:\\Productivity\\wamp64\\www\\laravel\\originality\\app\\Services\\UserApi.php(12): App\\Services\\UserApi::request('get', '/me', Array)
#344 E:\\Productivity\\wamp64\\www\\laravel\\originality\\app\\Services\\UserApi.php(12): App\\Services\\UserApi::request('get', '/me', Array)
#345 E:\\Productivity\\wamp64\\www\\laravel\\originality\\app\\Services\\UserApi.php(12): App\\Services\\UserApi::request('get', '/me', Array)
#346 E:\\Productivity\\wamp64\\www\\laravel\\originality\\app\\Services\\UserApi.php(12): App\\Services\\UserApi::request('get', '/me', Array)
#347 E:\\Productivity\\wamp64\\www\\laravel\\originality\\app\\Services\\UserApi.php(12): App\\Services\\UserApi::request('get', '/me', Array)
#348 E:\\Productivity\\wamp64\\www\\laravel\\originality\\app\\Services\\UserApi.php(12): App\\Services\\UserApi::request('get', '/me', Array)
#349 E:\\Productivity\\wamp64\\www\\laravel\\originality\\app\\Services\\UserApi.php(12): App\\Services\\UserApi::request('get', '/me', Array)
#350 E:\\Productivity\\wamp64\\www\\laravel\\originality\\app\\Services\\UserApi.php(12): App\\Services\\UserApi::request('get', '/me', Array)
#351 E:\\Productivity\\wamp64\\www\\laravel\\originality\\app\\Services\\UserApi.php(12): App\\Services\\UserApi::request('get', '/me', Array)
#352 E:\\Productivity\\wamp64\\www\\laravel\\originality\\app\\Services\\UserApi.php(12): App\\Services\\UserApi::request('get', '/me', Array)
#353 E:\\Productivity\\wamp64\\www\\laravel\\originality\\app\\Services\\UserApi.php(12): App\\Services\\UserApi::request('get', '/me', Array)
#354 E:\\Productivity\\wamp64\\www\\laravel\\originality\\app\\Services\\UserApi.php(12): App\\Services\\UserApi::request('get', '/me', Array)
#355 E:\\Productivity\\wamp64\\www\\laravel\\originality\\app\\Services\\UserApi.php(12): App\\Services\\UserApi::request('get', '/me', Array)
#356 E:\\Productivity\\wamp64\\www\\laravel\\originality\\app\\Services\\UserApi.php(12): App\\Services\\UserApi::request('get', '/me', Array)
#357 E:\\Productivity\\wamp64\\www\\laravel\\originality\\app\\Services\\UserApi.php(12): App\\Services\\UserApi::request('get', '/me', Array)
#358 E:\\Productivity\\wamp64\\www\\laravel\\originality\\app\\Services\\UserApi.php(12): App\\Services\\UserApi::request('get', '/me', Array)
#359 E:\\Productivity\\wamp64\\www\\laravel\\originality\\app\\Services\\UserApi.php(12): App\\Services\\UserApi::request('get', '/me', Array)
#360 E:\\Productivity\\wamp64\\www\\laravel\\originality\\app\\Services\\UserApi.php(12): App\\Services\\UserApi::request('get', '/me', Array)
#361 E:\\Productivity\\wamp64\\www\\laravel\\originality\\app\\Services\\UserApi.php(12): App\\Services\\UserApi::request('get', '/me', Array)
#362 E:\\Productivity\\wamp64\\www\\laravel\\originality\\app\\Services\\UserApi.php(12): App\\Services\\UserApi::request('get', '/me', Array)
#363 E:\\Productivity\\wamp64\\www\\laravel\\originality\\app\\Services\\UserApi.php(12): App\\Services\\UserApi::request('get', '/me', Array)
#364 E:\\Productivity\\wamp64\\www\\laravel\\originality\\app\\Services\\UserApi.php(12): App\\Services\\UserApi::request('get', '/me', Array)
#365 E:\\Productivity\\wamp64\\www\\laravel\\originality\\app\\Services\\UserApi.php(12): App\\Services\\UserApi::request('get', '/me', Array)
#366 E:\\Productivity\\wamp64\\www\\laravel\\originality\\app\\Services\\UserApi.php(12): App\\Services\\UserApi::request('get', '/me', Array)
#367 E:\\Productivity\\wamp64\\www\\laravel\\originality\\app\\Services\\UserApi.php(12): App\\Services\\UserApi::request('get', '/me', Array)
#368 E:\\Productivity\\wamp64\\www\\laravel\\originality\\app\\Services\\UserApi.php(12): App\\Services\\UserApi::request('get', '/me', Array)
#369 E:\\Productivity\\wamp64\\www\\laravel\\originality\\app\\Services\\UserApi.php(12): App\\Services\\UserApi::request('get', '/me', Array)
#370 E:\\Productivity\\wamp64\\www\\laravel\\originality\\app\\Services\\UserApi.php(12): App\\Services\\UserApi::request('get', '/me', Array)
#371 E:\\Productivity\\wamp64\\www\\laravel\\originality\\app\\Services\\UserApi.php(12): App\\Services\\UserApi::request('get', '/me', Array)
#372 E:\\Productivity\\wamp64\\www\\laravel\\originality\\app\\Services\\UserApi.php(12): App\\Services\\UserApi::request('get', '/me', Array)
#373 E:\\Productivity\\wamp64\\www\\laravel\\originality\\app\\Services\\UserApi.php(12): App\\Services\\UserApi::request('get', '/me', Array)
#374 E:\\Productivity\\wamp64\\www\\laravel\\originality\\app\\Services\\UserApi.php(12): App\\Services\\UserApi::request('get', '/me', Array)
#375 E:\\Productivity\\wamp64\\www\\laravel\\originality\\app\\Services\\UserApi.php(12): App\\Services\\UserApi::request('get', '/me', Array)
#376 E:\\Productivity\\wamp64\\www\\laravel\\originality\\app\\Services\\UserApi.php(12): App\\Services\\UserApi::request('get', '/me', Array)
#377 E:\\Productivity\\wamp64\\www\\laravel\\originality\\app\\Services\\UserApi.php(12): App\\Services\\UserApi::request('get', '/me', Array)
#378 E:\\Productivity\\wamp64\\www\\laravel\\originality\\app\\Services\\UserApi.php(12): App\\Services\\UserApi::request('get', '/me', Array)
#379 E:\\Productivity\\wamp64\\www\\laravel\\originality\\app\\Services\\UserApi.php(12): App\\Services\\UserApi::request('get', '/me', Array)
#380 E:\\Productivity\\wamp64\\www\\laravel\\originality\\app\\Services\\UserApi.php(12): App\\Services\\UserApi::request('get', '/me', Array)
#381 E:\\Productivity\\wamp64\\www\\laravel\\originality\\app\\Services\\UserApi.php(12): App\\Services\\UserApi::request('get', '/me', Array)
#382 E:\\Productivity\\wamp64\\www\\laravel\\originality\\app\\Services\\UserApi.php(12): App\\Services\\UserApi::request('get', '/me', Array)
#383 E:\\Productivity\\wamp64\\www\\laravel\\originality\\app\\Services\\UserApi.php(12): App\\Services\\UserApi::request('get', '/me', Array)
#384 E:\\Productivity\\wamp64\\www\\laravel\\originality\\app\\Services\\UserApi.php(12): App\\Services\\UserApi::request('get', '/me', Array)
#385 E:\\Productivity\\wamp64\\www\\laravel\\originality\\app\\Services\\UserApi.php(12): App\\Services\\UserApi::request('get', '/me', Array)
#386 E:\\Productivity\\wamp64\\www\\laravel\\originality\\app\\Services\\UserApi.php(12): App\\Services\\UserApi::request('get', '/me', Array)
#387 E:\\Productivity\\wamp64\\www\\laravel\\originality\\app\\Services\\UserApi.php(12): App\\Services\\UserApi::request('get', '/me', Array)
#388 E:\\Productivity\\wamp64\\www\\laravel\\originality\\app\\Services\\UserApi.php(12): App\\Services\\UserApi::request('get', '/me', Array)
#389 E:\\Productivity\\wamp64\\www\\laravel\\originality\\app\\Services\\UserApi.php(12): App\\Services\\UserApi::request('get', '/me', Array)
#390 E:\\Productivity\\wamp64\\www\\laravel\\originality\\app\\Services\\UserApi.php(12): App\\Services\\UserApi::request('get', '/me', Array)
#391 E:\\Productivity\\wamp64\\www\\laravel\\originality\\app\\Services\\UserApi.php(12): App\\Services\\UserApi::request('get', '/me', Array)
#392 E:\\Productivity\\wamp64\\www\\laravel\\originality\\app\\Services\\UserApi.php(12): App\\Services\\UserApi::request('get', '/me', Array)
#393 E:\\Productivity\\wamp64\\www\\laravel\\originality\\app\\Services\\UserApi.php(12): App\\Services\\UserApi::request('get', '/me', Array)
#394 E:\\Productivity\\wamp64\\www\\laravel\\originality\\app\\Services\\UserApi.php(12): App\\Services\\UserApi::request('get', '/me', Array)
#395 E:\\Productivity\\wamp64\\www\\laravel\\originality\\app\\Services\\UserApi.php(12): App\\Services\\UserApi::request('get', '/me', Array)
#396 E:\\Productivity\\wamp64\\www\\laravel\\originality\\app\\Services\\UserApi.php(12): App\\Services\\UserApi::request('get', '/me', Array)
#397 E:\\Productivity\\wamp64\\www\\laravel\\originality\\app\\Services\\UserApi.php(12): App\\Services\\UserApi::request('get', '/me', Array)
#398 E:\\Productivity\\wamp64\\www\\laravel\\originality\\app\\Services\\UserApi.php(12): App\\Services\\UserApi::request('get', '/me', Array)
#399 E:\\Productivity\\wamp64\\www\\laravel\\originality\\app\\Services\\UserApi.php(12): App\\Services\\UserApi::request('get', '/me', Array)
#400 E:\\Productivity\\wamp64\\www\\laravel\\originality\\app\\Services\\UserApi.php(12): App\\Services\\UserApi::request('get', '/me', Array)
#401 E:\\Productivity\\wamp64\\www\\laravel\\originality\\app\\Services\\UserApi.php(12): App\\Services\\UserApi::request('get', '/me', Array)
#402 E:\\Productivity\\wamp64\\www\\laravel\\originality\\app\\Services\\UserApi.php(12): App\\Services\\UserApi::request('get', '/me', Array)
#403 E:\\Productivity\\wamp64\\www\\laravel\\originality\\app\\Services\\UserApi.php(12): App\\Services\\UserApi::request('get', '/me', Array)
#404 E:\\Productivity\\wamp64\\www\\laravel\\originality\\app\\Services\\UserApi.php(12): App\\Services\\UserApi::request('get', '/me', Array)
#405 E:\\Productivity\\wamp64\\www\\laravel\\originality\\app\\Services\\UserApi.php(12): App\\Services\\UserApi::request('get', '/me', Array)
#406 E:\\Productivity\\wamp64\\www\\laravel\\originality\\app\\Services\\UserApi.php(12): App\\Services\\UserApi::request('get', '/me', Array)
#407 E:\\Productivity\\wamp64\\www\\laravel\\originality\\app\\Services\\UserApi.php(12): App\\Services\\UserApi::request('get', '/me', Array)
#408 E:\\Productivity\\wamp64\\www\\laravel\\originality\\app\\Services\\UserApi.php(12): App\\Services\\UserApi::request('get', '/me', Array)
#409 E:\\Productivity\\wamp64\\www\\laravel\\originality\\app\\Services\\UserApi.php(12): App\\Services\\UserApi::request('get', '/me', Array)
#410 E:\\Productivity\\wamp64\\www\\laravel\\originality\\app\\Services\\UserApi.php(12): App\\Services\\UserApi::request('get', '/me', Array)
#411 E:\\Productivity\\wamp64\\www\\laravel\\originality\\app\\Services\\UserApi.php(12): App\\Services\\UserApi::request('get', '/me', Array)
#412 E:\\Productivity\\wamp64\\www\\laravel\\originality\\app\\Services\\UserApi.php(12): App\\Services\\UserApi::request('get', '/me', Array)
#413 E:\\Productivity\\wamp64\\www\\laravel\\originality\\app\\Services\\UserApi.php(12): App\\Services\\UserApi::request('get', '/me', Array)
#414 E:\\Productivity\\wamp64\\www\\laravel\\originality\\app\\Services\\UserApi.php(12): App\\Services\\UserApi::request('get', '/me', Array)
#415 E:\\Productivity\\wamp64\\www\\laravel\\originality\\app\\Services\\UserApi.php(12): App\\Services\\UserApi::request('get', '/me', Array)
#416 E:\\Productivity\\wamp64\\www\\laravel\\originality\\app\\Services\\UserApi.php(12): App\\Services\\UserApi::request('get', '/me', Array)
#417 E:\\Productivity\\wamp64\\www\\laravel\\originality\\app\\Services\\UserApi.php(12): App\\Services\\UserApi::request('get', '/me', Array)
#418 E:\\Productivity\\wamp64\\www\\laravel\\originality\\app\\Services\\UserApi.php(12): App\\Services\\UserApi::request('get', '/me', Array)
#419 E:\\Productivity\\wamp64\\www\\laravel\\originality\\app\\Services\\UserApi.php(12): App\\Services\\UserApi::request('get', '/me', Array)
#420 E:\\Productivity\\wamp64\\www\\laravel\\originality\\app\\Services\\UserApi.php(12): App\\Services\\UserApi::request('get', '/me', Array)
#421 E:\\Productivity\\wamp64\\www\\laravel\\originality\\app\\Services\\UserApi.php(12): App\\Services\\UserApi::request('get', '/me', Array)
#422 E:\\Productivity\\wamp64\\www\\laravel\\originality\\app\\Services\\UserApi.php(12): App\\Services\\UserApi::request('get', '/me', Array)
#423 E:\\Productivity\\wamp64\\www\\laravel\\originality\\app\\Services\\UserApi.php(12): App\\Services\\UserApi::request('get', '/me', Array)
#424 E:\\Productivity\\wamp64\\www\\laravel\\originality\\app\\Services\\UserApi.php(12): App\\Services\\UserApi::request('get', '/me', Array)
#425 E:\\Productivity\\wamp64\\www\\laravel\\originality\\app\\Services\\UserApi.php(12): App\\Services\\UserApi::request('get', '/me', Array)
#426 E:\\Productivity\\wamp64\\www\\laravel\\originality\\app\\Services\\UserApi.php(12): App\\Services\\UserApi::request('get', '/me', Array)
#427 E:\\Productivity\\wamp64\\www\\laravel\\originality\\app\\Services\\UserApi.php(12): App\\Services\\UserApi::request('get', '/me', Array)
#428 E:\\Productivity\\wamp64\\www\\laravel\\originality\\app\\Services\\UserApi.php(12): App\\Services\\UserApi::request('get', '/me', Array)
#429 E:\\Productivity\\wamp64\\www\\laravel\\originality\\app\\Services\\UserApi.php(12): App\\Services\\UserApi::request('get', '/me', Array)
#430 E:\\Productivity\\wamp64\\www\\laravel\\originality\\app\\Services\\UserApi.php(12): App\\Services\\UserApi::request('get', '/me', Array)
#431 E:\\Productivity\\wamp64\\www\\laravel\\originality\\app\\Services\\UserApi.php(12): App\\Services\\UserApi::request('get', '/me', Array)
#432 E:\\Productivity\\wamp64\\www\\laravel\\originality\\app\\Services\\UserApi.php(12): App\\Services\\UserApi::request('get', '/me', Array)
#433 E:\\Productivity\\wamp64\\www\\laravel\\originality\\app\\Services\\UserApi.php(12): App\\Services\\UserApi::request('get', '/me', Array)
#434 E:\\Productivity\\wamp64\\www\\laravel\\originality\\app\\Services\\UserApi.php(12): App\\Services\\UserApi::request('get', '/me', Array)
#435 E:\\Productivity\\wamp64\\www\\laravel\\originality\\app\\Services\\UserApi.php(12): App\\Services\\UserApi::request('get', '/me', Array)
#436 E:\\Productivity\\wamp64\\www\\laravel\\originality\\app\\Services\\UserApi.php(12): App\\Services\\UserApi::request('get', '/me', Array)
#437 E:\\Productivity\\wamp64\\www\\laravel\\originality\\app\\Services\\UserApi.php(12): App\\Services\\UserApi::request('get', '/me', Array)
#438 E:\\Productivity\\wamp64\\www\\laravel\\originality\\app\\Services\\UserApi.php(12): App\\Services\\UserApi::request('get', '/me', Array)
#439 E:\\Productivity\\wamp64\\www\\laravel\\originality\\app\\Services\\UserApi.php(12): App\\Services\\UserApi::request('get', '/me', Array)
#440 E:\\Productivity\\wamp64\\www\\laravel\\originality\\app\\Services\\UserApi.php(12): App\\Services\\UserApi::request('get', '/me', Array)
#441 E:\\Productivity\\wamp64\\www\\laravel\\originality\\app\\Services\\UserApi.php(12): App\\Services\\UserApi::request('get', '/me', Array)
#442 E:\\Productivity\\wamp64\\www\\laravel\\originality\\app\\Services\\UserApi.php(12): App\\Services\\UserApi::request('get', '/me', Array)
#443 E:\\Productivity\\wamp64\\www\\laravel\\originality\\app\\Services\\UserApi.php(12): App\\Services\\UserApi::request('get', '/me', Array)
#444 E:\\Productivity\\wamp64\\www\\laravel\\originality\\app\\Services\\UserApi.php(12): App\\Services\\UserApi::request('get', '/me', Array)
#445 E:\\Productivity\\wamp64\\www\\laravel\\originality\\app\\Services\\UserApi.php(12): App\\Services\\UserApi::request('get', '/me', Array)
#446 E:\\Productivity\\wamp64\\www\\laravel\\originality\\app\\Services\\UserApi.php(12): App\\Services\\UserApi::request('get', '/me', Array)
#447 E:\\Productivity\\wamp64\\www\\laravel\\originality\\app\\Services\\UserApi.php(12): App\\Services\\UserApi::request('get', '/me', Array)
#448 E:\\Productivity\\wamp64\\www\\laravel\\originality\\app\\Services\\UserApi.php(12): App\\Services\\UserApi::request('get', '/me', Array)
#449 E:\\Productivity\\wamp64\\www\\laravel\\originality\\app\\Services\\UserApi.php(12): App\\Services\\UserApi::request('get', '/me', Array)
#450 E:\\Productivity\\wamp64\\www\\laravel\\originality\\app\\Services\\UserApi.php(12): App\\Services\\UserApi::request('get', '/me', Array)
#451 E:\\Productivity\\wamp64\\www\\laravel\\originality\\app\\Services\\UserApi.php(12): App\\Services\\UserApi::request('get', '/me', Array)
#452 E:\\Productivity\\wamp64\\www\\laravel\\originality\\app\\Services\\UserApi.php(12): App\\Services\\UserApi::request('get', '/me', Array)
#453 E:\\Productivity\\wamp64\\www\\laravel\\originality\\app\\Services\\UserApi.php(12): App\\Services\\UserApi::request('get', '/me', Array)
#454 E:\\Productivity\\wamp64\\www\\laravel\\originality\\routes\\web.php(15): App\\Services\\UserApi::request('get', '/me')
#455 E:\\Productivity\\wamp64\\www\\laravel\\originality\\vendor\\laravel\\framework\\src\\Illuminate\\Routing\\CallableDispatcher.php(39): Illuminate\\Routing\\RouteFileRegistrar->{closure}()
#456 E:\\Productivity\\wamp64\\www\\laravel\\originality\\vendor\\laravel\\framework\\src\\Illuminate\\Routing\\Route.php(243): Illuminate\\Routing\\CallableDispatcher->dispatch(Object(Illuminate\\Routing\\Route), Object(Closure))
#457 E:\\Productivity\\wamp64\\www\\laravel\\originality\\vendor\\laravel\\framework\\src\\Illuminate\\Routing\\Route.php(214): Illuminate\\Routing\\Route->runCallable()
#458 E:\\Productivity\\wamp64\\www\\laravel\\originality\\vendor\\laravel\\framework\\src\\Illuminate\\Routing\\Router.php(822): Illuminate\\Routing\\Route->run()
#459 E:\\Productivity\\wamp64\\www\\laravel\\originality\\vendor\\laravel\\framework\\src\\Illuminate\\Pipeline\\Pipeline.php(180): Illuminate\\Routing\\Router->Illuminate\\Routing\\{closure}(Object(Illuminate\\Http\\Request))
#460 E:\\Productivity\\wamp64\\www\\laravel\\originality\\app\\Http\\Middleware\\CheckPermission.php(20): Illuminate\\Pipeline\\Pipeline->Illuminate\\Pipeline\\{closure}(Object(Illuminate\\Http\\Request))
#461 E:\\Productivity\\wamp64\\www\\laravel\\originality\\vendor\\laravel\\framework\\src\\Illuminate\\Pipeline\\Pipeline.php(219): App\\Http\\Middleware\\CheckPermission->handle(Object(Illuminate\\Http\\Request), Object(Closure), 'dashboard-list')
#462 E:\\Productivity\\wamp64\\www\\laravel\\originality\\app\\Http\\Middleware\\ApiWithUserToken.php(26): Illuminate\\Pipeline\\Pipeline->Illuminate\\Pipeline\\{closure}(Object(Illuminate\\Http\\Request))
#463 E:\\Productivity\\wamp64\\www\\laravel\\originality\\vendor\\laravel\\framework\\src\\Illuminate\\Pipeline\\Pipeline.php(219): App\\Http\\Middleware\\ApiWithUserToken->handle(Object(Illuminate\\Http\\Request), Object(Closure))
#464 E:\\Productivity\\wamp64\\www\\laravel\\originality\\app\\Http\\Middleware\\AuthApi.php(19): Illuminate\\Pipeline\\Pipeline->Illuminate\\Pipeline\\{closure}(Object(Illuminate\\Http\\Request))
#465 E:\\Productivity\\wamp64\\www\\laravel\\originality\\vendor\\laravel\\framework\\src\\Illuminate\\Pipeline\\Pipeline.php(219): App\\Http\\Middleware\\AuthApi->handle(Object(Illuminate\\Http\\Request), Object(Closure))
#466 E:\\Productivity\\wamp64\\www\\laravel\\originality\\vendor\\laravel\\framework\\src\\Illuminate\\Routing\\Middleware\\SubstituteBindings.php(50): Illuminate\\Pipeline\\Pipeline->Illuminate\\Pipeline\\{closure}(Object(Illuminate\\Http\\Request))
#467 E:\\Productivity\\wamp64\\www\\laravel\\originality\\vendor\\laravel\\framework\\src\\Illuminate\\Pipeline\\Pipeline.php(219): Illuminate\\Routing\\Middleware\\SubstituteBindings->handle(Object(Illuminate\\Http\\Request), Object(Closure))
#468 E:\\Productivity\\wamp64\\www\\laravel\\originality\\vendor\\laravel\\framework\\src\\Illuminate\\Foundation\\Http\\Middleware\\VerifyCsrfToken.php(87): Illuminate\\Pipeline\\Pipeline->Illuminate\\Pipeline\\{closure}(Object(Illuminate\\Http\\Request))
#469 E:\\Productivity\\wamp64\\www\\laravel\\originality\\vendor\\laravel\\framework\\src\\Illuminate\\Pipeline\\Pipeline.php(219): Illuminate\\Foundation\\Http\\Middleware\\VerifyCsrfToken->handle(Object(Illuminate\\Http\\Request), Object(Closure))
#470 E:\\Productivity\\wamp64\\www\\laravel\\originality\\vendor\\laravel\\framework\\src\\Illuminate\\View\\Middleware\\ShareErrorsFromSession.php(48): Illuminate\\Pipeline\\Pipeline->Illuminate\\Pipeline\\{closure}(Object(Illuminate\\Http\\Request))
#471 E:\\Productivity\\wamp64\\www\\laravel\\originality\\vendor\\laravel\\framework\\src\\Illuminate\\Pipeline\\Pipeline.php(219): Illuminate\\View\\Middleware\\ShareErrorsFromSession->handle(Object(Illuminate\\Http\\Request), Object(Closure))
#472 E:\\Productivity\\wamp64\\www\\laravel\\originality\\vendor\\laravel\\framework\\src\\Illuminate\\Session\\Middleware\\StartSession.php(120): Illuminate\\Pipeline\\Pipeline->Illuminate\\Pipeline\\{closure}(Object(Illuminate\\Http\\Request))
#473 E:\\Productivity\\wamp64\\www\\laravel\\originality\\vendor\\laravel\\framework\\src\\Illuminate\\Session\\Middleware\\StartSession.php(63): Illuminate\\Session\\Middleware\\StartSession->handleStatefulRequest(Object(Illuminate\\Http\\Request), Object(Illuminate\\Session\\Store), Object(Closure))
#474 E:\\Productivity\\wamp64\\www\\laravel\\originality\\vendor\\laravel\\framework\\src\\Illuminate\\Pipeline\\Pipeline.php(219): Illuminate\\Session\\Middleware\\StartSession->handle(Object(Illuminate\\Http\\Request), Object(Closure))
#475 E:\\Productivity\\wamp64\\www\\laravel\\originality\\vendor\\laravel\\framework\\src\\Illuminate\\Cookie\\Middleware\\AddQueuedCookiesToResponse.php(36): Illuminate\\Pipeline\\Pipeline->Illuminate\\Pipeline\\{closure}(Object(Illuminate\\Http\\Request))
#476 E:\\Productivity\\wamp64\\www\\laravel\\originality\\vendor\\laravel\\framework\\src\\Illuminate\\Pipeline\\Pipeline.php(219): Illuminate\\Cookie\\Middleware\\AddQueuedCookiesToResponse->handle(Object(Illuminate\\Http\\Request), Object(Closure))
#477 E:\\Productivity\\wamp64\\www\\laravel\\originality\\vendor\\laravel\\framework\\src\\Illuminate\\Cookie\\Middleware\\EncryptCookies.php(74): Illuminate\\Pipeline\\Pipeline->Illuminate\\Pipeline\\{closure}(Object(Illuminate\\Http\\Request))
#478 E:\\Productivity\\wamp64\\www\\laravel\\originality\\vendor\\laravel\\framework\\src\\Illuminate\\Pipeline\\Pipeline.php(219): Illuminate\\Cookie\\Middleware\\EncryptCookies->handle(Object(Illuminate\\Http\\Request), Object(Closure))
#479 E:\\Productivity\\wamp64\\www\\laravel\\originality\\vendor\\laravel\\framework\\src\\Illuminate\\Pipeline\\Pipeline.php(137): Illuminate\\Pipeline\\Pipeline->Illuminate\\Pipeline\\{closure}(Object(Illuminate\\Http\\Request))
#480 E:\\Productivity\\wamp64\\www\\laravel\\originality\\vendor\\laravel\\framework\\src\\Illuminate\\Routing\\Router.php(821): Illuminate\\Pipeline\\Pipeline->then(Object(Closure))
#481 E:\\Productivity\\wamp64\\www\\laravel\\originality\\vendor\\laravel\\framework\\src\\Illuminate\\Routing\\Router.php(800): Illuminate\\Routing\\Router->runRouteWithinStack(Object(Illuminate\\Routing\\Route), Object(Illuminate\\Http\\Request))
#482 E:\\Productivity\\wamp64\\www\\laravel\\originality\\vendor\\laravel\\framework\\src\\Illuminate\\Routing\\Router.php(764): Illuminate\\Routing\\Router->runRoute(Object(Illuminate\\Http\\Request), Object(Illuminate\\Routing\\Route))
#483 E:\\Productivity\\wamp64\\www\\laravel\\originality\\vendor\\laravel\\framework\\src\\Illuminate\\Routing\\Router.php(753): Illuminate\\Routing\\Router->dispatchToRoute(Object(Illuminate\\Http\\Request))
#484 E:\\Productivity\\wamp64\\www\\laravel\\originality\\vendor\\laravel\\framework\\src\\Illuminate\\Foundation\\Http\\Kernel.php(200): Illuminate\\Routing\\Router->dispatch(Object(Illuminate\\Http\\Request))
#485 E:\\Productivity\\wamp64\\www\\laravel\\originality\\vendor\\laravel\\framework\\src\\Illuminate\\Pipeline\\Pipeline.php(180): Illuminate\\Foundation\\Http\\Kernel->Illuminate\\Foundation\\Http\\{closure}(Object(Illuminate\\Http\\Request))
#486 E:\\Productivity\\wamp64\\www\\laravel\\originality\\vendor\\livewire\\livewire\\src\\Features\\SupportDisablingBackButtonCache\\DisableBackButtonCacheMiddleware.php(19): Illuminate\\Pipeline\\Pipeline->Illuminate\\Pipeline\\{closure}(Object(Illuminate\\Http\\Request))
#487 E:\\Productivity\\wamp64\\www\\laravel\\originality\\vendor\\laravel\\framework\\src\\Illuminate\\Pipeline\\Pipeline.php(219): Livewire\\Features\\SupportDisablingBackButtonCache\\DisableBackButtonCacheMiddleware->handle(Object(Illuminate\\Http\\Request), Object(Closure))
#488 E:\\Productivity\\wamp64\\www\\laravel\\originality\\vendor\\laravel\\framework\\src\\Illuminate\\Foundation\\Http\\Middleware\\TransformsRequest.php(21): Illuminate\\Pipeline\\Pipeline->Illuminate\\Pipeline\\{closure}(Object(Illuminate\\Http\\Request))
#489 E:\\Productivity\\wamp64\\www\\laravel\\originality\\vendor\\laravel\\framework\\src\\Illuminate\\Foundation\\Http\\Middleware\\ConvertEmptyStringsToNull.php(31): Illuminate\\Foundation\\Http\\Middleware\\TransformsRequest->handle(Object(Illuminate\\Http\\Request), Object(Closure))
#490 E:\\Productivity\\wamp64\\www\\laravel\\originality\\vendor\\laravel\\framework\\src\\Illuminate\\Pipeline\\Pipeline.php(219): Illuminate\\Foundation\\Http\\Middleware\\ConvertEmptyStringsToNull->handle(Object(Illuminate\\Http\\Request), Object(Closure))
#491 E:\\Productivity\\wamp64\\www\\laravel\\originality\\vendor\\laravel\\framework\\src\\Illuminate\\Foundation\\Http\\Middleware\\TransformsRequest.php(21): Illuminate\\Pipeline\\Pipeline->Illuminate\\Pipeline\\{closure}(Object(Illuminate\\Http\\Request))
#492 E:\\Productivity\\wamp64\\www\\laravel\\originality\\vendor\\laravel\\framework\\src\\Illuminate\\Foundation\\Http\\Middleware\\TrimStrings.php(51): Illuminate\\Foundation\\Http\\Middleware\\TransformsRequest->handle(Object(Illuminate\\Http\\Request), Object(Closure))
#493 E:\\Productivity\\wamp64\\www\\laravel\\originality\\vendor\\laravel\\framework\\src\\Illuminate\\Pipeline\\Pipeline.php(219): Illuminate\\Foundation\\Http\\Middleware\\TrimStrings->handle(Object(Illuminate\\Http\\Request), Object(Closure))
#494 E:\\Productivity\\wamp64\\www\\laravel\\originality\\vendor\\laravel\\framework\\src\\Illuminate\\Http\\Middleware\\ValidatePostSize.php(27): Illuminate\\Pipeline\\Pipeline->Illuminate\\Pipeline\\{closure}(Object(Illuminate\\Http\\Request))
#495 E:\\Productivity\\wamp64\\www\\laravel\\originality\\vendor\\laravel\\framework\\src\\Illuminate\\Pipeline\\Pipeline.php(219): Illuminate\\Http\\Middleware\\ValidatePostSize->handle(Object(Illuminate\\Http\\Request), Object(Closure))
#496 E:\\Productivity\\wamp64\\www\\laravel\\originality\\vendor\\laravel\\framework\\src\\Illuminate\\Foundation\\Http\\Middleware\\PreventRequestsDuringMaintenance.php(109): Illuminate\\Pipeline\\Pipeline->Illuminate\\Pipeline\\{closure}(Object(Illuminate\\Http\\Request))
#497 E:\\Productivity\\wamp64\\www\\laravel\\originality\\vendor\\laravel\\framework\\src\\Illuminate\\Pipeline\\Pipeline.php(219): Illuminate\\Foundation\\Http\\Middleware\\PreventRequestsDuringMaintenance->handle(Object(Illuminate\\Http\\Request), Object(Closure))
#498 E:\\Productivity\\wamp64\\www\\laravel\\originality\\vendor\\laravel\\framework\\src\\Illuminate\\Http\\Middleware\\HandleCors.php(48): Illuminate\\Pipeline\\Pipeline->Illuminate\\Pipeline\\{closure}(Object(Illuminate\\Http\\Request))
#499 E:\\Productivity\\wamp64\\www\\laravel\\originality\\vendor\\laravel\\framework\\src\\Illuminate\\Pipeline\\Pipeline.php(219): Illuminate\\Http\\Middleware\\HandleCors->handle(Object(Illuminate\\Http\\Request), Object(Closure))
#500 E:\\Productivity\\wamp64\\www\\laravel\\originality\\vendor\\laravel\\framework\\src\\Illuminate\\Http\\Middleware\\TrustProxies.php(58): Illuminate\\Pipeline\\Pipeline->Illuminate\\Pipeline\\{closure}(Object(Illuminate\\Http\\Request))
#501 E:\\Productivity\\wamp64\\www\\laravel\\originality\\vendor\\laravel\\framework\\src\\Illuminate\\Pipeline\\Pipeline.php(219): Illuminate\\Http\\Middleware\\TrustProxies->handle(Object(Illuminate\\Http\\Request), Object(Closure))
#502 E:\\Productivity\\wamp64\\www\\laravel\\originality\\vendor\\laravel\\framework\\src\\Illuminate\\Foundation\\Http\\Middleware\\InvokeDeferredCallbacks.php(22): Illuminate\\Pipeline\\Pipeline->Illuminate\\Pipeline\\{closure}(Object(Illuminate\\Http\\Request))
#503 E:\\Productivity\\wamp64\\www\\laravel\\originality\\vendor\\laravel\\framework\\src\\Illuminate\\Pipeline\\Pipeline.php(219): Illuminate\\Foundation\\Http\\Middleware\\InvokeDeferredCallbacks->handle(Object(Illuminate\\Http\\Request), Object(Closure))
#504 E:\\Productivity\\wamp64\\www\\laravel\\originality\\vendor\\laravel\\framework\\src\\Illuminate\\Http\\Middleware\\ValidatePathEncoding.php(26): Illuminate\\Pipeline\\Pipeline->Illuminate\\Pipeline\\{closure}(Object(Illuminate\\Http\\Request))
#505 E:\\Productivity\\wamp64\\www\\laravel\\originality\\vendor\\laravel\\framework\\src\\Illuminate\\Pipeline\\Pipeline.php(219): Illuminate\\Http\\Middleware\\ValidatePathEncoding->handle(Object(Illuminate\\Http\\Request), Object(Closure))
#506 E:\\Productivity\\wamp64\\www\\laravel\\originality\\vendor\\laravel\\framework\\src\\Illuminate\\Pipeline\\Pipeline.php(137): Illuminate\\Pipeline\\Pipeline->Illuminate\\Pipeline\\{closure}(Object(Illuminate\\Http\\Request))
#507 E:\\Productivity\\wamp64\\www\\laravel\\originality\\vendor\\laravel\\framework\\src\\Illuminate\\Foundation\\Http\\Kernel.php(175): Illuminate\\Pipeline\\Pipeline->then(Object(Closure))
#508 E:\\Productivity\\wamp64\\www\\laravel\\originality\\vendor\\laravel\\framework\\src\\Illuminate\\Foundation\\Http\\Kernel.php(144): Illuminate\\Foundation\\Http\\Kernel->sendRequestThroughRouter(Object(Illuminate\\Http\\Request))
#509 E:\\Productivity\\wamp64\\www\\laravel\\originality\\vendor\\laravel\\framework\\src\\Illuminate\\Foundation\\Application.php(1220): Illuminate\\Foundation\\Http\\Kernel->handle(Object(Illuminate\\Http\\Request))
#510 E:\\Productivity\\wamp64\\www\\laravel\\originality\\public\\index.php(20): Illuminate\\Foundation\\Application->handleRequest(Object(Illuminate\\Http\\Request))
#511 E:\\Productivity\\wamp64\\www\\laravel\\originality\\vendor\\laravel\\framework\\src\\Illuminate\\Foundation\\resources\\server.php(23): require_once('E:\\\\Productivity...')
#512 {main}
"} 
[2025-09-09 04:55:21] local.ERROR: Attempt to read property "name" on null (View: E:\Productivity\wamp64\www\laravel\originality\resources\views\dashboard.blade.php) {"exception":"[object] (Illuminate\\View\\ViewException(code: 0): Attempt to read property \"name\" on null (View: E:\\Productivity\\wamp64\\www\\laravel\\originality\\resources\\views\\dashboard.blade.php) at E:\\Productivity\\wamp64\\www\\laravel\\originality\\storage\\framework\\views\\aed61cfb8535a70ab04e8d748cddabd3.php:3)
[stacktrace]
#0 E:\\Productivity\\wamp64\\www\\laravel\\originality\\vendor\\livewire\\livewire\\src\\Mechanisms\\ExtendBlade\\ExtendedCompilerEngine.php(58): Illuminate\\View\\Engines\\CompilerEngine->handleViewException(Object(ErrorException), 1)
#1 E:\\Productivity\\wamp64\\www\\laravel\\originality\\vendor\\laravel\\framework\\src\\Illuminate\\View\\Engines\\PhpEngine.php(59): Livewire\\Mechanisms\\ExtendBlade\\ExtendedCompilerEngine->handleViewException(Object(ErrorException), 1)
#2 E:\\Productivity\\wamp64\\www\\laravel\\originality\\vendor\\livewire\\livewire\\src\\Mechanisms\\ExtendBlade\\ExtendedCompilerEngine.php(22): Illuminate\\View\\Engines\\PhpEngine->evaluatePath('E:\\\\Productivity...', Array)
#3 E:\\Productivity\\wamp64\\www\\laravel\\originality\\vendor\\laravel\\framework\\src\\Illuminate\\View\\Engines\\CompilerEngine.php(76): Livewire\\Mechanisms\\ExtendBlade\\ExtendedCompilerEngine->evaluatePath('E:\\\\Productivity...', Array)
#4 E:\\Productivity\\wamp64\\www\\laravel\\originality\\vendor\\livewire\\livewire\\src\\Mechanisms\\ExtendBlade\\ExtendedCompilerEngine.php(10): Illuminate\\View\\Engines\\CompilerEngine->get('E:\\\\Productivity...', Array)
#5 E:\\Productivity\\wamp64\\www\\laravel\\originality\\vendor\\laravel\\framework\\src\\Illuminate\\View\\View.php(208): Livewire\\Mechanisms\\ExtendBlade\\ExtendedCompilerEngine->get('E:\\\\Productivity...', Array)
#6 E:\\Productivity\\wamp64\\www\\laravel\\originality\\vendor\\laravel\\framework\\src\\Illuminate\\View\\View.php(191): Illuminate\\View\\View->getContents()
#7 E:\\Productivity\\wamp64\\www\\laravel\\originality\\vendor\\laravel\\framework\\src\\Illuminate\\View\\View.php(160): Illuminate\\View\\View->renderContents()
#8 E:\\Productivity\\wamp64\\www\\laravel\\originality\\vendor\\laravel\\framework\\src\\Illuminate\\Http\\Response.php(78): Illuminate\\View\\View->render()
#9 E:\\Productivity\\wamp64\\www\\laravel\\originality\\vendor\\laravel\\framework\\src\\Illuminate\\Http\\Response.php(34): Illuminate\\Http\\Response->setContent(Object(Illuminate\\View\\View))
#10 E:\\Productivity\\wamp64\\www\\laravel\\originality\\vendor\\laravel\\framework\\src\\Illuminate\\Routing\\Router.php(939): Illuminate\\Http\\Response->__construct(Object(Illuminate\\View\\View), 200, Array)
#11 E:\\Productivity\\wamp64\\www\\laravel\\originality\\vendor\\laravel\\framework\\src\\Illuminate\\Routing\\Router.php(906): Illuminate\\Routing\\Router::toResponse(Object(Illuminate\\Http\\Request), Object(Illuminate\\View\\View))
#12 E:\\Productivity\\wamp64\\www\\laravel\\originality\\vendor\\laravel\\framework\\src\\Illuminate\\Routing\\Router.php(821): Illuminate\\Routing\\Router->prepareResponse(Object(Illuminate\\Http\\Request), Object(Illuminate\\View\\View))
#13 E:\\Productivity\\wamp64\\www\\laravel\\originality\\vendor\\laravel\\framework\\src\\Illuminate\\Pipeline\\Pipeline.php(180): Illuminate\\Routing\\Router->Illuminate\\Routing\\{closure}(Object(Illuminate\\Http\\Request))
#14 E:\\Productivity\\wamp64\\www\\laravel\\originality\\app\\Http\\Middleware\\CheckPermission.php(20): Illuminate\\Pipeline\\Pipeline->Illuminate\\Pipeline\\{closure}(Object(Illuminate\\Http\\Request))
#15 E:\\Productivity\\wamp64\\www\\laravel\\originality\\vendor\\laravel\\framework\\src\\Illuminate\\Pipeline\\Pipeline.php(219): App\\Http\\Middleware\\CheckPermission->handle(Object(Illuminate\\Http\\Request), Object(Closure), 'dashboard-list')
#16 E:\\Productivity\\wamp64\\www\\laravel\\originality\\app\\Http\\Middleware\\AuthApi.php(19): Illuminate\\Pipeline\\Pipeline->Illuminate\\Pipeline\\{closure}(Object(Illuminate\\Http\\Request))
#17 E:\\Productivity\\wamp64\\www\\laravel\\originality\\vendor\\laravel\\framework\\src\\Illuminate\\Pipeline\\Pipeline.php(219): App\\Http\\Middleware\\AuthApi->handle(Object(Illuminate\\Http\\Request), Object(Closure))
#18 E:\\Productivity\\wamp64\\www\\laravel\\originality\\vendor\\laravel\\framework\\src\\Illuminate\\Routing\\Middleware\\SubstituteBindings.php(50): Illuminate\\Pipeline\\Pipeline->Illuminate\\Pipeline\\{closure}(Object(Illuminate\\Http\\Request))
#19 E:\\Productivity\\wamp64\\www\\laravel\\originality\\vendor\\laravel\\framework\\src\\Illuminate\\Pipeline\\Pipeline.php(219): Illuminate\\Routing\\Middleware\\SubstituteBindings->handle(Object(Illuminate\\Http\\Request), Object(Closure))
#20 E:\\Productivity\\wamp64\\www\\laravel\\originality\\vendor\\laravel\\framework\\src\\Illuminate\\Foundation\\Http\\Middleware\\VerifyCsrfToken.php(87): Illuminate\\Pipeline\\Pipeline->Illuminate\\Pipeline\\{closure}(Object(Illuminate\\Http\\Request))
#21 E:\\Productivity\\wamp64\\www\\laravel\\originality\\vendor\\laravel\\framework\\src\\Illuminate\\Pipeline\\Pipeline.php(219): Illuminate\\Foundation\\Http\\Middleware\\VerifyCsrfToken->handle(Object(Illuminate\\Http\\Request), Object(Closure))
#22 E:\\Productivity\\wamp64\\www\\laravel\\originality\\vendor\\laravel\\framework\\src\\Illuminate\\View\\Middleware\\ShareErrorsFromSession.php(48): Illuminate\\Pipeline\\Pipeline->Illuminate\\Pipeline\\{closure}(Object(Illuminate\\Http\\Request))
#23 E:\\Productivity\\wamp64\\www\\laravel\\originality\\vendor\\laravel\\framework\\src\\Illuminate\\Pipeline\\Pipeline.php(219): Illuminate\\View\\Middleware\\ShareErrorsFromSession->handle(Object(Illuminate\\Http\\Request), Object(Closure))
#24 E:\\Productivity\\wamp64\\www\\laravel\\originality\\vendor\\laravel\\framework\\src\\Illuminate\\Session\\Middleware\\StartSession.php(120): Illuminate\\Pipeline\\Pipeline->Illuminate\\Pipeline\\{closure}(Object(Illuminate\\Http\\Request))
#25 E:\\Productivity\\wamp64\\www\\laravel\\originality\\vendor\\laravel\\framework\\src\\Illuminate\\Session\\Middleware\\StartSession.php(63): Illuminate\\Session\\Middleware\\StartSession->handleStatefulRequest(Object(Illuminate\\Http\\Request), Object(Illuminate\\Session\\Store), Object(Closure))
#26 E:\\Productivity\\wamp64\\www\\laravel\\originality\\vendor\\laravel\\framework\\src\\Illuminate\\Pipeline\\Pipeline.php(219): Illuminate\\Session\\Middleware\\StartSession->handle(Object(Illuminate\\Http\\Request), Object(Closure))
#27 E:\\Productivity\\wamp64\\www\\laravel\\originality\\vendor\\laravel\\framework\\src\\Illuminate\\Cookie\\Middleware\\AddQueuedCookiesToResponse.php(36): Illuminate\\Pipeline\\Pipeline->Illuminate\\Pipeline\\{closure}(Object(Illuminate\\Http\\Request))
#28 E:\\Productivity\\wamp64\\www\\laravel\\originality\\vendor\\laravel\\framework\\src\\Illuminate\\Pipeline\\Pipeline.php(219): Illuminate\\Cookie\\Middleware\\AddQueuedCookiesToResponse->handle(Object(Illuminate\\Http\\Request), Object(Closure))
#29 E:\\Productivity\\wamp64\\www\\laravel\\originality\\vendor\\laravel\\framework\\src\\Illuminate\\Cookie\\Middleware\\EncryptCookies.php(74): Illuminate\\Pipeline\\Pipeline->Illuminate\\Pipeline\\{closure}(Object(Illuminate\\Http\\Request))
#30 E:\\Productivity\\wamp64\\www\\laravel\\originality\\vendor\\laravel\\framework\\src\\Illuminate\\Pipeline\\Pipeline.php(219): Illuminate\\Cookie\\Middleware\\EncryptCookies->handle(Object(Illuminate\\Http\\Request), Object(Closure))
#31 E:\\Productivity\\wamp64\\www\\laravel\\originality\\vendor\\laravel\\framework\\src\\Illuminate\\Pipeline\\Pipeline.php(137): Illuminate\\Pipeline\\Pipeline->Illuminate\\Pipeline\\{closure}(Object(Illuminate\\Http\\Request))
#32 E:\\Productivity\\wamp64\\www\\laravel\\originality\\vendor\\laravel\\framework\\src\\Illuminate\\Routing\\Router.php(821): Illuminate\\Pipeline\\Pipeline->then(Object(Closure))
#33 E:\\Productivity\\wamp64\\www\\laravel\\originality\\vendor\\laravel\\framework\\src\\Illuminate\\Routing\\Router.php(800): Illuminate\\Routing\\Router->runRouteWithinStack(Object(Illuminate\\Routing\\Route), Object(Illuminate\\Http\\Request))
#34 E:\\Productivity\\wamp64\\www\\laravel\\originality\\vendor\\laravel\\framework\\src\\Illuminate\\Routing\\Router.php(764): Illuminate\\Routing\\Router->runRoute(Object(Illuminate\\Http\\Request), Object(Illuminate\\Routing\\Route))
#35 E:\\Productivity\\wamp64\\www\\laravel\\originality\\vendor\\laravel\\framework\\src\\Illuminate\\Routing\\Router.php(753): Illuminate\\Routing\\Router->dispatchToRoute(Object(Illuminate\\Http\\Request))
#36 E:\\Productivity\\wamp64\\www\\laravel\\originality\\vendor\\laravel\\framework\\src\\Illuminate\\Foundation\\Http\\Kernel.php(200): Illuminate\\Routing\\Router->dispatch(Object(Illuminate\\Http\\Request))
#37 E:\\Productivity\\wamp64\\www\\laravel\\originality\\vendor\\laravel\\framework\\src\\Illuminate\\Pipeline\\Pipeline.php(180): Illuminate\\Foundation\\Http\\Kernel->Illuminate\\Foundation\\Http\\{closure}(Object(Illuminate\\Http\\Request))
#38 E:\\Productivity\\wamp64\\www\\laravel\\originality\\vendor\\livewire\\livewire\\src\\Features\\SupportDisablingBackButtonCache\\DisableBackButtonCacheMiddleware.php(19): Illuminate\\Pipeline\\Pipeline->Illuminate\\Pipeline\\{closure}(Object(Illuminate\\Http\\Request))
#39 E:\\Productivity\\wamp64\\www\\laravel\\originality\\vendor\\laravel\\framework\\src\\Illuminate\\Pipeline\\Pipeline.php(219): Livewire\\Features\\SupportDisablingBackButtonCache\\DisableBackButtonCacheMiddleware->handle(Object(Illuminate\\Http\\Request), Object(Closure))
#40 E:\\Productivity\\wamp64\\www\\laravel\\originality\\vendor\\laravel\\framework\\src\\Illuminate\\Foundation\\Http\\Middleware\\TransformsRequest.php(21): Illuminate\\Pipeline\\Pipeline->Illuminate\\Pipeline\\{closure}(Object(Illuminate\\Http\\Request))
#41 E:\\Productivity\\wamp64\\www\\laravel\\originality\\vendor\\laravel\\framework\\src\\Illuminate\\Foundation\\Http\\Middleware\\ConvertEmptyStringsToNull.php(31): Illuminate\\Foundation\\Http\\Middleware\\TransformsRequest->handle(Object(Illuminate\\Http\\Request), Object(Closure))
#42 E:\\Productivity\\wamp64\\www\\laravel\\originality\\vendor\\laravel\\framework\\src\\Illuminate\\Pipeline\\Pipeline.php(219): Illuminate\\Foundation\\Http\\Middleware\\ConvertEmptyStringsToNull->handle(Object(Illuminate\\Http\\Request), Object(Closure))
#43 E:\\Productivity\\wamp64\\www\\laravel\\originality\\vendor\\laravel\\framework\\src\\Illuminate\\Foundation\\Http\\Middleware\\TransformsRequest.php(21): Illuminate\\Pipeline\\Pipeline->Illuminate\\Pipeline\\{closure}(Object(Illuminate\\Http\\Request))
#44 E:\\Productivity\\wamp64\\www\\laravel\\originality\\vendor\\laravel\\framework\\src\\Illuminate\\Foundation\\Http\\Middleware\\TrimStrings.php(51): Illuminate\\Foundation\\Http\\Middleware\\TransformsRequest->handle(Object(Illuminate\\Http\\Request), Object(Closure))
#45 E:\\Productivity\\wamp64\\www\\laravel\\originality\\vendor\\laravel\\framework\\src\\Illuminate\\Pipeline\\Pipeline.php(219): Illuminate\\Foundation\\Http\\Middleware\\TrimStrings->handle(Object(Illuminate\\Http\\Request), Object(Closure))
#46 E:\\Productivity\\wamp64\\www\\laravel\\originality\\vendor\\laravel\\framework\\src\\Illuminate\\Http\\Middleware\\ValidatePostSize.php(27): Illuminate\\Pipeline\\Pipeline->Illuminate\\Pipeline\\{closure}(Object(Illuminate\\Http\\Request))
#47 E:\\Productivity\\wamp64\\www\\laravel\\originality\\vendor\\laravel\\framework\\src\\Illuminate\\Pipeline\\Pipeline.php(219): Illuminate\\Http\\Middleware\\ValidatePostSize->handle(Object(Illuminate\\Http\\Request), Object(Closure))
#48 E:\\Productivity\\wamp64\\www\\laravel\\originality\\vendor\\laravel\\framework\\src\\Illuminate\\Foundation\\Http\\Middleware\\PreventRequestsDuringMaintenance.php(109): Illuminate\\Pipeline\\Pipeline->Illuminate\\Pipeline\\{closure}(Object(Illuminate\\Http\\Request))
#49 E:\\Productivity\\wamp64\\www\\laravel\\originality\\vendor\\laravel\\framework\\src\\Illuminate\\Pipeline\\Pipeline.php(219): Illuminate\\Foundation\\Http\\Middleware\\PreventRequestsDuringMaintenance->handle(Object(Illuminate\\Http\\Request), Object(Closure))
#50 E:\\Productivity\\wamp64\\www\\laravel\\originality\\vendor\\laravel\\framework\\src\\Illuminate\\Http\\Middleware\\HandleCors.php(48): Illuminate\\Pipeline\\Pipeline->Illuminate\\Pipeline\\{closure}(Object(Illuminate\\Http\\Request))
#51 E:\\Productivity\\wamp64\\www\\laravel\\originality\\vendor\\laravel\\framework\\src\\Illuminate\\Pipeline\\Pipeline.php(219): Illuminate\\Http\\Middleware\\HandleCors->handle(Object(Illuminate\\Http\\Request), Object(Closure))
#52 E:\\Productivity\\wamp64\\www\\laravel\\originality\\vendor\\laravel\\framework\\src\\Illuminate\\Http\\Middleware\\TrustProxies.php(58): Illuminate\\Pipeline\\Pipeline->Illuminate\\Pipeline\\{closure}(Object(Illuminate\\Http\\Request))
#53 E:\\Productivity\\wamp64\\www\\laravel\\originality\\vendor\\laravel\\framework\\src\\Illuminate\\Pipeline\\Pipeline.php(219): Illuminate\\Http\\Middleware\\TrustProxies->handle(Object(Illuminate\\Http\\Request), Object(Closure))
#54 E:\\Productivity\\wamp64\\www\\laravel\\originality\\vendor\\laravel\\framework\\src\\Illuminate\\Foundation\\Http\\Middleware\\InvokeDeferredCallbacks.php(22): Illuminate\\Pipeline\\Pipeline->Illuminate\\Pipeline\\{closure}(Object(Illuminate\\Http\\Request))
#55 E:\\Productivity\\wamp64\\www\\laravel\\originality\\vendor\\laravel\\framework\\src\\Illuminate\\Pipeline\\Pipeline.php(219): Illuminate\\Foundation\\Http\\Middleware\\InvokeDeferredCallbacks->handle(Object(Illuminate\\Http\\Request), Object(Closure))
#56 E:\\Productivity\\wamp64\\www\\laravel\\originality\\vendor\\laravel\\framework\\src\\Illuminate\\Http\\Middleware\\ValidatePathEncoding.php(26): Illuminate\\Pipeline\\Pipeline->Illuminate\\Pipeline\\{closure}(Object(Illuminate\\Http\\Request))
#57 E:\\Productivity\\wamp64\\www\\laravel\\originality\\vendor\\laravel\\framework\\src\\Illuminate\\Pipeline\\Pipeline.php(219): Illuminate\\Http\\Middleware\\ValidatePathEncoding->handle(Object(Illuminate\\Http\\Request), Object(Closure))
#58 E:\\Productivity\\wamp64\\www\\laravel\\originality\\vendor\\laravel\\framework\\src\\Illuminate\\Pipeline\\Pipeline.php(137): Illuminate\\Pipeline\\Pipeline->Illuminate\\Pipeline\\{closure}(Object(Illuminate\\Http\\Request))
#59 E:\\Productivity\\wamp64\\www\\laravel\\originality\\vendor\\laravel\\framework\\src\\Illuminate\\Foundation\\Http\\Kernel.php(175): Illuminate\\Pipeline\\Pipeline->then(Object(Closure))
#60 E:\\Productivity\\wamp64\\www\\laravel\\originality\\vendor\\laravel\\framework\\src\\Illuminate\\Foundation\\Http\\Kernel.php(144): Illuminate\\Foundation\\Http\\Kernel->sendRequestThroughRouter(Object(Illuminate\\Http\\Request))
#61 E:\\Productivity\\wamp64\\www\\laravel\\originality\\vendor\\laravel\\framework\\src\\Illuminate\\Foundation\\Application.php(1220): Illuminate\\Foundation\\Http\\Kernel->handle(Object(Illuminate\\Http\\Request))
#62 E:\\Productivity\\wamp64\\www\\laravel\\originality\\public\\index.php(20): Illuminate\\Foundation\\Application->handleRequest(Object(Illuminate\\Http\\Request))
#63 E:\\Productivity\\wamp64\\www\\laravel\\originality\\vendor\\laravel\\framework\\src\\Illuminate\\Foundation\\resources\\server.php(23): require_once('E:\\\\Productivity...')
#64 {main}

[previous exception] [object] (ErrorException(code: 0): Attempt to read property \"name\" on null at E:\\Productivity\\wamp64\\www\\laravel\\originality\\storage\\framework\\views\\aed61cfb8535a70ab04e8d748cddabd3.php:3)
[stacktrace]
#0 E:\\Productivity\\wamp64\\www\\laravel\\originality\\vendor\\laravel\\framework\\src\\Illuminate\\Foundation\\Bootstrap\\HandleExceptions.php(258): Illuminate\\Foundation\\Bootstrap\\HandleExceptions->handleError(2, 'Attempt to read...', 'E:\\\\Productivity...', 3)
#1 E:\\Productivity\\wamp64\\www\\laravel\\originality\\storage\\framework\\views\\aed61cfb8535a70ab04e8d748cddabd3.php(3): Illuminate\\Foundation\\Bootstrap\\HandleExceptions->Illuminate\\Foundation\\Bootstrap\\{closure}(2, 'Attempt to read...', 'E:\\\\Productivity...', 3)
#2 E:\\Productivity\\wamp64\\www\\laravel\\originality\\vendor\\laravel\\framework\\src\\Illuminate\\Filesystem\\Filesystem.php(123): require('E:\\\\Productivity...')
#3 E:\\Productivity\\wamp64\\www\\laravel\\originality\\vendor\\laravel\\framework\\src\\Illuminate\\Filesystem\\Filesystem.php(124): Illuminate\\Filesystem\\Filesystem::Illuminate\\Filesystem\\{closure}()
#4 E:\\Productivity\\wamp64\\www\\laravel\\originality\\vendor\\laravel\\framework\\src\\Illuminate\\View\\Engines\\PhpEngine.php(57): Illuminate\\Filesystem\\Filesystem->getRequire('E:\\\\Productivity...', Array)
#5 E:\\Productivity\\wamp64\\www\\laravel\\originality\\vendor\\livewire\\livewire\\src\\Mechanisms\\ExtendBlade\\ExtendedCompilerEngine.php(22): Illuminate\\View\\Engines\\PhpEngine->evaluatePath('E:\\\\Productivity...', Array)
#6 E:\\Productivity\\wamp64\\www\\laravel\\originality\\vendor\\laravel\\framework\\src\\Illuminate\\View\\Engines\\CompilerEngine.php(76): Livewire\\Mechanisms\\ExtendBlade\\ExtendedCompilerEngine->evaluatePath('E:\\\\Productivity...', Array)
#7 E:\\Productivity\\wamp64\\www\\laravel\\originality\\vendor\\livewire\\livewire\\src\\Mechanisms\\ExtendBlade\\ExtendedCompilerEngine.php(10): Illuminate\\View\\Engines\\CompilerEngine->get('E:\\\\Productivity...', Array)
#8 E:\\Productivity\\wamp64\\www\\laravel\\originality\\vendor\\laravel\\framework\\src\\Illuminate\\View\\View.php(208): Livewire\\Mechanisms\\ExtendBlade\\ExtendedCompilerEngine->get('E:\\\\Productivity...', Array)
#9 E:\\Productivity\\wamp64\\www\\laravel\\originality\\vendor\\laravel\\framework\\src\\Illuminate\\View\\View.php(191): Illuminate\\View\\View->getContents()
#10 E:\\Productivity\\wamp64\\www\\laravel\\originality\\vendor\\laravel\\framework\\src\\Illuminate\\View\\View.php(160): Illuminate\\View\\View->renderContents()
#11 E:\\Productivity\\wamp64\\www\\laravel\\originality\\vendor\\laravel\\framework\\src\\Illuminate\\Http\\Response.php(78): Illuminate\\View\\View->render()
#12 E:\\Productivity\\wamp64\\www\\laravel\\originality\\vendor\\laravel\\framework\\src\\Illuminate\\Http\\Response.php(34): Illuminate\\Http\\Response->setContent(Object(Illuminate\\View\\View))
#13 E:\\Productivity\\wamp64\\www\\laravel\\originality\\vendor\\laravel\\framework\\src\\Illuminate\\Routing\\Router.php(939): Illuminate\\Http\\Response->__construct(Object(Illuminate\\View\\View), 200, Array)
#14 E:\\Productivity\\wamp64\\www\\laravel\\originality\\vendor\\laravel\\framework\\src\\Illuminate\\Routing\\Router.php(906): Illuminate\\Routing\\Router::toResponse(Object(Illuminate\\Http\\Request), Object(Illuminate\\View\\View))
#15 E:\\Productivity\\wamp64\\www\\laravel\\originality\\vendor\\laravel\\framework\\src\\Illuminate\\Routing\\Router.php(821): Illuminate\\Routing\\Router->prepareResponse(Object(Illuminate\\Http\\Request), Object(Illuminate\\View\\View))
#16 E:\\Productivity\\wamp64\\www\\laravel\\originality\\vendor\\laravel\\framework\\src\\Illuminate\\Pipeline\\Pipeline.php(180): Illuminate\\Routing\\Router->Illuminate\\Routing\\{closure}(Object(Illuminate\\Http\\Request))
#17 E:\\Productivity\\wamp64\\www\\laravel\\originality\\app\\Http\\Middleware\\CheckPermission.php(20): Illuminate\\Pipeline\\Pipeline->Illuminate\\Pipeline\\{closure}(Object(Illuminate\\Http\\Request))
#18 E:\\Productivity\\wamp64\\www\\laravel\\originality\\vendor\\laravel\\framework\\src\\Illuminate\\Pipeline\\Pipeline.php(219): App\\Http\\Middleware\\CheckPermission->handle(Object(Illuminate\\Http\\Request), Object(Closure), 'dashboard-list')
#19 E:\\Productivity\\wamp64\\www\\laravel\\originality\\app\\Http\\Middleware\\AuthApi.php(19): Illuminate\\Pipeline\\Pipeline->Illuminate\\Pipeline\\{closure}(Object(Illuminate\\Http\\Request))
#20 E:\\Productivity\\wamp64\\www\\laravel\\originality\\vendor\\laravel\\framework\\src\\Illuminate\\Pipeline\\Pipeline.php(219): App\\Http\\Middleware\\AuthApi->handle(Object(Illuminate\\Http\\Request), Object(Closure))
#21 E:\\Productivity\\wamp64\\www\\laravel\\originality\\vendor\\laravel\\framework\\src\\Illuminate\\Routing\\Middleware\\SubstituteBindings.php(50): Illuminate\\Pipeline\\Pipeline->Illuminate\\Pipeline\\{closure}(Object(Illuminate\\Http\\Request))
#22 E:\\Productivity\\wamp64\\www\\laravel\\originality\\vendor\\laravel\\framework\\src\\Illuminate\\Pipeline\\Pipeline.php(219): Illuminate\\Routing\\Middleware\\SubstituteBindings->handle(Object(Illuminate\\Http\\Request), Object(Closure))
#23 E:\\Productivity\\wamp64\\www\\laravel\\originality\\vendor\\laravel\\framework\\src\\Illuminate\\Foundation\\Http\\Middleware\\VerifyCsrfToken.php(87): Illuminate\\Pipeline\\Pipeline->Illuminate\\Pipeline\\{closure}(Object(Illuminate\\Http\\Request))
#24 E:\\Productivity\\wamp64\\www\\laravel\\originality\\vendor\\laravel\\framework\\src\\Illuminate\\Pipeline\\Pipeline.php(219): Illuminate\\Foundation\\Http\\Middleware\\VerifyCsrfToken->handle(Object(Illuminate\\Http\\Request), Object(Closure))
#25 E:\\Productivity\\wamp64\\www\\laravel\\originality\\vendor\\laravel\\framework\\src\\Illuminate\\View\\Middleware\\ShareErrorsFromSession.php(48): Illuminate\\Pipeline\\Pipeline->Illuminate\\Pipeline\\{closure}(Object(Illuminate\\Http\\Request))
#26 E:\\Productivity\\wamp64\\www\\laravel\\originality\\vendor\\laravel\\framework\\src\\Illuminate\\Pipeline\\Pipeline.php(219): Illuminate\\View\\Middleware\\ShareErrorsFromSession->handle(Object(Illuminate\\Http\\Request), Object(Closure))
#27 E:\\Productivity\\wamp64\\www\\laravel\\originality\\vendor\\laravel\\framework\\src\\Illuminate\\Session\\Middleware\\StartSession.php(120): Illuminate\\Pipeline\\Pipeline->Illuminate\\Pipeline\\{closure}(Object(Illuminate\\Http\\Request))
#28 E:\\Productivity\\wamp64\\www\\laravel\\originality\\vendor\\laravel\\framework\\src\\Illuminate\\Session\\Middleware\\StartSession.php(63): Illuminate\\Session\\Middleware\\StartSession->handleStatefulRequest(Object(Illuminate\\Http\\Request), Object(Illuminate\\Session\\Store), Object(Closure))
#29 E:\\Productivity\\wamp64\\www\\laravel\\originality\\vendor\\laravel\\framework\\src\\Illuminate\\Pipeline\\Pipeline.php(219): Illuminate\\Session\\Middleware\\StartSession->handle(Object(Illuminate\\Http\\Request), Object(Closure))
#30 E:\\Productivity\\wamp64\\www\\laravel\\originality\\vendor\\laravel\\framework\\src\\Illuminate\\Cookie\\Middleware\\AddQueuedCookiesToResponse.php(36): Illuminate\\Pipeline\\Pipeline->Illuminate\\Pipeline\\{closure}(Object(Illuminate\\Http\\Request))
#31 E:\\Productivity\\wamp64\\www\\laravel\\originality\\vendor\\laravel\\framework\\src\\Illuminate\\Pipeline\\Pipeline.php(219): Illuminate\\Cookie\\Middleware\\AddQueuedCookiesToResponse->handle(Object(Illuminate\\Http\\Request), Object(Closure))
#32 E:\\Productivity\\wamp64\\www\\laravel\\originality\\vendor\\laravel\\framework\\src\\Illuminate\\Cookie\\Middleware\\EncryptCookies.php(74): Illuminate\\Pipeline\\Pipeline->Illuminate\\Pipeline\\{closure}(Object(Illuminate\\Http\\Request))
#33 E:\\Productivity\\wamp64\\www\\laravel\\originality\\vendor\\laravel\\framework\\src\\Illuminate\\Pipeline\\Pipeline.php(219): Illuminate\\Cookie\\Middleware\\EncryptCookies->handle(Object(Illuminate\\Http\\Request), Object(Closure))
#34 E:\\Productivity\\wamp64\\www\\laravel\\originality\\vendor\\laravel\\framework\\src\\Illuminate\\Pipeline\\Pipeline.php(137): Illuminate\\Pipeline\\Pipeline->Illuminate\\Pipeline\\{closure}(Object(Illuminate\\Http\\Request))
#35 E:\\Productivity\\wamp64\\www\\laravel\\originality\\vendor\\laravel\\framework\\src\\Illuminate\\Routing\\Router.php(821): Illuminate\\Pipeline\\Pipeline->then(Object(Closure))
#36 E:\\Productivity\\wamp64\\www\\laravel\\originality\\vendor\\laravel\\framework\\src\\Illuminate\\Routing\\Router.php(800): Illuminate\\Routing\\Router->runRouteWithinStack(Object(Illuminate\\Routing\\Route), Object(Illuminate\\Http\\Request))
#37 E:\\Productivity\\wamp64\\www\\laravel\\originality\\vendor\\laravel\\framework\\src\\Illuminate\\Routing\\Router.php(764): Illuminate\\Routing\\Router->runRoute(Object(Illuminate\\Http\\Request), Object(Illuminate\\Routing\\Route))
#38 E:\\Productivity\\wamp64\\www\\laravel\\originality\\vendor\\laravel\\framework\\src\\Illuminate\\Routing\\Router.php(753): Illuminate\\Routing\\Router->dispatchToRoute(Object(Illuminate\\Http\\Request))
#39 E:\\Productivity\\wamp64\\www\\laravel\\originality\\vendor\\laravel\\framework\\src\\Illuminate\\Foundation\\Http\\Kernel.php(200): Illuminate\\Routing\\Router->dispatch(Object(Illuminate\\Http\\Request))
#40 E:\\Productivity\\wamp64\\www\\laravel\\originality\\vendor\\laravel\\framework\\src\\Illuminate\\Pipeline\\Pipeline.php(180): Illuminate\\Foundation\\Http\\Kernel->Illuminate\\Foundation\\Http\\{closure}(Object(Illuminate\\Http\\Request))
#41 E:\\Productivity\\wamp64\\www\\laravel\\originality\\vendor\\livewire\\livewire\\src\\Features\\SupportDisablingBackButtonCache\\DisableBackButtonCacheMiddleware.php(19): Illuminate\\Pipeline\\Pipeline->Illuminate\\Pipeline\\{closure}(Object(Illuminate\\Http\\Request))
#42 E:\\Productivity\\wamp64\\www\\laravel\\originality\\vendor\\laravel\\framework\\src\\Illuminate\\Pipeline\\Pipeline.php(219): Livewire\\Features\\SupportDisablingBackButtonCache\\DisableBackButtonCacheMiddleware->handle(Object(Illuminate\\Http\\Request), Object(Closure))
#43 E:\\Productivity\\wamp64\\www\\laravel\\originality\\vendor\\laravel\\framework\\src\\Illuminate\\Foundation\\Http\\Middleware\\TransformsRequest.php(21): Illuminate\\Pipeline\\Pipeline->Illuminate\\Pipeline\\{closure}(Object(Illuminate\\Http\\Request))
#44 E:\\Productivity\\wamp64\\www\\laravel\\originality\\vendor\\laravel\\framework\\src\\Illuminate\\Foundation\\Http\\Middleware\\ConvertEmptyStringsToNull.php(31): Illuminate\\Foundation\\Http\\Middleware\\TransformsRequest->handle(Object(Illuminate\\Http\\Request), Object(Closure))
#45 E:\\Productivity\\wamp64\\www\\laravel\\originality\\vendor\\laravel\\framework\\src\\Illuminate\\Pipeline\\Pipeline.php(219): Illuminate\\Foundation\\Http\\Middleware\\ConvertEmptyStringsToNull->handle(Object(Illuminate\\Http\\Request), Object(Closure))
#46 E:\\Productivity\\wamp64\\www\\laravel\\originality\\vendor\\laravel\\framework\\src\\Illuminate\\Foundation\\Http\\Middleware\\TransformsRequest.php(21): Illuminate\\Pipeline\\Pipeline->Illuminate\\Pipeline\\{closure}(Object(Illuminate\\Http\\Request))
#47 E:\\Productivity\\wamp64\\www\\laravel\\originality\\vendor\\laravel\\framework\\src\\Illuminate\\Foundation\\Http\\Middleware\\TrimStrings.php(51): Illuminate\\Foundation\\Http\\Middleware\\TransformsRequest->handle(Object(Illuminate\\Http\\Request), Object(Closure))
#48 E:\\Productivity\\wamp64\\www\\laravel\\originality\\vendor\\laravel\\framework\\src\\Illuminate\\Pipeline\\Pipeline.php(219): Illuminate\\Foundation\\Http\\Middleware\\TrimStrings->handle(Object(Illuminate\\Http\\Request), Object(Closure))
#49 E:\\Productivity\\wamp64\\www\\laravel\\originality\\vendor\\laravel\\framework\\src\\Illuminate\\Http\\Middleware\\ValidatePostSize.php(27): Illuminate\\Pipeline\\Pipeline->Illuminate\\Pipeline\\{closure}(Object(Illuminate\\Http\\Request))
#50 E:\\Productivity\\wamp64\\www\\laravel\\originality\\vendor\\laravel\\framework\\src\\Illuminate\\Pipeline\\Pipeline.php(219): Illuminate\\Http\\Middleware\\ValidatePostSize->handle(Object(Illuminate\\Http\\Request), Object(Closure))
#51 E:\\Productivity\\wamp64\\www\\laravel\\originality\\vendor\\laravel\\framework\\src\\Illuminate\\Foundation\\Http\\Middleware\\PreventRequestsDuringMaintenance.php(109): Illuminate\\Pipeline\\Pipeline->Illuminate\\Pipeline\\{closure}(Object(Illuminate\\Http\\Request))
#52 E:\\Productivity\\wamp64\\www\\laravel\\originality\\vendor\\laravel\\framework\\src\\Illuminate\\Pipeline\\Pipeline.php(219): Illuminate\\Foundation\\Http\\Middleware\\PreventRequestsDuringMaintenance->handle(Object(Illuminate\\Http\\Request), Object(Closure))
#53 E:\\Productivity\\wamp64\\www\\laravel\\originality\\vendor\\laravel\\framework\\src\\Illuminate\\Http\\Middleware\\HandleCors.php(48): Illuminate\\Pipeline\\Pipeline->Illuminate\\Pipeline\\{closure}(Object(Illuminate\\Http\\Request))
#54 E:\\Productivity\\wamp64\\www\\laravel\\originality\\vendor\\laravel\\framework\\src\\Illuminate\\Pipeline\\Pipeline.php(219): Illuminate\\Http\\Middleware\\HandleCors->handle(Object(Illuminate\\Http\\Request), Object(Closure))
#55 E:\\Productivity\\wamp64\\www\\laravel\\originality\\vendor\\laravel\\framework\\src\\Illuminate\\Http\\Middleware\\TrustProxies.php(58): Illuminate\\Pipeline\\Pipeline->Illuminate\\Pipeline\\{closure}(Object(Illuminate\\Http\\Request))
#56 E:\\Productivity\\wamp64\\www\\laravel\\originality\\vendor\\laravel\\framework\\src\\Illuminate\\Pipeline\\Pipeline.php(219): Illuminate\\Http\\Middleware\\TrustProxies->handle(Object(Illuminate\\Http\\Request), Object(Closure))
#57 E:\\Productivity\\wamp64\\www\\laravel\\originality\\vendor\\laravel\\framework\\src\\Illuminate\\Foundation\\Http\\Middleware\\InvokeDeferredCallbacks.php(22): Illuminate\\Pipeline\\Pipeline->Illuminate\\Pipeline\\{closure}(Object(Illuminate\\Http\\Request))
#58 E:\\Productivity\\wamp64\\www\\laravel\\originality\\vendor\\laravel\\framework\\src\\Illuminate\\Pipeline\\Pipeline.php(219): Illuminate\\Foundation\\Http\\Middleware\\InvokeDeferredCallbacks->handle(Object(Illuminate\\Http\\Request), Object(Closure))
#59 E:\\Productivity\\wamp64\\www\\laravel\\originality\\vendor\\laravel\\framework\\src\\Illuminate\\Http\\Middleware\\ValidatePathEncoding.php(26): Illuminate\\Pipeline\\Pipeline->Illuminate\\Pipeline\\{closure}(Object(Illuminate\\Http\\Request))
#60 E:\\Productivity\\wamp64\\www\\laravel\\originality\\vendor\\laravel\\framework\\src\\Illuminate\\Pipeline\\Pipeline.php(219): Illuminate\\Http\\Middleware\\ValidatePathEncoding->handle(Object(Illuminate\\Http\\Request), Object(Closure))
#61 E:\\Productivity\\wamp64\\www\\laravel\\originality\\vendor\\laravel\\framework\\src\\Illuminate\\Pipeline\\Pipeline.php(137): Illuminate\\Pipeline\\Pipeline->Illuminate\\Pipeline\\{closure}(Object(Illuminate\\Http\\Request))
#62 E:\\Productivity\\wamp64\\www\\laravel\\originality\\vendor\\laravel\\framework\\src\\Illuminate\\Foundation\\Http\\Kernel.php(175): Illuminate\\Pipeline\\Pipeline->then(Object(Closure))
#63 E:\\Productivity\\wamp64\\www\\laravel\\originality\\vendor\\laravel\\framework\\src\\Illuminate\\Foundation\\Http\\Kernel.php(144): Illuminate\\Foundation\\Http\\Kernel->sendRequestThroughRouter(Object(Illuminate\\Http\\Request))
#64 E:\\Productivity\\wamp64\\www\\laravel\\originality\\vendor\\laravel\\framework\\src\\Illuminate\\Foundation\\Application.php(1220): Illuminate\\Foundation\\Http\\Kernel->handle(Object(Illuminate\\Http\\Request))
#65 E:\\Productivity\\wamp64\\www\\laravel\\originality\\public\\index.php(20): Illuminate\\Foundation\\Application->handleRequest(Object(Illuminate\\Http\\Request))
#66 E:\\Productivity\\wamp64\\www\\laravel\\originality\\vendor\\laravel\\framework\\src\\Illuminate\\Foundation\\resources\\server.php(23): require_once('E:\\\\Productivity...')
#67 {main}
"} 
[2025-09-09 04:56:51] local.ERROR: Call to a member function user() on array (View: E:\Productivity\wamp64\www\laravel\originality\resources\views\dashboard.blade.php) {"exception":"[object] (Illuminate\\View\\ViewException(code: 0): Call to a member function user() on array (View: E:\\Productivity\\wamp64\\www\\laravel\\originality\\resources\\views\\dashboard.blade.php) at E:\\Productivity\\wamp64\\www\\laravel\\originality\\storage\\framework\\views\\aed61cfb8535a70ab04e8d748cddabd3.php:3)
[stacktrace]
#0 E:\\Productivity\\wamp64\\www\\laravel\\originality\\vendor\\livewire\\livewire\\src\\Mechanisms\\ExtendBlade\\ExtendedCompilerEngine.php(58): Illuminate\\View\\Engines\\CompilerEngine->handleViewException(Object(Error), 1)
#1 E:\\Productivity\\wamp64\\www\\laravel\\originality\\vendor\\laravel\\framework\\src\\Illuminate\\View\\Engines\\PhpEngine.php(59): Livewire\\Mechanisms\\ExtendBlade\\ExtendedCompilerEngine->handleViewException(Object(Error), 1)
#2 E:\\Productivity\\wamp64\\www\\laravel\\originality\\vendor\\livewire\\livewire\\src\\Mechanisms\\ExtendBlade\\ExtendedCompilerEngine.php(22): Illuminate\\View\\Engines\\PhpEngine->evaluatePath('E:\\\\Productivity...', Array)
#3 E:\\Productivity\\wamp64\\www\\laravel\\originality\\vendor\\laravel\\framework\\src\\Illuminate\\View\\Engines\\CompilerEngine.php(76): Livewire\\Mechanisms\\ExtendBlade\\ExtendedCompilerEngine->evaluatePath('E:\\\\Productivity...', Array)
#4 E:\\Productivity\\wamp64\\www\\laravel\\originality\\vendor\\livewire\\livewire\\src\\Mechanisms\\ExtendBlade\\ExtendedCompilerEngine.php(10): Illuminate\\View\\Engines\\CompilerEngine->get('E:\\\\Productivity...', Array)
#5 E:\\Productivity\\wamp64\\www\\laravel\\originality\\vendor\\laravel\\framework\\src\\Illuminate\\View\\View.php(208): Livewire\\Mechanisms\\ExtendBlade\\ExtendedCompilerEngine->get('E:\\\\Productivity...', Array)
#6 E:\\Productivity\\wamp64\\www\\laravel\\originality\\vendor\\laravel\\framework\\src\\Illuminate\\View\\View.php(191): Illuminate\\View\\View->getContents()
#7 E:\\Productivity\\wamp64\\www\\laravel\\originality\\vendor\\laravel\\framework\\src\\Illuminate\\View\\View.php(160): Illuminate\\View\\View->renderContents()
#8 E:\\Productivity\\wamp64\\www\\laravel\\originality\\vendor\\laravel\\framework\\src\\Illuminate\\Http\\Response.php(78): Illuminate\\View\\View->render()
#9 E:\\Productivity\\wamp64\\www\\laravel\\originality\\vendor\\laravel\\framework\\src\\Illuminate\\Http\\Response.php(34): Illuminate\\Http\\Response->setContent(Object(Illuminate\\View\\View))
#10 E:\\Productivity\\wamp64\\www\\laravel\\originality\\vendor\\laravel\\framework\\src\\Illuminate\\Routing\\Router.php(939): Illuminate\\Http\\Response->__construct(Object(Illuminate\\View\\View), 200, Array)
#11 E:\\Productivity\\wamp64\\www\\laravel\\originality\\vendor\\laravel\\framework\\src\\Illuminate\\Routing\\Router.php(906): Illuminate\\Routing\\Router::toResponse(Object(Illuminate\\Http\\Request), Object(Illuminate\\View\\View))
#12 E:\\Productivity\\wamp64\\www\\laravel\\originality\\vendor\\laravel\\framework\\src\\Illuminate\\Routing\\Router.php(821): Illuminate\\Routing\\Router->prepareResponse(Object(Illuminate\\Http\\Request), Object(Illuminate\\View\\View))
#13 E:\\Productivity\\wamp64\\www\\laravel\\originality\\vendor\\laravel\\framework\\src\\Illuminate\\Pipeline\\Pipeline.php(180): Illuminate\\Routing\\Router->Illuminate\\Routing\\{closure}(Object(Illuminate\\Http\\Request))
#14 E:\\Productivity\\wamp64\\www\\laravel\\originality\\app\\Http\\Middleware\\CheckPermission.php(20): Illuminate\\Pipeline\\Pipeline->Illuminate\\Pipeline\\{closure}(Object(Illuminate\\Http\\Request))
#15 E:\\Productivity\\wamp64\\www\\laravel\\originality\\vendor\\laravel\\framework\\src\\Illuminate\\Pipeline\\Pipeline.php(219): App\\Http\\Middleware\\CheckPermission->handle(Object(Illuminate\\Http\\Request), Object(Closure), 'dashboard-list')
#16 E:\\Productivity\\wamp64\\www\\laravel\\originality\\app\\Http\\Middleware\\AuthApi.php(19): Illuminate\\Pipeline\\Pipeline->Illuminate\\Pipeline\\{closure}(Object(Illuminate\\Http\\Request))
#17 E:\\Productivity\\wamp64\\www\\laravel\\originality\\vendor\\laravel\\framework\\src\\Illuminate\\Pipeline\\Pipeline.php(219): App\\Http\\Middleware\\AuthApi->handle(Object(Illuminate\\Http\\Request), Object(Closure))
#18 E:\\Productivity\\wamp64\\www\\laravel\\originality\\vendor\\laravel\\framework\\src\\Illuminate\\Routing\\Middleware\\SubstituteBindings.php(50): Illuminate\\Pipeline\\Pipeline->Illuminate\\Pipeline\\{closure}(Object(Illuminate\\Http\\Request))
#19 E:\\Productivity\\wamp64\\www\\laravel\\originality\\vendor\\laravel\\framework\\src\\Illuminate\\Pipeline\\Pipeline.php(219): Illuminate\\Routing\\Middleware\\SubstituteBindings->handle(Object(Illuminate\\Http\\Request), Object(Closure))
#20 E:\\Productivity\\wamp64\\www\\laravel\\originality\\vendor\\laravel\\framework\\src\\Illuminate\\Foundation\\Http\\Middleware\\VerifyCsrfToken.php(87): Illuminate\\Pipeline\\Pipeline->Illuminate\\Pipeline\\{closure}(Object(Illuminate\\Http\\Request))
#21 E:\\Productivity\\wamp64\\www\\laravel\\originality\\vendor\\laravel\\framework\\src\\Illuminate\\Pipeline\\Pipeline.php(219): Illuminate\\Foundation\\Http\\Middleware\\VerifyCsrfToken->handle(Object(Illuminate\\Http\\Request), Object(Closure))
#22 E:\\Productivity\\wamp64\\www\\laravel\\originality\\vendor\\laravel\\framework\\src\\Illuminate\\View\\Middleware\\ShareErrorsFromSession.php(48): Illuminate\\Pipeline\\Pipeline->Illuminate\\Pipeline\\{closure}(Object(Illuminate\\Http\\Request))
#23 E:\\Productivity\\wamp64\\www\\laravel\\originality\\vendor\\laravel\\framework\\src\\Illuminate\\Pipeline\\Pipeline.php(219): Illuminate\\View\\Middleware\\ShareErrorsFromSession->handle(Object(Illuminate\\Http\\Request), Object(Closure))
#24 E:\\Productivity\\wamp64\\www\\laravel\\originality\\vendor\\laravel\\framework\\src\\Illuminate\\Session\\Middleware\\StartSession.php(120): Illuminate\\Pipeline\\Pipeline->Illuminate\\Pipeline\\{closure}(Object(Illuminate\\Http\\Request))
#25 E:\\Productivity\\wamp64\\www\\laravel\\originality\\vendor\\laravel\\framework\\src\\Illuminate\\Session\\Middleware\\StartSession.php(63): Illuminate\\Session\\Middleware\\StartSession->handleStatefulRequest(Object(Illuminate\\Http\\Request), Object(Illuminate\\Session\\Store), Object(Closure))
#26 E:\\Productivity\\wamp64\\www\\laravel\\originality\\vendor\\laravel\\framework\\src\\Illuminate\\Pipeline\\Pipeline.php(219): Illuminate\\Session\\Middleware\\StartSession->handle(Object(Illuminate\\Http\\Request), Object(Closure))
#27 E:\\Productivity\\wamp64\\www\\laravel\\originality\\vendor\\laravel\\framework\\src\\Illuminate\\Cookie\\Middleware\\AddQueuedCookiesToResponse.php(36): Illuminate\\Pipeline\\Pipeline->Illuminate\\Pipeline\\{closure}(Object(Illuminate\\Http\\Request))
#28 E:\\Productivity\\wamp64\\www\\laravel\\originality\\vendor\\laravel\\framework\\src\\Illuminate\\Pipeline\\Pipeline.php(219): Illuminate\\Cookie\\Middleware\\AddQueuedCookiesToResponse->handle(Object(Illuminate\\Http\\Request), Object(Closure))
#29 E:\\Productivity\\wamp64\\www\\laravel\\originality\\vendor\\laravel\\framework\\src\\Illuminate\\Cookie\\Middleware\\EncryptCookies.php(74): Illuminate\\Pipeline\\Pipeline->Illuminate\\Pipeline\\{closure}(Object(Illuminate\\Http\\Request))
#30 E:\\Productivity\\wamp64\\www\\laravel\\originality\\vendor\\laravel\\framework\\src\\Illuminate\\Pipeline\\Pipeline.php(219): Illuminate\\Cookie\\Middleware\\EncryptCookies->handle(Object(Illuminate\\Http\\Request), Object(Closure))
#31 E:\\Productivity\\wamp64\\www\\laravel\\originality\\vendor\\laravel\\framework\\src\\Illuminate\\Pipeline\\Pipeline.php(137): Illuminate\\Pipeline\\Pipeline->Illuminate\\Pipeline\\{closure}(Object(Illuminate\\Http\\Request))
#32 E:\\Productivity\\wamp64\\www\\laravel\\originality\\vendor\\laravel\\framework\\src\\Illuminate\\Routing\\Router.php(821): Illuminate\\Pipeline\\Pipeline->then(Object(Closure))
#33 E:\\Productivity\\wamp64\\www\\laravel\\originality\\vendor\\laravel\\framework\\src\\Illuminate\\Routing\\Router.php(800): Illuminate\\Routing\\Router->runRouteWithinStack(Object(Illuminate\\Routing\\Route), Object(Illuminate\\Http\\Request))
#34 E:\\Productivity\\wamp64\\www\\laravel\\originality\\vendor\\laravel\\framework\\src\\Illuminate\\Routing\\Router.php(764): Illuminate\\Routing\\Router->runRoute(Object(Illuminate\\Http\\Request), Object(Illuminate\\Routing\\Route))
#35 E:\\Productivity\\wamp64\\www\\laravel\\originality\\vendor\\laravel\\framework\\src\\Illuminate\\Routing\\Router.php(753): Illuminate\\Routing\\Router->dispatchToRoute(Object(Illuminate\\Http\\Request))
#36 E:\\Productivity\\wamp64\\www\\laravel\\originality\\vendor\\laravel\\framework\\src\\Illuminate\\Foundation\\Http\\Kernel.php(200): Illuminate\\Routing\\Router->dispatch(Object(Illuminate\\Http\\Request))
#37 E:\\Productivity\\wamp64\\www\\laravel\\originality\\vendor\\laravel\\framework\\src\\Illuminate\\Pipeline\\Pipeline.php(180): Illuminate\\Foundation\\Http\\Kernel->Illuminate\\Foundation\\Http\\{closure}(Object(Illuminate\\Http\\Request))
#38 E:\\Productivity\\wamp64\\www\\laravel\\originality\\vendor\\livewire\\livewire\\src\\Features\\SupportDisablingBackButtonCache\\DisableBackButtonCacheMiddleware.php(19): Illuminate\\Pipeline\\Pipeline->Illuminate\\Pipeline\\{closure}(Object(Illuminate\\Http\\Request))
#39 E:\\Productivity\\wamp64\\www\\laravel\\originality\\vendor\\laravel\\framework\\src\\Illuminate\\Pipeline\\Pipeline.php(219): Livewire\\Features\\SupportDisablingBackButtonCache\\DisableBackButtonCacheMiddleware->handle(Object(Illuminate\\Http\\Request), Object(Closure))
#40 E:\\Productivity\\wamp64\\www\\laravel\\originality\\vendor\\laravel\\framework\\src\\Illuminate\\Foundation\\Http\\Middleware\\TransformsRequest.php(21): Illuminate\\Pipeline\\Pipeline->Illuminate\\Pipeline\\{closure}(Object(Illuminate\\Http\\Request))
#41 E:\\Productivity\\wamp64\\www\\laravel\\originality\\vendor\\laravel\\framework\\src\\Illuminate\\Foundation\\Http\\Middleware\\ConvertEmptyStringsToNull.php(31): Illuminate\\Foundation\\Http\\Middleware\\TransformsRequest->handle(Object(Illuminate\\Http\\Request), Object(Closure))
#42 E:\\Productivity\\wamp64\\www\\laravel\\originality\\vendor\\laravel\\framework\\src\\Illuminate\\Pipeline\\Pipeline.php(219): Illuminate\\Foundation\\Http\\Middleware\\ConvertEmptyStringsToNull->handle(Object(Illuminate\\Http\\Request), Object(Closure))
#43 E:\\Productivity\\wamp64\\www\\laravel\\originality\\vendor\\laravel\\framework\\src\\Illuminate\\Foundation\\Http\\Middleware\\TransformsRequest.php(21): Illuminate\\Pipeline\\Pipeline->Illuminate\\Pipeline\\{closure}(Object(Illuminate\\Http\\Request))
#44 E:\\Productivity\\wamp64\\www\\laravel\\originality\\vendor\\laravel\\framework\\src\\Illuminate\\Foundation\\Http\\Middleware\\TrimStrings.php(51): Illuminate\\Foundation\\Http\\Middleware\\TransformsRequest->handle(Object(Illuminate\\Http\\Request), Object(Closure))
#45 E:\\Productivity\\wamp64\\www\\laravel\\originality\\vendor\\laravel\\framework\\src\\Illuminate\\Pipeline\\Pipeline.php(219): Illuminate\\Foundation\\Http\\Middleware\\TrimStrings->handle(Object(Illuminate\\Http\\Request), Object(Closure))
#46 E:\\Productivity\\wamp64\\www\\laravel\\originality\\vendor\\laravel\\framework\\src\\Illuminate\\Http\\Middleware\\ValidatePostSize.php(27): Illuminate\\Pipeline\\Pipeline->Illuminate\\Pipeline\\{closure}(Object(Illuminate\\Http\\Request))
#47 E:\\Productivity\\wamp64\\www\\laravel\\originality\\vendor\\laravel\\framework\\src\\Illuminate\\Pipeline\\Pipeline.php(219): Illuminate\\Http\\Middleware\\ValidatePostSize->handle(Object(Illuminate\\Http\\Request), Object(Closure))
#48 E:\\Productivity\\wamp64\\www\\laravel\\originality\\vendor\\laravel\\framework\\src\\Illuminate\\Foundation\\Http\\Middleware\\PreventRequestsDuringMaintenance.php(109): Illuminate\\Pipeline\\Pipeline->Illuminate\\Pipeline\\{closure}(Object(Illuminate\\Http\\Request))
#49 E:\\Productivity\\wamp64\\www\\laravel\\originality\\vendor\\laravel\\framework\\src\\Illuminate\\Pipeline\\Pipeline.php(219): Illuminate\\Foundation\\Http\\Middleware\\PreventRequestsDuringMaintenance->handle(Object(Illuminate\\Http\\Request), Object(Closure))
#50 E:\\Productivity\\wamp64\\www\\laravel\\originality\\vendor\\laravel\\framework\\src\\Illuminate\\Http\\Middleware\\HandleCors.php(48): Illuminate\\Pipeline\\Pipeline->Illuminate\\Pipeline\\{closure}(Object(Illuminate\\Http\\Request))
#51 E:\\Productivity\\wamp64\\www\\laravel\\originality\\vendor\\laravel\\framework\\src\\Illuminate\\Pipeline\\Pipeline.php(219): Illuminate\\Http\\Middleware\\HandleCors->handle(Object(Illuminate\\Http\\Request), Object(Closure))
#52 E:\\Productivity\\wamp64\\www\\laravel\\originality\\vendor\\laravel\\framework\\src\\Illuminate\\Http\\Middleware\\TrustProxies.php(58): Illuminate\\Pipeline\\Pipeline->Illuminate\\Pipeline\\{closure}(Object(Illuminate\\Http\\Request))
#53 E:\\Productivity\\wamp64\\www\\laravel\\originality\\vendor\\laravel\\framework\\src\\Illuminate\\Pipeline\\Pipeline.php(219): Illuminate\\Http\\Middleware\\TrustProxies->handle(Object(Illuminate\\Http\\Request), Object(Closure))
#54 E:\\Productivity\\wamp64\\www\\laravel\\originality\\vendor\\laravel\\framework\\src\\Illuminate\\Foundation\\Http\\Middleware\\InvokeDeferredCallbacks.php(22): Illuminate\\Pipeline\\Pipeline->Illuminate\\Pipeline\\{closure}(Object(Illuminate\\Http\\Request))
#55 E:\\Productivity\\wamp64\\www\\laravel\\originality\\vendor\\laravel\\framework\\src\\Illuminate\\Pipeline\\Pipeline.php(219): Illuminate\\Foundation\\Http\\Middleware\\InvokeDeferredCallbacks->handle(Object(Illuminate\\Http\\Request), Object(Closure))
#56 E:\\Productivity\\wamp64\\www\\laravel\\originality\\vendor\\laravel\\framework\\src\\Illuminate\\Http\\Middleware\\ValidatePathEncoding.php(26): Illuminate\\Pipeline\\Pipeline->Illuminate\\Pipeline\\{closure}(Object(Illuminate\\Http\\Request))
#57 E:\\Productivity\\wamp64\\www\\laravel\\originality\\vendor\\laravel\\framework\\src\\Illuminate\\Pipeline\\Pipeline.php(219): Illuminate\\Http\\Middleware\\ValidatePathEncoding->handle(Object(Illuminate\\Http\\Request), Object(Closure))
#58 E:\\Productivity\\wamp64\\www\\laravel\\originality\\vendor\\laravel\\framework\\src\\Illuminate\\Pipeline\\Pipeline.php(137): Illuminate\\Pipeline\\Pipeline->Illuminate\\Pipeline\\{closure}(Object(Illuminate\\Http\\Request))
#59 E:\\Productivity\\wamp64\\www\\laravel\\originality\\vendor\\laravel\\framework\\src\\Illuminate\\Foundation\\Http\\Kernel.php(175): Illuminate\\Pipeline\\Pipeline->then(Object(Closure))
#60 E:\\Productivity\\wamp64\\www\\laravel\\originality\\vendor\\laravel\\framework\\src\\Illuminate\\Foundation\\Http\\Kernel.php(144): Illuminate\\Foundation\\Http\\Kernel->sendRequestThroughRouter(Object(Illuminate\\Http\\Request))
#61 E:\\Productivity\\wamp64\\www\\laravel\\originality\\vendor\\laravel\\framework\\src\\Illuminate\\Foundation\\Application.php(1220): Illuminate\\Foundation\\Http\\Kernel->handle(Object(Illuminate\\Http\\Request))
#62 E:\\Productivity\\wamp64\\www\\laravel\\originality\\public\\index.php(20): Illuminate\\Foundation\\Application->handleRequest(Object(Illuminate\\Http\\Request))
#63 E:\\Productivity\\wamp64\\www\\laravel\\originality\\vendor\\laravel\\framework\\src\\Illuminate\\Foundation\\resources\\server.php(23): require_once('E:\\\\Productivity...')
#64 {main}

[previous exception] [object] (Error(code: 0): Call to a member function user() on array at E:\\Productivity\\wamp64\\www\\laravel\\originality\\storage\\framework\\views\\aed61cfb8535a70ab04e8d748cddabd3.php:3)
[stacktrace]
#0 E:\\Productivity\\wamp64\\www\\laravel\\originality\\vendor\\laravel\\framework\\src\\Illuminate\\Filesystem\\Filesystem.php(123): require()
#1 E:\\Productivity\\wamp64\\www\\laravel\\originality\\vendor\\laravel\\framework\\src\\Illuminate\\Filesystem\\Filesystem.php(124): Illuminate\\Filesystem\\Filesystem::Illuminate\\Filesystem\\{closure}()
#2 E:\\Productivity\\wamp64\\www\\laravel\\originality\\vendor\\laravel\\framework\\src\\Illuminate\\View\\Engines\\PhpEngine.php(57): Illuminate\\Filesystem\\Filesystem->getRequire('E:\\\\Productivity...', Array)
#3 E:\\Productivity\\wamp64\\www\\laravel\\originality\\vendor\\livewire\\livewire\\src\\Mechanisms\\ExtendBlade\\ExtendedCompilerEngine.php(22): Illuminate\\View\\Engines\\PhpEngine->evaluatePath('E:\\\\Productivity...', Array)
#4 E:\\Productivity\\wamp64\\www\\laravel\\originality\\vendor\\laravel\\framework\\src\\Illuminate\\View\\Engines\\CompilerEngine.php(76): Livewire\\Mechanisms\\ExtendBlade\\ExtendedCompilerEngine->evaluatePath('E:\\\\Productivity...', Array)
#5 E:\\Productivity\\wamp64\\www\\laravel\\originality\\vendor\\livewire\\livewire\\src\\Mechanisms\\ExtendBlade\\ExtendedCompilerEngine.php(10): Illuminate\\View\\Engines\\CompilerEngine->get('E:\\\\Productivity...', Array)
#6 E:\\Productivity\\wamp64\\www\\laravel\\originality\\vendor\\laravel\\framework\\src\\Illuminate\\View\\View.php(208): Livewire\\Mechanisms\\ExtendBlade\\ExtendedCompilerEngine->get('E:\\\\Productivity...', Array)
#7 E:\\Productivity\\wamp64\\www\\laravel\\originality\\vendor\\laravel\\framework\\src\\Illuminate\\View\\View.php(191): Illuminate\\View\\View->getContents()
#8 E:\\Productivity\\wamp64\\www\\laravel\\originality\\vendor\\laravel\\framework\\src\\Illuminate\\View\\View.php(160): Illuminate\\View\\View->renderContents()
#9 E:\\Productivity\\wamp64\\www\\laravel\\originality\\vendor\\laravel\\framework\\src\\Illuminate\\Http\\Response.php(78): Illuminate\\View\\View->render()
#10 E:\\Productivity\\wamp64\\www\\laravel\\originality\\vendor\\laravel\\framework\\src\\Illuminate\\Http\\Response.php(34): Illuminate\\Http\\Response->setContent(Object(Illuminate\\View\\View))
#11 E:\\Productivity\\wamp64\\www\\laravel\\originality\\vendor\\laravel\\framework\\src\\Illuminate\\Routing\\Router.php(939): Illuminate\\Http\\Response->__construct(Object(Illuminate\\View\\View), 200, Array)
#12 E:\\Productivity\\wamp64\\www\\laravel\\originality\\vendor\\laravel\\framework\\src\\Illuminate\\Routing\\Router.php(906): Illuminate\\Routing\\Router::toResponse(Object(Illuminate\\Http\\Request), Object(Illuminate\\View\\View))
#13 E:\\Productivity\\wamp64\\www\\laravel\\originality\\vendor\\laravel\\framework\\src\\Illuminate\\Routing\\Router.php(821): Illuminate\\Routing\\Router->prepareResponse(Object(Illuminate\\Http\\Request), Object(Illuminate\\View\\View))
#14 E:\\Productivity\\wamp64\\www\\laravel\\originality\\vendor\\laravel\\framework\\src\\Illuminate\\Pipeline\\Pipeline.php(180): Illuminate\\Routing\\Router->Illuminate\\Routing\\{closure}(Object(Illuminate\\Http\\Request))
#15 E:\\Productivity\\wamp64\\www\\laravel\\originality\\app\\Http\\Middleware\\CheckPermission.php(20): Illuminate\\Pipeline\\Pipeline->Illuminate\\Pipeline\\{closure}(Object(Illuminate\\Http\\Request))
#16 E:\\Productivity\\wamp64\\www\\laravel\\originality\\vendor\\laravel\\framework\\src\\Illuminate\\Pipeline\\Pipeline.php(219): App\\Http\\Middleware\\CheckPermission->handle(Object(Illuminate\\Http\\Request), Object(Closure), 'dashboard-list')
#17 E:\\Productivity\\wamp64\\www\\laravel\\originality\\app\\Http\\Middleware\\AuthApi.php(19): Illuminate\\Pipeline\\Pipeline->Illuminate\\Pipeline\\{closure}(Object(Illuminate\\Http\\Request))
#18 E:\\Productivity\\wamp64\\www\\laravel\\originality\\vendor\\laravel\\framework\\src\\Illuminate\\Pipeline\\Pipeline.php(219): App\\Http\\Middleware\\AuthApi->handle(Object(Illuminate\\Http\\Request), Object(Closure))
#19 E:\\Productivity\\wamp64\\www\\laravel\\originality\\vendor\\laravel\\framework\\src\\Illuminate\\Routing\\Middleware\\SubstituteBindings.php(50): Illuminate\\Pipeline\\Pipeline->Illuminate\\Pipeline\\{closure}(Object(Illuminate\\Http\\Request))
#20 E:\\Productivity\\wamp64\\www\\laravel\\originality\\vendor\\laravel\\framework\\src\\Illuminate\\Pipeline\\Pipeline.php(219): Illuminate\\Routing\\Middleware\\SubstituteBindings->handle(Object(Illuminate\\Http\\Request), Object(Closure))
#21 E:\\Productivity\\wamp64\\www\\laravel\\originality\\vendor\\laravel\\framework\\src\\Illuminate\\Foundation\\Http\\Middleware\\VerifyCsrfToken.php(87): Illuminate\\Pipeline\\Pipeline->Illuminate\\Pipeline\\{closure}(Object(Illuminate\\Http\\Request))
#22 E:\\Productivity\\wamp64\\www\\laravel\\originality\\vendor\\laravel\\framework\\src\\Illuminate\\Pipeline\\Pipeline.php(219): Illuminate\\Foundation\\Http\\Middleware\\VerifyCsrfToken->handle(Object(Illuminate\\Http\\Request), Object(Closure))
#23 E:\\Productivity\\wamp64\\www\\laravel\\originality\\vendor\\laravel\\framework\\src\\Illuminate\\View\\Middleware\\ShareErrorsFromSession.php(48): Illuminate\\Pipeline\\Pipeline->Illuminate\\Pipeline\\{closure}(Object(Illuminate\\Http\\Request))
#24 E:\\Productivity\\wamp64\\www\\laravel\\originality\\vendor\\laravel\\framework\\src\\Illuminate\\Pipeline\\Pipeline.php(219): Illuminate\\View\\Middleware\\ShareErrorsFromSession->handle(Object(Illuminate\\Http\\Request), Object(Closure))
#25 E:\\Productivity\\wamp64\\www\\laravel\\originality\\vendor\\laravel\\framework\\src\\Illuminate\\Session\\Middleware\\StartSession.php(120): Illuminate\\Pipeline\\Pipeline->Illuminate\\Pipeline\\{closure}(Object(Illuminate\\Http\\Request))
#26 E:\\Productivity\\wamp64\\www\\laravel\\originality\\vendor\\laravel\\framework\\src\\Illuminate\\Session\\Middleware\\StartSession.php(63): Illuminate\\Session\\Middleware\\StartSession->handleStatefulRequest(Object(Illuminate\\Http\\Request), Object(Illuminate\\Session\\Store), Object(Closure))
#27 E:\\Productivity\\wamp64\\www\\laravel\\originality\\vendor\\laravel\\framework\\src\\Illuminate\\Pipeline\\Pipeline.php(219): Illuminate\\Session\\Middleware\\StartSession->handle(Object(Illuminate\\Http\\Request), Object(Closure))
#28 E:\\Productivity\\wamp64\\www\\laravel\\originality\\vendor\\laravel\\framework\\src\\Illuminate\\Cookie\\Middleware\\AddQueuedCookiesToResponse.php(36): Illuminate\\Pipeline\\Pipeline->Illuminate\\Pipeline\\{closure}(Object(Illuminate\\Http\\Request))
#29 E:\\Productivity\\wamp64\\www\\laravel\\originality\\vendor\\laravel\\framework\\src\\Illuminate\\Pipeline\\Pipeline.php(219): Illuminate\\Cookie\\Middleware\\AddQueuedCookiesToResponse->handle(Object(Illuminate\\Http\\Request), Object(Closure))
#30 E:\\Productivity\\wamp64\\www\\laravel\\originality\\vendor\\laravel\\framework\\src\\Illuminate\\Cookie\\Middleware\\EncryptCookies.php(74): Illuminate\\Pipeline\\Pipeline->Illuminate\\Pipeline\\{closure}(Object(Illuminate\\Http\\Request))
#31 E:\\Productivity\\wamp64\\www\\laravel\\originality\\vendor\\laravel\\framework\\src\\Illuminate\\Pipeline\\Pipeline.php(219): Illuminate\\Cookie\\Middleware\\EncryptCookies->handle(Object(Illuminate\\Http\\Request), Object(Closure))
#32 E:\\Productivity\\wamp64\\www\\laravel\\originality\\vendor\\laravel\\framework\\src\\Illuminate\\Pipeline\\Pipeline.php(137): Illuminate\\Pipeline\\Pipeline->Illuminate\\Pipeline\\{closure}(Object(Illuminate\\Http\\Request))
#33 E:\\Productivity\\wamp64\\www\\laravel\\originality\\vendor\\laravel\\framework\\src\\Illuminate\\Routing\\Router.php(821): Illuminate\\Pipeline\\Pipeline->then(Object(Closure))
#34 E:\\Productivity\\wamp64\\www\\laravel\\originality\\vendor\\laravel\\framework\\src\\Illuminate\\Routing\\Router.php(800): Illuminate\\Routing\\Router->runRouteWithinStack(Object(Illuminate\\Routing\\Route), Object(Illuminate\\Http\\Request))
#35 E:\\Productivity\\wamp64\\www\\laravel\\originality\\vendor\\laravel\\framework\\src\\Illuminate\\Routing\\Router.php(764): Illuminate\\Routing\\Router->runRoute(Object(Illuminate\\Http\\Request), Object(Illuminate\\Routing\\Route))
#36 E:\\Productivity\\wamp64\\www\\laravel\\originality\\vendor\\laravel\\framework\\src\\Illuminate\\Routing\\Router.php(753): Illuminate\\Routing\\Router->dispatchToRoute(Object(Illuminate\\Http\\Request))
#37 E:\\Productivity\\wamp64\\www\\laravel\\originality\\vendor\\laravel\\framework\\src\\Illuminate\\Foundation\\Http\\Kernel.php(200): Illuminate\\Routing\\Router->dispatch(Object(Illuminate\\Http\\Request))
#38 E:\\Productivity\\wamp64\\www\\laravel\\originality\\vendor\\laravel\\framework\\src\\Illuminate\\Pipeline\\Pipeline.php(180): Illuminate\\Foundation\\Http\\Kernel->Illuminate\\Foundation\\Http\\{closure}(Object(Illuminate\\Http\\Request))
#39 E:\\Productivity\\wamp64\\www\\laravel\\originality\\vendor\\livewire\\livewire\\src\\Features\\SupportDisablingBackButtonCache\\DisableBackButtonCacheMiddleware.php(19): Illuminate\\Pipeline\\Pipeline->Illuminate\\Pipeline\\{closure}(Object(Illuminate\\Http\\Request))
#40 E:\\Productivity\\wamp64\\www\\laravel\\originality\\vendor\\laravel\\framework\\src\\Illuminate\\Pipeline\\Pipeline.php(219): Livewire\\Features\\SupportDisablingBackButtonCache\\DisableBackButtonCacheMiddleware->handle(Object(Illuminate\\Http\\Request), Object(Closure))
#41 E:\\Productivity\\wamp64\\www\\laravel\\originality\\vendor\\laravel\\framework\\src\\Illuminate\\Foundation\\Http\\Middleware\\TransformsRequest.php(21): Illuminate\\Pipeline\\Pipeline->Illuminate\\Pipeline\\{closure}(Object(Illuminate\\Http\\Request))
#42 E:\\Productivity\\wamp64\\www\\laravel\\originality\\vendor\\laravel\\framework\\src\\Illuminate\\Foundation\\Http\\Middleware\\ConvertEmptyStringsToNull.php(31): Illuminate\\Foundation\\Http\\Middleware\\TransformsRequest->handle(Object(Illuminate\\Http\\Request), Object(Closure))
#43 E:\\Productivity\\wamp64\\www\\laravel\\originality\\vendor\\laravel\\framework\\src\\Illuminate\\Pipeline\\Pipeline.php(219): Illuminate\\Foundation\\Http\\Middleware\\ConvertEmptyStringsToNull->handle(Object(Illuminate\\Http\\Request), Object(Closure))
#44 E:\\Productivity\\wamp64\\www\\laravel\\originality\\vendor\\laravel\\framework\\src\\Illuminate\\Foundation\\Http\\Middleware\\TransformsRequest.php(21): Illuminate\\Pipeline\\Pipeline->Illuminate\\Pipeline\\{closure}(Object(Illuminate\\Http\\Request))
#45 E:\\Productivity\\wamp64\\www\\laravel\\originality\\vendor\\laravel\\framework\\src\\Illuminate\\Foundation\\Http\\Middleware\\TrimStrings.php(51): Illuminate\\Foundation\\Http\\Middleware\\TransformsRequest->handle(Object(Illuminate\\Http\\Request), Object(Closure))
#46 E:\\Productivity\\wamp64\\www\\laravel\\originality\\vendor\\laravel\\framework\\src\\Illuminate\\Pipeline\\Pipeline.php(219): Illuminate\\Foundation\\Http\\Middleware\\TrimStrings->handle(Object(Illuminate\\Http\\Request), Object(Closure))
#47 E:\\Productivity\\wamp64\\www\\laravel\\originality\\vendor\\laravel\\framework\\src\\Illuminate\\Http\\Middleware\\ValidatePostSize.php(27): Illuminate\\Pipeline\\Pipeline->Illuminate\\Pipeline\\{closure}(Object(Illuminate\\Http\\Request))
#48 E:\\Productivity\\wamp64\\www\\laravel\\originality\\vendor\\laravel\\framework\\src\\Illuminate\\Pipeline\\Pipeline.php(219): Illuminate\\Http\\Middleware\\ValidatePostSize->handle(Object(Illuminate\\Http\\Request), Object(Closure))
#49 E:\\Productivity\\wamp64\\www\\laravel\\originality\\vendor\\laravel\\framework\\src\\Illuminate\\Foundation\\Http\\Middleware\\PreventRequestsDuringMaintenance.php(109): Illuminate\\Pipeline\\Pipeline->Illuminate\\Pipeline\\{closure}(Object(Illuminate\\Http\\Request))
#50 E:\\Productivity\\wamp64\\www\\laravel\\originality\\vendor\\laravel\\framework\\src\\Illuminate\\Pipeline\\Pipeline.php(219): Illuminate\\Foundation\\Http\\Middleware\\PreventRequestsDuringMaintenance->handle(Object(Illuminate\\Http\\Request), Object(Closure))
#51 E:\\Productivity\\wamp64\\www\\laravel\\originality\\vendor\\laravel\\framework\\src\\Illuminate\\Http\\Middleware\\HandleCors.php(48): Illuminate\\Pipeline\\Pipeline->Illuminate\\Pipeline\\{closure}(Object(Illuminate\\Http\\Request))
#52 E:\\Productivity\\wamp64\\www\\laravel\\originality\\vendor\\laravel\\framework\\src\\Illuminate\\Pipeline\\Pipeline.php(219): Illuminate\\Http\\Middleware\\HandleCors->handle(Object(Illuminate\\Http\\Request), Object(Closure))
#53 E:\\Productivity\\wamp64\\www\\laravel\\originality\\vendor\\laravel\\framework\\src\\Illuminate\\Http\\Middleware\\TrustProxies.php(58): Illuminate\\Pipeline\\Pipeline->Illuminate\\Pipeline\\{closure}(Object(Illuminate\\Http\\Request))
#54 E:\\Productivity\\wamp64\\www\\laravel\\originality\\vendor\\laravel\\framework\\src\\Illuminate\\Pipeline\\Pipeline.php(219): Illuminate\\Http\\Middleware\\TrustProxies->handle(Object(Illuminate\\Http\\Request), Object(Closure))
#55 E:\\Productivity\\wamp64\\www\\laravel\\originality\\vendor\\laravel\\framework\\src\\Illuminate\\Foundation\\Http\\Middleware\\InvokeDeferredCallbacks.php(22): Illuminate\\Pipeline\\Pipeline->Illuminate\\Pipeline\\{closure}(Object(Illuminate\\Http\\Request))
#56 E:\\Productivity\\wamp64\\www\\laravel\\originality\\vendor\\laravel\\framework\\src\\Illuminate\\Pipeline\\Pipeline.php(219): Illuminate\\Foundation\\Http\\Middleware\\InvokeDeferredCallbacks->handle(Object(Illuminate\\Http\\Request), Object(Closure))
#57 E:\\Productivity\\wamp64\\www\\laravel\\originality\\vendor\\laravel\\framework\\src\\Illuminate\\Http\\Middleware\\ValidatePathEncoding.php(26): Illuminate\\Pipeline\\Pipeline->Illuminate\\Pipeline\\{closure}(Object(Illuminate\\Http\\Request))
#58 E:\\Productivity\\wamp64\\www\\laravel\\originality\\vendor\\laravel\\framework\\src\\Illuminate\\Pipeline\\Pipeline.php(219): Illuminate\\Http\\Middleware\\ValidatePathEncoding->handle(Object(Illuminate\\Http\\Request), Object(Closure))
#59 E:\\Productivity\\wamp64\\www\\laravel\\originality\\vendor\\laravel\\framework\\src\\Illuminate\\Pipeline\\Pipeline.php(137): Illuminate\\Pipeline\\Pipeline->Illuminate\\Pipeline\\{closure}(Object(Illuminate\\Http\\Request))
#60 E:\\Productivity\\wamp64\\www\\laravel\\originality\\vendor\\laravel\\framework\\src\\Illuminate\\Foundation\\Http\\Kernel.php(175): Illuminate\\Pipeline\\Pipeline->then(Object(Closure))
#61 E:\\Productivity\\wamp64\\www\\laravel\\originality\\vendor\\laravel\\framework\\src\\Illuminate\\Foundation\\Http\\Kernel.php(144): Illuminate\\Foundation\\Http\\Kernel->sendRequestThroughRouter(Object(Illuminate\\Http\\Request))
#62 E:\\Productivity\\wamp64\\www\\laravel\\originality\\vendor\\laravel\\framework\\src\\Illuminate\\Foundation\\Application.php(1220): Illuminate\\Foundation\\Http\\Kernel->handle(Object(Illuminate\\Http\\Request))
#63 E:\\Productivity\\wamp64\\www\\laravel\\originality\\public\\index.php(20): Illuminate\\Foundation\\Application->handleRequest(Object(Illuminate\\Http\\Request))
#64 E:\\Productivity\\wamp64\\www\\laravel\\originality\\vendor\\laravel\\framework\\src\\Illuminate\\Foundation\\resources\\server.php(23): require_once('E:\\\\Productivity...')
#65 {main}
"} 
[2025-09-09 04:57:04] local.ERROR: Call to a member function user() on array (View: E:\Productivity\wamp64\www\laravel\originality\resources\views\dashboard.blade.php) {"exception":"[object] (Illuminate\\View\\ViewException(code: 0): Call to a member function user() on array (View: E:\\Productivity\\wamp64\\www\\laravel\\originality\\resources\\views\\dashboard.blade.php) at E:\\Productivity\\wamp64\\www\\laravel\\originality\\storage\\framework\\views\\aed61cfb8535a70ab04e8d748cddabd3.php:3)
[stacktrace]
#0 E:\\Productivity\\wamp64\\www\\laravel\\originality\\vendor\\livewire\\livewire\\src\\Mechanisms\\ExtendBlade\\ExtendedCompilerEngine.php(58): Illuminate\\View\\Engines\\CompilerEngine->handleViewException(Object(Error), 1)
#1 E:\\Productivity\\wamp64\\www\\laravel\\originality\\vendor\\laravel\\framework\\src\\Illuminate\\View\\Engines\\PhpEngine.php(59): Livewire\\Mechanisms\\ExtendBlade\\ExtendedCompilerEngine->handleViewException(Object(Error), 1)
#2 E:\\Productivity\\wamp64\\www\\laravel\\originality\\vendor\\livewire\\livewire\\src\\Mechanisms\\ExtendBlade\\ExtendedCompilerEngine.php(22): Illuminate\\View\\Engines\\PhpEngine->evaluatePath('E:\\\\Productivity...', Array)
#3 E:\\Productivity\\wamp64\\www\\laravel\\originality\\vendor\\laravel\\framework\\src\\Illuminate\\View\\Engines\\CompilerEngine.php(76): Livewire\\Mechanisms\\ExtendBlade\\ExtendedCompilerEngine->evaluatePath('E:\\\\Productivity...', Array)
#4 E:\\Productivity\\wamp64\\www\\laravel\\originality\\vendor\\livewire\\livewire\\src\\Mechanisms\\ExtendBlade\\ExtendedCompilerEngine.php(10): Illuminate\\View\\Engines\\CompilerEngine->get('E:\\\\Productivity...', Array)
#5 E:\\Productivity\\wamp64\\www\\laravel\\originality\\vendor\\laravel\\framework\\src\\Illuminate\\View\\View.php(208): Livewire\\Mechanisms\\ExtendBlade\\ExtendedCompilerEngine->get('E:\\\\Productivity...', Array)
#6 E:\\Productivity\\wamp64\\www\\laravel\\originality\\vendor\\laravel\\framework\\src\\Illuminate\\View\\View.php(191): Illuminate\\View\\View->getContents()
#7 E:\\Productivity\\wamp64\\www\\laravel\\originality\\vendor\\laravel\\framework\\src\\Illuminate\\View\\View.php(160): Illuminate\\View\\View->renderContents()
#8 E:\\Productivity\\wamp64\\www\\laravel\\originality\\vendor\\laravel\\framework\\src\\Illuminate\\Http\\Response.php(78): Illuminate\\View\\View->render()
#9 E:\\Productivity\\wamp64\\www\\laravel\\originality\\vendor\\laravel\\framework\\src\\Illuminate\\Http\\Response.php(34): Illuminate\\Http\\Response->setContent(Object(Illuminate\\View\\View))
#10 E:\\Productivity\\wamp64\\www\\laravel\\originality\\vendor\\laravel\\framework\\src\\Illuminate\\Routing\\Router.php(939): Illuminate\\Http\\Response->__construct(Object(Illuminate\\View\\View), 200, Array)
#11 E:\\Productivity\\wamp64\\www\\laravel\\originality\\vendor\\laravel\\framework\\src\\Illuminate\\Routing\\Router.php(906): Illuminate\\Routing\\Router::toResponse(Object(Illuminate\\Http\\Request), Object(Illuminate\\View\\View))
#12 E:\\Productivity\\wamp64\\www\\laravel\\originality\\vendor\\laravel\\framework\\src\\Illuminate\\Routing\\Router.php(821): Illuminate\\Routing\\Router->prepareResponse(Object(Illuminate\\Http\\Request), Object(Illuminate\\View\\View))
#13 E:\\Productivity\\wamp64\\www\\laravel\\originality\\vendor\\laravel\\framework\\src\\Illuminate\\Pipeline\\Pipeline.php(180): Illuminate\\Routing\\Router->Illuminate\\Routing\\{closure}(Object(Illuminate\\Http\\Request))
#14 E:\\Productivity\\wamp64\\www\\laravel\\originality\\app\\Http\\Middleware\\CheckPermission.php(20): Illuminate\\Pipeline\\Pipeline->Illuminate\\Pipeline\\{closure}(Object(Illuminate\\Http\\Request))
#15 E:\\Productivity\\wamp64\\www\\laravel\\originality\\vendor\\laravel\\framework\\src\\Illuminate\\Pipeline\\Pipeline.php(219): App\\Http\\Middleware\\CheckPermission->handle(Object(Illuminate\\Http\\Request), Object(Closure), 'dashboard-list')
#16 E:\\Productivity\\wamp64\\www\\laravel\\originality\\app\\Http\\Middleware\\AuthApi.php(19): Illuminate\\Pipeline\\Pipeline->Illuminate\\Pipeline\\{closure}(Object(Illuminate\\Http\\Request))
#17 E:\\Productivity\\wamp64\\www\\laravel\\originality\\vendor\\laravel\\framework\\src\\Illuminate\\Pipeline\\Pipeline.php(219): App\\Http\\Middleware\\AuthApi->handle(Object(Illuminate\\Http\\Request), Object(Closure))
#18 E:\\Productivity\\wamp64\\www\\laravel\\originality\\vendor\\laravel\\framework\\src\\Illuminate\\Routing\\Middleware\\SubstituteBindings.php(50): Illuminate\\Pipeline\\Pipeline->Illuminate\\Pipeline\\{closure}(Object(Illuminate\\Http\\Request))
#19 E:\\Productivity\\wamp64\\www\\laravel\\originality\\vendor\\laravel\\framework\\src\\Illuminate\\Pipeline\\Pipeline.php(219): Illuminate\\Routing\\Middleware\\SubstituteBindings->handle(Object(Illuminate\\Http\\Request), Object(Closure))
#20 E:\\Productivity\\wamp64\\www\\laravel\\originality\\vendor\\laravel\\framework\\src\\Illuminate\\Foundation\\Http\\Middleware\\VerifyCsrfToken.php(87): Illuminate\\Pipeline\\Pipeline->Illuminate\\Pipeline\\{closure}(Object(Illuminate\\Http\\Request))
#21 E:\\Productivity\\wamp64\\www\\laravel\\originality\\vendor\\laravel\\framework\\src\\Illuminate\\Pipeline\\Pipeline.php(219): Illuminate\\Foundation\\Http\\Middleware\\VerifyCsrfToken->handle(Object(Illuminate\\Http\\Request), Object(Closure))
#22 E:\\Productivity\\wamp64\\www\\laravel\\originality\\vendor\\laravel\\framework\\src\\Illuminate\\View\\Middleware\\ShareErrorsFromSession.php(48): Illuminate\\Pipeline\\Pipeline->Illuminate\\Pipeline\\{closure}(Object(Illuminate\\Http\\Request))
#23 E:\\Productivity\\wamp64\\www\\laravel\\originality\\vendor\\laravel\\framework\\src\\Illuminate\\Pipeline\\Pipeline.php(219): Illuminate\\View\\Middleware\\ShareErrorsFromSession->handle(Object(Illuminate\\Http\\Request), Object(Closure))
#24 E:\\Productivity\\wamp64\\www\\laravel\\originality\\vendor\\laravel\\framework\\src\\Illuminate\\Session\\Middleware\\StartSession.php(120): Illuminate\\Pipeline\\Pipeline->Illuminate\\Pipeline\\{closure}(Object(Illuminate\\Http\\Request))
#25 E:\\Productivity\\wamp64\\www\\laravel\\originality\\vendor\\laravel\\framework\\src\\Illuminate\\Session\\Middleware\\StartSession.php(63): Illuminate\\Session\\Middleware\\StartSession->handleStatefulRequest(Object(Illuminate\\Http\\Request), Object(Illuminate\\Session\\Store), Object(Closure))
#26 E:\\Productivity\\wamp64\\www\\laravel\\originality\\vendor\\laravel\\framework\\src\\Illuminate\\Pipeline\\Pipeline.php(219): Illuminate\\Session\\Middleware\\StartSession->handle(Object(Illuminate\\Http\\Request), Object(Closure))
#27 E:\\Productivity\\wamp64\\www\\laravel\\originality\\vendor\\laravel\\framework\\src\\Illuminate\\Cookie\\Middleware\\AddQueuedCookiesToResponse.php(36): Illuminate\\Pipeline\\Pipeline->Illuminate\\Pipeline\\{closure}(Object(Illuminate\\Http\\Request))
#28 E:\\Productivity\\wamp64\\www\\laravel\\originality\\vendor\\laravel\\framework\\src\\Illuminate\\Pipeline\\Pipeline.php(219): Illuminate\\Cookie\\Middleware\\AddQueuedCookiesToResponse->handle(Object(Illuminate\\Http\\Request), Object(Closure))
#29 E:\\Productivity\\wamp64\\www\\laravel\\originality\\vendor\\laravel\\framework\\src\\Illuminate\\Cookie\\Middleware\\EncryptCookies.php(74): Illuminate\\Pipeline\\Pipeline->Illuminate\\Pipeline\\{closure}(Object(Illuminate\\Http\\Request))
#30 E:\\Productivity\\wamp64\\www\\laravel\\originality\\vendor\\laravel\\framework\\src\\Illuminate\\Pipeline\\Pipeline.php(219): Illuminate\\Cookie\\Middleware\\EncryptCookies->handle(Object(Illuminate\\Http\\Request), Object(Closure))
#31 E:\\Productivity\\wamp64\\www\\laravel\\originality\\vendor\\laravel\\framework\\src\\Illuminate\\Pipeline\\Pipeline.php(137): Illuminate\\Pipeline\\Pipeline->Illuminate\\Pipeline\\{closure}(Object(Illuminate\\Http\\Request))
#32 E:\\Productivity\\wamp64\\www\\laravel\\originality\\vendor\\laravel\\framework\\src\\Illuminate\\Routing\\Router.php(821): Illuminate\\Pipeline\\Pipeline->then(Object(Closure))
#33 E:\\Productivity\\wamp64\\www\\laravel\\originality\\vendor\\laravel\\framework\\src\\Illuminate\\Routing\\Router.php(800): Illuminate\\Routing\\Router->runRouteWithinStack(Object(Illuminate\\Routing\\Route), Object(Illuminate\\Http\\Request))
#34 E:\\Productivity\\wamp64\\www\\laravel\\originality\\vendor\\laravel\\framework\\src\\Illuminate\\Routing\\Router.php(764): Illuminate\\Routing\\Router->runRoute(Object(Illuminate\\Http\\Request), Object(Illuminate\\Routing\\Route))
#35 E:\\Productivity\\wamp64\\www\\laravel\\originality\\vendor\\laravel\\framework\\src\\Illuminate\\Routing\\Router.php(753): Illuminate\\Routing\\Router->dispatchToRoute(Object(Illuminate\\Http\\Request))
#36 E:\\Productivity\\wamp64\\www\\laravel\\originality\\vendor\\laravel\\framework\\src\\Illuminate\\Foundation\\Http\\Kernel.php(200): Illuminate\\Routing\\Router->dispatch(Object(Illuminate\\Http\\Request))
#37 E:\\Productivity\\wamp64\\www\\laravel\\originality\\vendor\\laravel\\framework\\src\\Illuminate\\Pipeline\\Pipeline.php(180): Illuminate\\Foundation\\Http\\Kernel->Illuminate\\Foundation\\Http\\{closure}(Object(Illuminate\\Http\\Request))
#38 E:\\Productivity\\wamp64\\www\\laravel\\originality\\vendor\\livewire\\livewire\\src\\Features\\SupportDisablingBackButtonCache\\DisableBackButtonCacheMiddleware.php(19): Illuminate\\Pipeline\\Pipeline->Illuminate\\Pipeline\\{closure}(Object(Illuminate\\Http\\Request))
#39 E:\\Productivity\\wamp64\\www\\laravel\\originality\\vendor\\laravel\\framework\\src\\Illuminate\\Pipeline\\Pipeline.php(219): Livewire\\Features\\SupportDisablingBackButtonCache\\DisableBackButtonCacheMiddleware->handle(Object(Illuminate\\Http\\Request), Object(Closure))
#40 E:\\Productivity\\wamp64\\www\\laravel\\originality\\vendor\\laravel\\framework\\src\\Illuminate\\Foundation\\Http\\Middleware\\TransformsRequest.php(21): Illuminate\\Pipeline\\Pipeline->Illuminate\\Pipeline\\{closure}(Object(Illuminate\\Http\\Request))
#41 E:\\Productivity\\wamp64\\www\\laravel\\originality\\vendor\\laravel\\framework\\src\\Illuminate\\Foundation\\Http\\Middleware\\ConvertEmptyStringsToNull.php(31): Illuminate\\Foundation\\Http\\Middleware\\TransformsRequest->handle(Object(Illuminate\\Http\\Request), Object(Closure))
#42 E:\\Productivity\\wamp64\\www\\laravel\\originality\\vendor\\laravel\\framework\\src\\Illuminate\\Pipeline\\Pipeline.php(219): Illuminate\\Foundation\\Http\\Middleware\\ConvertEmptyStringsToNull->handle(Object(Illuminate\\Http\\Request), Object(Closure))
#43 E:\\Productivity\\wamp64\\www\\laravel\\originality\\vendor\\laravel\\framework\\src\\Illuminate\\Foundation\\Http\\Middleware\\TransformsRequest.php(21): Illuminate\\Pipeline\\Pipeline->Illuminate\\Pipeline\\{closure}(Object(Illuminate\\Http\\Request))
#44 E:\\Productivity\\wamp64\\www\\laravel\\originality\\vendor\\laravel\\framework\\src\\Illuminate\\Foundation\\Http\\Middleware\\TrimStrings.php(51): Illuminate\\Foundation\\Http\\Middleware\\TransformsRequest->handle(Object(Illuminate\\Http\\Request), Object(Closure))
#45 E:\\Productivity\\wamp64\\www\\laravel\\originality\\vendor\\laravel\\framework\\src\\Illuminate\\Pipeline\\Pipeline.php(219): Illuminate\\Foundation\\Http\\Middleware\\TrimStrings->handle(Object(Illuminate\\Http\\Request), Object(Closure))
#46 E:\\Productivity\\wamp64\\www\\laravel\\originality\\vendor\\laravel\\framework\\src\\Illuminate\\Http\\Middleware\\ValidatePostSize.php(27): Illuminate\\Pipeline\\Pipeline->Illuminate\\Pipeline\\{closure}(Object(Illuminate\\Http\\Request))
#47 E:\\Productivity\\wamp64\\www\\laravel\\originality\\vendor\\laravel\\framework\\src\\Illuminate\\Pipeline\\Pipeline.php(219): Illuminate\\Http\\Middleware\\ValidatePostSize->handle(Object(Illuminate\\Http\\Request), Object(Closure))
#48 E:\\Productivity\\wamp64\\www\\laravel\\originality\\vendor\\laravel\\framework\\src\\Illuminate\\Foundation\\Http\\Middleware\\PreventRequestsDuringMaintenance.php(109): Illuminate\\Pipeline\\Pipeline->Illuminate\\Pipeline\\{closure}(Object(Illuminate\\Http\\Request))
#49 E:\\Productivity\\wamp64\\www\\laravel\\originality\\vendor\\laravel\\framework\\src\\Illuminate\\Pipeline\\Pipeline.php(219): Illuminate\\Foundation\\Http\\Middleware\\PreventRequestsDuringMaintenance->handle(Object(Illuminate\\Http\\Request), Object(Closure))
#50 E:\\Productivity\\wamp64\\www\\laravel\\originality\\vendor\\laravel\\framework\\src\\Illuminate\\Http\\Middleware\\HandleCors.php(48): Illuminate\\Pipeline\\Pipeline->Illuminate\\Pipeline\\{closure}(Object(Illuminate\\Http\\Request))
#51 E:\\Productivity\\wamp64\\www\\laravel\\originality\\vendor\\laravel\\framework\\src\\Illuminate\\Pipeline\\Pipeline.php(219): Illuminate\\Http\\Middleware\\HandleCors->handle(Object(Illuminate\\Http\\Request), Object(Closure))
#52 E:\\Productivity\\wamp64\\www\\laravel\\originality\\vendor\\laravel\\framework\\src\\Illuminate\\Http\\Middleware\\TrustProxies.php(58): Illuminate\\Pipeline\\Pipeline->Illuminate\\Pipeline\\{closure}(Object(Illuminate\\Http\\Request))
#53 E:\\Productivity\\wamp64\\www\\laravel\\originality\\vendor\\laravel\\framework\\src\\Illuminate\\Pipeline\\Pipeline.php(219): Illuminate\\Http\\Middleware\\TrustProxies->handle(Object(Illuminate\\Http\\Request), Object(Closure))
#54 E:\\Productivity\\wamp64\\www\\laravel\\originality\\vendor\\laravel\\framework\\src\\Illuminate\\Foundation\\Http\\Middleware\\InvokeDeferredCallbacks.php(22): Illuminate\\Pipeline\\Pipeline->Illuminate\\Pipeline\\{closure}(Object(Illuminate\\Http\\Request))
#55 E:\\Productivity\\wamp64\\www\\laravel\\originality\\vendor\\laravel\\framework\\src\\Illuminate\\Pipeline\\Pipeline.php(219): Illuminate\\Foundation\\Http\\Middleware\\InvokeDeferredCallbacks->handle(Object(Illuminate\\Http\\Request), Object(Closure))
#56 E:\\Productivity\\wamp64\\www\\laravel\\originality\\vendor\\laravel\\framework\\src\\Illuminate\\Http\\Middleware\\ValidatePathEncoding.php(26): Illuminate\\Pipeline\\Pipeline->Illuminate\\Pipeline\\{closure}(Object(Illuminate\\Http\\Request))
#57 E:\\Productivity\\wamp64\\www\\laravel\\originality\\vendor\\laravel\\framework\\src\\Illuminate\\Pipeline\\Pipeline.php(219): Illuminate\\Http\\Middleware\\ValidatePathEncoding->handle(Object(Illuminate\\Http\\Request), Object(Closure))
#58 E:\\Productivity\\wamp64\\www\\laravel\\originality\\vendor\\laravel\\framework\\src\\Illuminate\\Pipeline\\Pipeline.php(137): Illuminate\\Pipeline\\Pipeline->Illuminate\\Pipeline\\{closure}(Object(Illuminate\\Http\\Request))
#59 E:\\Productivity\\wamp64\\www\\laravel\\originality\\vendor\\laravel\\framework\\src\\Illuminate\\Foundation\\Http\\Kernel.php(175): Illuminate\\Pipeline\\Pipeline->then(Object(Closure))
#60 E:\\Productivity\\wamp64\\www\\laravel\\originality\\vendor\\laravel\\framework\\src\\Illuminate\\Foundation\\Http\\Kernel.php(144): Illuminate\\Foundation\\Http\\Kernel->sendRequestThroughRouter(Object(Illuminate\\Http\\Request))
#61 E:\\Productivity\\wamp64\\www\\laravel\\originality\\vendor\\laravel\\framework\\src\\Illuminate\\Foundation\\Application.php(1220): Illuminate\\Foundation\\Http\\Kernel->handle(Object(Illuminate\\Http\\Request))
#62 E:\\Productivity\\wamp64\\www\\laravel\\originality\\public\\index.php(20): Illuminate\\Foundation\\Application->handleRequest(Object(Illuminate\\Http\\Request))
#63 E:\\Productivity\\wamp64\\www\\laravel\\originality\\vendor\\laravel\\framework\\src\\Illuminate\\Foundation\\resources\\server.php(23): require_once('E:\\\\Productivity...')
#64 {main}

[previous exception] [object] (Error(code: 0): Call to a member function user() on array at E:\\Productivity\\wamp64\\www\\laravel\\originality\\storage\\framework\\views\\aed61cfb8535a70ab04e8d748cddabd3.php:3)
[stacktrace]
#0 E:\\Productivity\\wamp64\\www\\laravel\\originality\\vendor\\laravel\\framework\\src\\Illuminate\\Filesystem\\Filesystem.php(123): require()
#1 E:\\Productivity\\wamp64\\www\\laravel\\originality\\vendor\\laravel\\framework\\src\\Illuminate\\Filesystem\\Filesystem.php(124): Illuminate\\Filesystem\\Filesystem::Illuminate\\Filesystem\\{closure}()
#2 E:\\Productivity\\wamp64\\www\\laravel\\originality\\vendor\\laravel\\framework\\src\\Illuminate\\View\\Engines\\PhpEngine.php(57): Illuminate\\Filesystem\\Filesystem->getRequire('E:\\\\Productivity...', Array)
#3 E:\\Productivity\\wamp64\\www\\laravel\\originality\\vendor\\livewire\\livewire\\src\\Mechanisms\\ExtendBlade\\ExtendedCompilerEngine.php(22): Illuminate\\View\\Engines\\PhpEngine->evaluatePath('E:\\\\Productivity...', Array)
#4 E:\\Productivity\\wamp64\\www\\laravel\\originality\\vendor\\laravel\\framework\\src\\Illuminate\\View\\Engines\\CompilerEngine.php(76): Livewire\\Mechanisms\\ExtendBlade\\ExtendedCompilerEngine->evaluatePath('E:\\\\Productivity...', Array)
#5 E:\\Productivity\\wamp64\\www\\laravel\\originality\\vendor\\livewire\\livewire\\src\\Mechanisms\\ExtendBlade\\ExtendedCompilerEngine.php(10): Illuminate\\View\\Engines\\CompilerEngine->get('E:\\\\Productivity...', Array)
#6 E:\\Productivity\\wamp64\\www\\laravel\\originality\\vendor\\laravel\\framework\\src\\Illuminate\\View\\View.php(208): Livewire\\Mechanisms\\ExtendBlade\\ExtendedCompilerEngine->get('E:\\\\Productivity...', Array)
#7 E:\\Productivity\\wamp64\\www\\laravel\\originality\\vendor\\laravel\\framework\\src\\Illuminate\\View\\View.php(191): Illuminate\\View\\View->getContents()
#8 E:\\Productivity\\wamp64\\www\\laravel\\originality\\vendor\\laravel\\framework\\src\\Illuminate\\View\\View.php(160): Illuminate\\View\\View->renderContents()
#9 E:\\Productivity\\wamp64\\www\\laravel\\originality\\vendor\\laravel\\framework\\src\\Illuminate\\Http\\Response.php(78): Illuminate\\View\\View->render()
#10 E:\\Productivity\\wamp64\\www\\laravel\\originality\\vendor\\laravel\\framework\\src\\Illuminate\\Http\\Response.php(34): Illuminate\\Http\\Response->setContent(Object(Illuminate\\View\\View))
#11 E:\\Productivity\\wamp64\\www\\laravel\\originality\\vendor\\laravel\\framework\\src\\Illuminate\\Routing\\Router.php(939): Illuminate\\Http\\Response->__construct(Object(Illuminate\\View\\View), 200, Array)
#12 E:\\Productivity\\wamp64\\www\\laravel\\originality\\vendor\\laravel\\framework\\src\\Illuminate\\Routing\\Router.php(906): Illuminate\\Routing\\Router::toResponse(Object(Illuminate\\Http\\Request), Object(Illuminate\\View\\View))
#13 E:\\Productivity\\wamp64\\www\\laravel\\originality\\vendor\\laravel\\framework\\src\\Illuminate\\Routing\\Router.php(821): Illuminate\\Routing\\Router->prepareResponse(Object(Illuminate\\Http\\Request), Object(Illuminate\\View\\View))
#14 E:\\Productivity\\wamp64\\www\\laravel\\originality\\vendor\\laravel\\framework\\src\\Illuminate\\Pipeline\\Pipeline.php(180): Illuminate\\Routing\\Router->Illuminate\\Routing\\{closure}(Object(Illuminate\\Http\\Request))
#15 E:\\Productivity\\wamp64\\www\\laravel\\originality\\app\\Http\\Middleware\\CheckPermission.php(20): Illuminate\\Pipeline\\Pipeline->Illuminate\\Pipeline\\{closure}(Object(Illuminate\\Http\\Request))
#16 E:\\Productivity\\wamp64\\www\\laravel\\originality\\vendor\\laravel\\framework\\src\\Illuminate\\Pipeline\\Pipeline.php(219): App\\Http\\Middleware\\CheckPermission->handle(Object(Illuminate\\Http\\Request), Object(Closure), 'dashboard-list')
#17 E:\\Productivity\\wamp64\\www\\laravel\\originality\\app\\Http\\Middleware\\AuthApi.php(19): Illuminate\\Pipeline\\Pipeline->Illuminate\\Pipeline\\{closure}(Object(Illuminate\\Http\\Request))
#18 E:\\Productivity\\wamp64\\www\\laravel\\originality\\vendor\\laravel\\framework\\src\\Illuminate\\Pipeline\\Pipeline.php(219): App\\Http\\Middleware\\AuthApi->handle(Object(Illuminate\\Http\\Request), Object(Closure))
#19 E:\\Productivity\\wamp64\\www\\laravel\\originality\\vendor\\laravel\\framework\\src\\Illuminate\\Routing\\Middleware\\SubstituteBindings.php(50): Illuminate\\Pipeline\\Pipeline->Illuminate\\Pipeline\\{closure}(Object(Illuminate\\Http\\Request))
#20 E:\\Productivity\\wamp64\\www\\laravel\\originality\\vendor\\laravel\\framework\\src\\Illuminate\\Pipeline\\Pipeline.php(219): Illuminate\\Routing\\Middleware\\SubstituteBindings->handle(Object(Illuminate\\Http\\Request), Object(Closure))
#21 E:\\Productivity\\wamp64\\www\\laravel\\originality\\vendor\\laravel\\framework\\src\\Illuminate\\Foundation\\Http\\Middleware\\VerifyCsrfToken.php(87): Illuminate\\Pipeline\\Pipeline->Illuminate\\Pipeline\\{closure}(Object(Illuminate\\Http\\Request))
#22 E:\\Productivity\\wamp64\\www\\laravel\\originality\\vendor\\laravel\\framework\\src\\Illuminate\\Pipeline\\Pipeline.php(219): Illuminate\\Foundation\\Http\\Middleware\\VerifyCsrfToken->handle(Object(Illuminate\\Http\\Request), Object(Closure))
#23 E:\\Productivity\\wamp64\\www\\laravel\\originality\\vendor\\laravel\\framework\\src\\Illuminate\\View\\Middleware\\ShareErrorsFromSession.php(48): Illuminate\\Pipeline\\Pipeline->Illuminate\\Pipeline\\{closure}(Object(Illuminate\\Http\\Request))
#24 E:\\Productivity\\wamp64\\www\\laravel\\originality\\vendor\\laravel\\framework\\src\\Illuminate\\Pipeline\\Pipeline.php(219): Illuminate\\View\\Middleware\\ShareErrorsFromSession->handle(Object(Illuminate\\Http\\Request), Object(Closure))
#25 E:\\Productivity\\wamp64\\www\\laravel\\originality\\vendor\\laravel\\framework\\src\\Illuminate\\Session\\Middleware\\StartSession.php(120): Illuminate\\Pipeline\\Pipeline->Illuminate\\Pipeline\\{closure}(Object(Illuminate\\Http\\Request))
#26 E:\\Productivity\\wamp64\\www\\laravel\\originality\\vendor\\laravel\\framework\\src\\Illuminate\\Session\\Middleware\\StartSession.php(63): Illuminate\\Session\\Middleware\\StartSession->handleStatefulRequest(Object(Illuminate\\Http\\Request), Object(Illuminate\\Session\\Store), Object(Closure))
#27 E:\\Productivity\\wamp64\\www\\laravel\\originality\\vendor\\laravel\\framework\\src\\Illuminate\\Pipeline\\Pipeline.php(219): Illuminate\\Session\\Middleware\\StartSession->handle(Object(Illuminate\\Http\\Request), Object(Closure))
#28 E:\\Productivity\\wamp64\\www\\laravel\\originality\\vendor\\laravel\\framework\\src\\Illuminate\\Cookie\\Middleware\\AddQueuedCookiesToResponse.php(36): Illuminate\\Pipeline\\Pipeline->Illuminate\\Pipeline\\{closure}(Object(Illuminate\\Http\\Request))
#29 E:\\Productivity\\wamp64\\www\\laravel\\originality\\vendor\\laravel\\framework\\src\\Illuminate\\Pipeline\\Pipeline.php(219): Illuminate\\Cookie\\Middleware\\AddQueuedCookiesToResponse->handle(Object(Illuminate\\Http\\Request), Object(Closure))
#30 E:\\Productivity\\wamp64\\www\\laravel\\originality\\vendor\\laravel\\framework\\src\\Illuminate\\Cookie\\Middleware\\EncryptCookies.php(74): Illuminate\\Pipeline\\Pipeline->Illuminate\\Pipeline\\{closure}(Object(Illuminate\\Http\\Request))
#31 E:\\Productivity\\wamp64\\www\\laravel\\originality\\vendor\\laravel\\framework\\src\\Illuminate\\Pipeline\\Pipeline.php(219): Illuminate\\Cookie\\Middleware\\EncryptCookies->handle(Object(Illuminate\\Http\\Request), Object(Closure))
#32 E:\\Productivity\\wamp64\\www\\laravel\\originality\\vendor\\laravel\\framework\\src\\Illuminate\\Pipeline\\Pipeline.php(137): Illuminate\\Pipeline\\Pipeline->Illuminate\\Pipeline\\{closure}(Object(Illuminate\\Http\\Request))
#33 E:\\Productivity\\wamp64\\www\\laravel\\originality\\vendor\\laravel\\framework\\src\\Illuminate\\Routing\\Router.php(821): Illuminate\\Pipeline\\Pipeline->then(Object(Closure))
#34 E:\\Productivity\\wamp64\\www\\laravel\\originality\\vendor\\laravel\\framework\\src\\Illuminate\\Routing\\Router.php(800): Illuminate\\Routing\\Router->runRouteWithinStack(Object(Illuminate\\Routing\\Route), Object(Illuminate\\Http\\Request))
#35 E:\\Productivity\\wamp64\\www\\laravel\\originality\\vendor\\laravel\\framework\\src\\Illuminate\\Routing\\Router.php(764): Illuminate\\Routing\\Router->runRoute(Object(Illuminate\\Http\\Request), Object(Illuminate\\Routing\\Route))
#36 E:\\Productivity\\wamp64\\www\\laravel\\originality\\vendor\\laravel\\framework\\src\\Illuminate\\Routing\\Router.php(753): Illuminate\\Routing\\Router->dispatchToRoute(Object(Illuminate\\Http\\Request))
#37 E:\\Productivity\\wamp64\\www\\laravel\\originality\\vendor\\laravel\\framework\\src\\Illuminate\\Foundation\\Http\\Kernel.php(200): Illuminate\\Routing\\Router->dispatch(Object(Illuminate\\Http\\Request))
#38 E:\\Productivity\\wamp64\\www\\laravel\\originality\\vendor\\laravel\\framework\\src\\Illuminate\\Pipeline\\Pipeline.php(180): Illuminate\\Foundation\\Http\\Kernel->Illuminate\\Foundation\\Http\\{closure}(Object(Illuminate\\Http\\Request))
#39 E:\\Productivity\\wamp64\\www\\laravel\\originality\\vendor\\livewire\\livewire\\src\\Features\\SupportDisablingBackButtonCache\\DisableBackButtonCacheMiddleware.php(19): Illuminate\\Pipeline\\Pipeline->Illuminate\\Pipeline\\{closure}(Object(Illuminate\\Http\\Request))
#40 E:\\Productivity\\wamp64\\www\\laravel\\originality\\vendor\\laravel\\framework\\src\\Illuminate\\Pipeline\\Pipeline.php(219): Livewire\\Features\\SupportDisablingBackButtonCache\\DisableBackButtonCacheMiddleware->handle(Object(Illuminate\\Http\\Request), Object(Closure))
#41 E:\\Productivity\\wamp64\\www\\laravel\\originality\\vendor\\laravel\\framework\\src\\Illuminate\\Foundation\\Http\\Middleware\\TransformsRequest.php(21): Illuminate\\Pipeline\\Pipeline->Illuminate\\Pipeline\\{closure}(Object(Illuminate\\Http\\Request))
#42 E:\\Productivity\\wamp64\\www\\laravel\\originality\\vendor\\laravel\\framework\\src\\Illuminate\\Foundation\\Http\\Middleware\\ConvertEmptyStringsToNull.php(31): Illuminate\\Foundation\\Http\\Middleware\\TransformsRequest->handle(Object(Illuminate\\Http\\Request), Object(Closure))
#43 E:\\Productivity\\wamp64\\www\\laravel\\originality\\vendor\\laravel\\framework\\src\\Illuminate\\Pipeline\\Pipeline.php(219): Illuminate\\Foundation\\Http\\Middleware\\ConvertEmptyStringsToNull->handle(Object(Illuminate\\Http\\Request), Object(Closure))
#44 E:\\Productivity\\wamp64\\www\\laravel\\originality\\vendor\\laravel\\framework\\src\\Illuminate\\Foundation\\Http\\Middleware\\TransformsRequest.php(21): Illuminate\\Pipeline\\Pipeline->Illuminate\\Pipeline\\{closure}(Object(Illuminate\\Http\\Request))
#45 E:\\Productivity\\wamp64\\www\\laravel\\originality\\vendor\\laravel\\framework\\src\\Illuminate\\Foundation\\Http\\Middleware\\TrimStrings.php(51): Illuminate\\Foundation\\Http\\Middleware\\TransformsRequest->handle(Object(Illuminate\\Http\\Request), Object(Closure))
#46 E:\\Productivity\\wamp64\\www\\laravel\\originality\\vendor\\laravel\\framework\\src\\Illuminate\\Pipeline\\Pipeline.php(219): Illuminate\\Foundation\\Http\\Middleware\\TrimStrings->handle(Object(Illuminate\\Http\\Request), Object(Closure))
#47 E:\\Productivity\\wamp64\\www\\laravel\\originality\\vendor\\laravel\\framework\\src\\Illuminate\\Http\\Middleware\\ValidatePostSize.php(27): Illuminate\\Pipeline\\Pipeline->Illuminate\\Pipeline\\{closure}(Object(Illuminate\\Http\\Request))
#48 E:\\Productivity\\wamp64\\www\\laravel\\originality\\vendor\\laravel\\framework\\src\\Illuminate\\Pipeline\\Pipeline.php(219): Illuminate\\Http\\Middleware\\ValidatePostSize->handle(Object(Illuminate\\Http\\Request), Object(Closure))
#49 E:\\Productivity\\wamp64\\www\\laravel\\originality\\vendor\\laravel\\framework\\src\\Illuminate\\Foundation\\Http\\Middleware\\PreventRequestsDuringMaintenance.php(109): Illuminate\\Pipeline\\Pipeline->Illuminate\\Pipeline\\{closure}(Object(Illuminate\\Http\\Request))
#50 E:\\Productivity\\wamp64\\www\\laravel\\originality\\vendor\\laravel\\framework\\src\\Illuminate\\Pipeline\\Pipeline.php(219): Illuminate\\Foundation\\Http\\Middleware\\PreventRequestsDuringMaintenance->handle(Object(Illuminate\\Http\\Request), Object(Closure))
#51 E:\\Productivity\\wamp64\\www\\laravel\\originality\\vendor\\laravel\\framework\\src\\Illuminate\\Http\\Middleware\\HandleCors.php(48): Illuminate\\Pipeline\\Pipeline->Illuminate\\Pipeline\\{closure}(Object(Illuminate\\Http\\Request))
#52 E:\\Productivity\\wamp64\\www\\laravel\\originality\\vendor\\laravel\\framework\\src\\Illuminate\\Pipeline\\Pipeline.php(219): Illuminate\\Http\\Middleware\\HandleCors->handle(Object(Illuminate\\Http\\Request), Object(Closure))
#53 E:\\Productivity\\wamp64\\www\\laravel\\originality\\vendor\\laravel\\framework\\src\\Illuminate\\Http\\Middleware\\TrustProxies.php(58): Illuminate\\Pipeline\\Pipeline->Illuminate\\Pipeline\\{closure}(Object(Illuminate\\Http\\Request))
#54 E:\\Productivity\\wamp64\\www\\laravel\\originality\\vendor\\laravel\\framework\\src\\Illuminate\\Pipeline\\Pipeline.php(219): Illuminate\\Http\\Middleware\\TrustProxies->handle(Object(Illuminate\\Http\\Request), Object(Closure))
#55 E:\\Productivity\\wamp64\\www\\laravel\\originality\\vendor\\laravel\\framework\\src\\Illuminate\\Foundation\\Http\\Middleware\\InvokeDeferredCallbacks.php(22): Illuminate\\Pipeline\\Pipeline->Illuminate\\Pipeline\\{closure}(Object(Illuminate\\Http\\Request))
#56 E:\\Productivity\\wamp64\\www\\laravel\\originality\\vendor\\laravel\\framework\\src\\Illuminate\\Pipeline\\Pipeline.php(219): Illuminate\\Foundation\\Http\\Middleware\\InvokeDeferredCallbacks->handle(Object(Illuminate\\Http\\Request), Object(Closure))
#57 E:\\Productivity\\wamp64\\www\\laravel\\originality\\vendor\\laravel\\framework\\src\\Illuminate\\Http\\Middleware\\ValidatePathEncoding.php(26): Illuminate\\Pipeline\\Pipeline->Illuminate\\Pipeline\\{closure}(Object(Illuminate\\Http\\Request))
#58 E:\\Productivity\\wamp64\\www\\laravel\\originality\\vendor\\laravel\\framework\\src\\Illuminate\\Pipeline\\Pipeline.php(219): Illuminate\\Http\\Middleware\\ValidatePathEncoding->handle(Object(Illuminate\\Http\\Request), Object(Closure))
#59 E:\\Productivity\\wamp64\\www\\laravel\\originality\\vendor\\laravel\\framework\\src\\Illuminate\\Pipeline\\Pipeline.php(137): Illuminate\\Pipeline\\Pipeline->Illuminate\\Pipeline\\{closure}(Object(Illuminate\\Http\\Request))
#60 E:\\Productivity\\wamp64\\www\\laravel\\originality\\vendor\\laravel\\framework\\src\\Illuminate\\Foundation\\Http\\Kernel.php(175): Illuminate\\Pipeline\\Pipeline->then(Object(Closure))
#61 E:\\Productivity\\wamp64\\www\\laravel\\originality\\vendor\\laravel\\framework\\src\\Illuminate\\Foundation\\Http\\Kernel.php(144): Illuminate\\Foundation\\Http\\Kernel->sendRequestThroughRouter(Object(Illuminate\\Http\\Request))
#62 E:\\Productivity\\wamp64\\www\\laravel\\originality\\vendor\\laravel\\framework\\src\\Illuminate\\Foundation\\Application.php(1220): Illuminate\\Foundation\\Http\\Kernel->handle(Object(Illuminate\\Http\\Request))
#63 E:\\Productivity\\wamp64\\www\\laravel\\originality\\public\\index.php(20): Illuminate\\Foundation\\Application->handleRequest(Object(Illuminate\\Http\\Request))
#64 E:\\Productivity\\wamp64\\www\\laravel\\originality\\vendor\\laravel\\framework\\src\\Illuminate\\Foundation\\resources\\server.php(23): require_once('E:\\\\Productivity...')
#65 {main}
"} 
[2025-09-09 04:57:28] local.ERROR: Attempt to read property "name" on array (View: E:\Productivity\wamp64\www\laravel\originality\resources\views\dashboard.blade.php) {"exception":"[object] (Illuminate\\View\\ViewException(code: 0): Attempt to read property \"name\" on array (View: E:\\Productivity\\wamp64\\www\\laravel\\originality\\resources\\views\\dashboard.blade.php) at E:\\Productivity\\wamp64\\www\\laravel\\originality\\storage\\framework\\views\\aed61cfb8535a70ab04e8d748cddabd3.php:3)
[stacktrace]
#0 E:\\Productivity\\wamp64\\www\\laravel\\originality\\vendor\\livewire\\livewire\\src\\Mechanisms\\ExtendBlade\\ExtendedCompilerEngine.php(58): Illuminate\\View\\Engines\\CompilerEngine->handleViewException(Object(ErrorException), 1)
#1 E:\\Productivity\\wamp64\\www\\laravel\\originality\\vendor\\laravel\\framework\\src\\Illuminate\\View\\Engines\\PhpEngine.php(59): Livewire\\Mechanisms\\ExtendBlade\\ExtendedCompilerEngine->handleViewException(Object(ErrorException), 1)
#2 E:\\Productivity\\wamp64\\www\\laravel\\originality\\vendor\\livewire\\livewire\\src\\Mechanisms\\ExtendBlade\\ExtendedCompilerEngine.php(22): Illuminate\\View\\Engines\\PhpEngine->evaluatePath('E:\\\\Productivity...', Array)
#3 E:\\Productivity\\wamp64\\www\\laravel\\originality\\vendor\\laravel\\framework\\src\\Illuminate\\View\\Engines\\CompilerEngine.php(76): Livewire\\Mechanisms\\ExtendBlade\\ExtendedCompilerEngine->evaluatePath('E:\\\\Productivity...', Array)
#4 E:\\Productivity\\wamp64\\www\\laravel\\originality\\vendor\\livewire\\livewire\\src\\Mechanisms\\ExtendBlade\\ExtendedCompilerEngine.php(10): Illuminate\\View\\Engines\\CompilerEngine->get('E:\\\\Productivity...', Array)
#5 E:\\Productivity\\wamp64\\www\\laravel\\originality\\vendor\\laravel\\framework\\src\\Illuminate\\View\\View.php(208): Livewire\\Mechanisms\\ExtendBlade\\ExtendedCompilerEngine->get('E:\\\\Productivity...', Array)
#6 E:\\Productivity\\wamp64\\www\\laravel\\originality\\vendor\\laravel\\framework\\src\\Illuminate\\View\\View.php(191): Illuminate\\View\\View->getContents()
#7 E:\\Productivity\\wamp64\\www\\laravel\\originality\\vendor\\laravel\\framework\\src\\Illuminate\\View\\View.php(160): Illuminate\\View\\View->renderContents()
#8 E:\\Productivity\\wamp64\\www\\laravel\\originality\\vendor\\laravel\\framework\\src\\Illuminate\\Http\\Response.php(78): Illuminate\\View\\View->render()
#9 E:\\Productivity\\wamp64\\www\\laravel\\originality\\vendor\\laravel\\framework\\src\\Illuminate\\Http\\Response.php(34): Illuminate\\Http\\Response->setContent(Object(Illuminate\\View\\View))
#10 E:\\Productivity\\wamp64\\www\\laravel\\originality\\vendor\\laravel\\framework\\src\\Illuminate\\Routing\\Router.php(939): Illuminate\\Http\\Response->__construct(Object(Illuminate\\View\\View), 200, Array)
#11 E:\\Productivity\\wamp64\\www\\laravel\\originality\\vendor\\laravel\\framework\\src\\Illuminate\\Routing\\Router.php(906): Illuminate\\Routing\\Router::toResponse(Object(Illuminate\\Http\\Request), Object(Illuminate\\View\\View))
#12 E:\\Productivity\\wamp64\\www\\laravel\\originality\\vendor\\laravel\\framework\\src\\Illuminate\\Routing\\Router.php(821): Illuminate\\Routing\\Router->prepareResponse(Object(Illuminate\\Http\\Request), Object(Illuminate\\View\\View))
#13 E:\\Productivity\\wamp64\\www\\laravel\\originality\\vendor\\laravel\\framework\\src\\Illuminate\\Pipeline\\Pipeline.php(180): Illuminate\\Routing\\Router->Illuminate\\Routing\\{closure}(Object(Illuminate\\Http\\Request))
#14 E:\\Productivity\\wamp64\\www\\laravel\\originality\\app\\Http\\Middleware\\CheckPermission.php(20): Illuminate\\Pipeline\\Pipeline->Illuminate\\Pipeline\\{closure}(Object(Illuminate\\Http\\Request))
#15 E:\\Productivity\\wamp64\\www\\laravel\\originality\\vendor\\laravel\\framework\\src\\Illuminate\\Pipeline\\Pipeline.php(219): App\\Http\\Middleware\\CheckPermission->handle(Object(Illuminate\\Http\\Request), Object(Closure), 'dashboard-list')
#16 E:\\Productivity\\wamp64\\www\\laravel\\originality\\app\\Http\\Middleware\\AuthApi.php(19): Illuminate\\Pipeline\\Pipeline->Illuminate\\Pipeline\\{closure}(Object(Illuminate\\Http\\Request))
#17 E:\\Productivity\\wamp64\\www\\laravel\\originality\\vendor\\laravel\\framework\\src\\Illuminate\\Pipeline\\Pipeline.php(219): App\\Http\\Middleware\\AuthApi->handle(Object(Illuminate\\Http\\Request), Object(Closure))
#18 E:\\Productivity\\wamp64\\www\\laravel\\originality\\vendor\\laravel\\framework\\src\\Illuminate\\Routing\\Middleware\\SubstituteBindings.php(50): Illuminate\\Pipeline\\Pipeline->Illuminate\\Pipeline\\{closure}(Object(Illuminate\\Http\\Request))
#19 E:\\Productivity\\wamp64\\www\\laravel\\originality\\vendor\\laravel\\framework\\src\\Illuminate\\Pipeline\\Pipeline.php(219): Illuminate\\Routing\\Middleware\\SubstituteBindings->handle(Object(Illuminate\\Http\\Request), Object(Closure))
#20 E:\\Productivity\\wamp64\\www\\laravel\\originality\\vendor\\laravel\\framework\\src\\Illuminate\\Foundation\\Http\\Middleware\\VerifyCsrfToken.php(87): Illuminate\\Pipeline\\Pipeline->Illuminate\\Pipeline\\{closure}(Object(Illuminate\\Http\\Request))
#21 E:\\Productivity\\wamp64\\www\\laravel\\originality\\vendor\\laravel\\framework\\src\\Illuminate\\Pipeline\\Pipeline.php(219): Illuminate\\Foundation\\Http\\Middleware\\VerifyCsrfToken->handle(Object(Illuminate\\Http\\Request), Object(Closure))
#22 E:\\Productivity\\wamp64\\www\\laravel\\originality\\vendor\\laravel\\framework\\src\\Illuminate\\View\\Middleware\\ShareErrorsFromSession.php(48): Illuminate\\Pipeline\\Pipeline->Illuminate\\Pipeline\\{closure}(Object(Illuminate\\Http\\Request))
#23 E:\\Productivity\\wamp64\\www\\laravel\\originality\\vendor\\laravel\\framework\\src\\Illuminate\\Pipeline\\Pipeline.php(219): Illuminate\\View\\Middleware\\ShareErrorsFromSession->handle(Object(Illuminate\\Http\\Request), Object(Closure))
#24 E:\\Productivity\\wamp64\\www\\laravel\\originality\\vendor\\laravel\\framework\\src\\Illuminate\\Session\\Middleware\\StartSession.php(120): Illuminate\\Pipeline\\Pipeline->Illuminate\\Pipeline\\{closure}(Object(Illuminate\\Http\\Request))
#25 E:\\Productivity\\wamp64\\www\\laravel\\originality\\vendor\\laravel\\framework\\src\\Illuminate\\Session\\Middleware\\StartSession.php(63): Illuminate\\Session\\Middleware\\StartSession->handleStatefulRequest(Object(Illuminate\\Http\\Request), Object(Illuminate\\Session\\Store), Object(Closure))
#26 E:\\Productivity\\wamp64\\www\\laravel\\originality\\vendor\\laravel\\framework\\src\\Illuminate\\Pipeline\\Pipeline.php(219): Illuminate\\Session\\Middleware\\StartSession->handle(Object(Illuminate\\Http\\Request), Object(Closure))
#27 E:\\Productivity\\wamp64\\www\\laravel\\originality\\vendor\\laravel\\framework\\src\\Illuminate\\Cookie\\Middleware\\AddQueuedCookiesToResponse.php(36): Illuminate\\Pipeline\\Pipeline->Illuminate\\Pipeline\\{closure}(Object(Illuminate\\Http\\Request))
#28 E:\\Productivity\\wamp64\\www\\laravel\\originality\\vendor\\laravel\\framework\\src\\Illuminate\\Pipeline\\Pipeline.php(219): Illuminate\\Cookie\\Middleware\\AddQueuedCookiesToResponse->handle(Object(Illuminate\\Http\\Request), Object(Closure))
#29 E:\\Productivity\\wamp64\\www\\laravel\\originality\\vendor\\laravel\\framework\\src\\Illuminate\\Cookie\\Middleware\\EncryptCookies.php(74): Illuminate\\Pipeline\\Pipeline->Illuminate\\Pipeline\\{closure}(Object(Illuminate\\Http\\Request))
#30 E:\\Productivity\\wamp64\\www\\laravel\\originality\\vendor\\laravel\\framework\\src\\Illuminate\\Pipeline\\Pipeline.php(219): Illuminate\\Cookie\\Middleware\\EncryptCookies->handle(Object(Illuminate\\Http\\Request), Object(Closure))
#31 E:\\Productivity\\wamp64\\www\\laravel\\originality\\vendor\\laravel\\framework\\src\\Illuminate\\Pipeline\\Pipeline.php(137): Illuminate\\Pipeline\\Pipeline->Illuminate\\Pipeline\\{closure}(Object(Illuminate\\Http\\Request))
#32 E:\\Productivity\\wamp64\\www\\laravel\\originality\\vendor\\laravel\\framework\\src\\Illuminate\\Routing\\Router.php(821): Illuminate\\Pipeline\\Pipeline->then(Object(Closure))
#33 E:\\Productivity\\wamp64\\www\\laravel\\originality\\vendor\\laravel\\framework\\src\\Illuminate\\Routing\\Router.php(800): Illuminate\\Routing\\Router->runRouteWithinStack(Object(Illuminate\\Routing\\Route), Object(Illuminate\\Http\\Request))
#34 E:\\Productivity\\wamp64\\www\\laravel\\originality\\vendor\\laravel\\framework\\src\\Illuminate\\Routing\\Router.php(764): Illuminate\\Routing\\Router->runRoute(Object(Illuminate\\Http\\Request), Object(Illuminate\\Routing\\Route))
#35 E:\\Productivity\\wamp64\\www\\laravel\\originality\\vendor\\laravel\\framework\\src\\Illuminate\\Routing\\Router.php(753): Illuminate\\Routing\\Router->dispatchToRoute(Object(Illuminate\\Http\\Request))
#36 E:\\Productivity\\wamp64\\www\\laravel\\originality\\vendor\\laravel\\framework\\src\\Illuminate\\Foundation\\Http\\Kernel.php(200): Illuminate\\Routing\\Router->dispatch(Object(Illuminate\\Http\\Request))
#37 E:\\Productivity\\wamp64\\www\\laravel\\originality\\vendor\\laravel\\framework\\src\\Illuminate\\Pipeline\\Pipeline.php(180): Illuminate\\Foundation\\Http\\Kernel->Illuminate\\Foundation\\Http\\{closure}(Object(Illuminate\\Http\\Request))
#38 E:\\Productivity\\wamp64\\www\\laravel\\originality\\vendor\\livewire\\livewire\\src\\Features\\SupportDisablingBackButtonCache\\DisableBackButtonCacheMiddleware.php(19): Illuminate\\Pipeline\\Pipeline->Illuminate\\Pipeline\\{closure}(Object(Illuminate\\Http\\Request))
#39 E:\\Productivity\\wamp64\\www\\laravel\\originality\\vendor\\laravel\\framework\\src\\Illuminate\\Pipeline\\Pipeline.php(219): Livewire\\Features\\SupportDisablingBackButtonCache\\DisableBackButtonCacheMiddleware->handle(Object(Illuminate\\Http\\Request), Object(Closure))
#40 E:\\Productivity\\wamp64\\www\\laravel\\originality\\vendor\\laravel\\framework\\src\\Illuminate\\Foundation\\Http\\Middleware\\TransformsRequest.php(21): Illuminate\\Pipeline\\Pipeline->Illuminate\\Pipeline\\{closure}(Object(Illuminate\\Http\\Request))
#41 E:\\Productivity\\wamp64\\www\\laravel\\originality\\vendor\\laravel\\framework\\src\\Illuminate\\Foundation\\Http\\Middleware\\ConvertEmptyStringsToNull.php(31): Illuminate\\Foundation\\Http\\Middleware\\TransformsRequest->handle(Object(Illuminate\\Http\\Request), Object(Closure))
#42 E:\\Productivity\\wamp64\\www\\laravel\\originality\\vendor\\laravel\\framework\\src\\Illuminate\\Pipeline\\Pipeline.php(219): Illuminate\\Foundation\\Http\\Middleware\\ConvertEmptyStringsToNull->handle(Object(Illuminate\\Http\\Request), Object(Closure))
#43 E:\\Productivity\\wamp64\\www\\laravel\\originality\\vendor\\laravel\\framework\\src\\Illuminate\\Foundation\\Http\\Middleware\\TransformsRequest.php(21): Illuminate\\Pipeline\\Pipeline->Illuminate\\Pipeline\\{closure}(Object(Illuminate\\Http\\Request))
#44 E:\\Productivity\\wamp64\\www\\laravel\\originality\\vendor\\laravel\\framework\\src\\Illuminate\\Foundation\\Http\\Middleware\\TrimStrings.php(51): Illuminate\\Foundation\\Http\\Middleware\\TransformsRequest->handle(Object(Illuminate\\Http\\Request), Object(Closure))
#45 E:\\Productivity\\wamp64\\www\\laravel\\originality\\vendor\\laravel\\framework\\src\\Illuminate\\Pipeline\\Pipeline.php(219): Illuminate\\Foundation\\Http\\Middleware\\TrimStrings->handle(Object(Illuminate\\Http\\Request), Object(Closure))
#46 E:\\Productivity\\wamp64\\www\\laravel\\originality\\vendor\\laravel\\framework\\src\\Illuminate\\Http\\Middleware\\ValidatePostSize.php(27): Illuminate\\Pipeline\\Pipeline->Illuminate\\Pipeline\\{closure}(Object(Illuminate\\Http\\Request))
#47 E:\\Productivity\\wamp64\\www\\laravel\\originality\\vendor\\laravel\\framework\\src\\Illuminate\\Pipeline\\Pipeline.php(219): Illuminate\\Http\\Middleware\\ValidatePostSize->handle(Object(Illuminate\\Http\\Request), Object(Closure))
#48 E:\\Productivity\\wamp64\\www\\laravel\\originality\\vendor\\laravel\\framework\\src\\Illuminate\\Foundation\\Http\\Middleware\\PreventRequestsDuringMaintenance.php(109): Illuminate\\Pipeline\\Pipeline->Illuminate\\Pipeline\\{closure}(Object(Illuminate\\Http\\Request))
#49 E:\\Productivity\\wamp64\\www\\laravel\\originality\\vendor\\laravel\\framework\\src\\Illuminate\\Pipeline\\Pipeline.php(219): Illuminate\\Foundation\\Http\\Middleware\\PreventRequestsDuringMaintenance->handle(Object(Illuminate\\Http\\Request), Object(Closure))
#50 E:\\Productivity\\wamp64\\www\\laravel\\originality\\vendor\\laravel\\framework\\src\\Illuminate\\Http\\Middleware\\HandleCors.php(48): Illuminate\\Pipeline\\Pipeline->Illuminate\\Pipeline\\{closure}(Object(Illuminate\\Http\\Request))
#51 E:\\Productivity\\wamp64\\www\\laravel\\originality\\vendor\\laravel\\framework\\src\\Illuminate\\Pipeline\\Pipeline.php(219): Illuminate\\Http\\Middleware\\HandleCors->handle(Object(Illuminate\\Http\\Request), Object(Closure))
#52 E:\\Productivity\\wamp64\\www\\laravel\\originality\\vendor\\laravel\\framework\\src\\Illuminate\\Http\\Middleware\\TrustProxies.php(58): Illuminate\\Pipeline\\Pipeline->Illuminate\\Pipeline\\{closure}(Object(Illuminate\\Http\\Request))
#53 E:\\Productivity\\wamp64\\www\\laravel\\originality\\vendor\\laravel\\framework\\src\\Illuminate\\Pipeline\\Pipeline.php(219): Illuminate\\Http\\Middleware\\TrustProxies->handle(Object(Illuminate\\Http\\Request), Object(Closure))
#54 E:\\Productivity\\wamp64\\www\\laravel\\originality\\vendor\\laravel\\framework\\src\\Illuminate\\Foundation\\Http\\Middleware\\InvokeDeferredCallbacks.php(22): Illuminate\\Pipeline\\Pipeline->Illuminate\\Pipeline\\{closure}(Object(Illuminate\\Http\\Request))
#55 E:\\Productivity\\wamp64\\www\\laravel\\originality\\vendor\\laravel\\framework\\src\\Illuminate\\Pipeline\\Pipeline.php(219): Illuminate\\Foundation\\Http\\Middleware\\InvokeDeferredCallbacks->handle(Object(Illuminate\\Http\\Request), Object(Closure))
#56 E:\\Productivity\\wamp64\\www\\laravel\\originality\\vendor\\laravel\\framework\\src\\Illuminate\\Http\\Middleware\\ValidatePathEncoding.php(26): Illuminate\\Pipeline\\Pipeline->Illuminate\\Pipeline\\{closure}(Object(Illuminate\\Http\\Request))
#57 E:\\Productivity\\wamp64\\www\\laravel\\originality\\vendor\\laravel\\framework\\src\\Illuminate\\Pipeline\\Pipeline.php(219): Illuminate\\Http\\Middleware\\ValidatePathEncoding->handle(Object(Illuminate\\Http\\Request), Object(Closure))
#58 E:\\Productivity\\wamp64\\www\\laravel\\originality\\vendor\\laravel\\framework\\src\\Illuminate\\Pipeline\\Pipeline.php(137): Illuminate\\Pipeline\\Pipeline->Illuminate\\Pipeline\\{closure}(Object(Illuminate\\Http\\Request))
#59 E:\\Productivity\\wamp64\\www\\laravel\\originality\\vendor\\laravel\\framework\\src\\Illuminate\\Foundation\\Http\\Kernel.php(175): Illuminate\\Pipeline\\Pipeline->then(Object(Closure))
#60 E:\\Productivity\\wamp64\\www\\laravel\\originality\\vendor\\laravel\\framework\\src\\Illuminate\\Foundation\\Http\\Kernel.php(144): Illuminate\\Foundation\\Http\\Kernel->sendRequestThroughRouter(Object(Illuminate\\Http\\Request))
#61 E:\\Productivity\\wamp64\\www\\laravel\\originality\\vendor\\laravel\\framework\\src\\Illuminate\\Foundation\\Application.php(1220): Illuminate\\Foundation\\Http\\Kernel->handle(Object(Illuminate\\Http\\Request))
#62 E:\\Productivity\\wamp64\\www\\laravel\\originality\\public\\index.php(20): Illuminate\\Foundation\\Application->handleRequest(Object(Illuminate\\Http\\Request))
#63 E:\\Productivity\\wamp64\\www\\laravel\\originality\\vendor\\laravel\\framework\\src\\Illuminate\\Foundation\\resources\\server.php(23): require_once('E:\\\\Productivity...')
#64 {main}

[previous exception] [object] (ErrorException(code: 0): Attempt to read property \"name\" on array at E:\\Productivity\\wamp64\\www\\laravel\\originality\\storage\\framework\\views\\aed61cfb8535a70ab04e8d748cddabd3.php:3)
[stacktrace]
#0 E:\\Productivity\\wamp64\\www\\laravel\\originality\\vendor\\laravel\\framework\\src\\Illuminate\\Foundation\\Bootstrap\\HandleExceptions.php(258): Illuminate\\Foundation\\Bootstrap\\HandleExceptions->handleError(2, 'Attempt to read...', 'E:\\\\Productivity...', 3)
#1 E:\\Productivity\\wamp64\\www\\laravel\\originality\\storage\\framework\\views\\aed61cfb8535a70ab04e8d748cddabd3.php(3): Illuminate\\Foundation\\Bootstrap\\HandleExceptions->Illuminate\\Foundation\\Bootstrap\\{closure}(2, 'Attempt to read...', 'E:\\\\Productivity...', 3)
#2 E:\\Productivity\\wamp64\\www\\laravel\\originality\\vendor\\laravel\\framework\\src\\Illuminate\\Filesystem\\Filesystem.php(123): require('E:\\\\Productivity...')
#3 E:\\Productivity\\wamp64\\www\\laravel\\originality\\vendor\\laravel\\framework\\src\\Illuminate\\Filesystem\\Filesystem.php(124): Illuminate\\Filesystem\\Filesystem::Illuminate\\Filesystem\\{closure}()
#4 E:\\Productivity\\wamp64\\www\\laravel\\originality\\vendor\\laravel\\framework\\src\\Illuminate\\View\\Engines\\PhpEngine.php(57): Illuminate\\Filesystem\\Filesystem->getRequire('E:\\\\Productivity...', Array)
#5 E:\\Productivity\\wamp64\\www\\laravel\\originality\\vendor\\livewire\\livewire\\src\\Mechanisms\\ExtendBlade\\ExtendedCompilerEngine.php(22): Illuminate\\View\\Engines\\PhpEngine->evaluatePath('E:\\\\Productivity...', Array)
#6 E:\\Productivity\\wamp64\\www\\laravel\\originality\\vendor\\laravel\\framework\\src\\Illuminate\\View\\Engines\\CompilerEngine.php(76): Livewire\\Mechanisms\\ExtendBlade\\ExtendedCompilerEngine->evaluatePath('E:\\\\Productivity...', Array)
#7 E:\\Productivity\\wamp64\\www\\laravel\\originality\\vendor\\livewire\\livewire\\src\\Mechanisms\\ExtendBlade\\ExtendedCompilerEngine.php(10): Illuminate\\View\\Engines\\CompilerEngine->get('E:\\\\Productivity...', Array)
#8 E:\\Productivity\\wamp64\\www\\laravel\\originality\\vendor\\laravel\\framework\\src\\Illuminate\\View\\View.php(208): Livewire\\Mechanisms\\ExtendBlade\\ExtendedCompilerEngine->get('E:\\\\Productivity...', Array)
#9 E:\\Productivity\\wamp64\\www\\laravel\\originality\\vendor\\laravel\\framework\\src\\Illuminate\\View\\View.php(191): Illuminate\\View\\View->getContents()
#10 E:\\Productivity\\wamp64\\www\\laravel\\originality\\vendor\\laravel\\framework\\src\\Illuminate\\View\\View.php(160): Illuminate\\View\\View->renderContents()
#11 E:\\Productivity\\wamp64\\www\\laravel\\originality\\vendor\\laravel\\framework\\src\\Illuminate\\Http\\Response.php(78): Illuminate\\View\\View->render()
#12 E:\\Productivity\\wamp64\\www\\laravel\\originality\\vendor\\laravel\\framework\\src\\Illuminate\\Http\\Response.php(34): Illuminate\\Http\\Response->setContent(Object(Illuminate\\View\\View))
#13 E:\\Productivity\\wamp64\\www\\laravel\\originality\\vendor\\laravel\\framework\\src\\Illuminate\\Routing\\Router.php(939): Illuminate\\Http\\Response->__construct(Object(Illuminate\\View\\View), 200, Array)
#14 E:\\Productivity\\wamp64\\www\\laravel\\originality\\vendor\\laravel\\framework\\src\\Illuminate\\Routing\\Router.php(906): Illuminate\\Routing\\Router::toResponse(Object(Illuminate\\Http\\Request), Object(Illuminate\\View\\View))
#15 E:\\Productivity\\wamp64\\www\\laravel\\originality\\vendor\\laravel\\framework\\src\\Illuminate\\Routing\\Router.php(821): Illuminate\\Routing\\Router->prepareResponse(Object(Illuminate\\Http\\Request), Object(Illuminate\\View\\View))
#16 E:\\Productivity\\wamp64\\www\\laravel\\originality\\vendor\\laravel\\framework\\src\\Illuminate\\Pipeline\\Pipeline.php(180): Illuminate\\Routing\\Router->Illuminate\\Routing\\{closure}(Object(Illuminate\\Http\\Request))
#17 E:\\Productivity\\wamp64\\www\\laravel\\originality\\app\\Http\\Middleware\\CheckPermission.php(20): Illuminate\\Pipeline\\Pipeline->Illuminate\\Pipeline\\{closure}(Object(Illuminate\\Http\\Request))
#18 E:\\Productivity\\wamp64\\www\\laravel\\originality\\vendor\\laravel\\framework\\src\\Illuminate\\Pipeline\\Pipeline.php(219): App\\Http\\Middleware\\CheckPermission->handle(Object(Illuminate\\Http\\Request), Object(Closure), 'dashboard-list')
#19 E:\\Productivity\\wamp64\\www\\laravel\\originality\\app\\Http\\Middleware\\AuthApi.php(19): Illuminate\\Pipeline\\Pipeline->Illuminate\\Pipeline\\{closure}(Object(Illuminate\\Http\\Request))
#20 E:\\Productivity\\wamp64\\www\\laravel\\originality\\vendor\\laravel\\framework\\src\\Illuminate\\Pipeline\\Pipeline.php(219): App\\Http\\Middleware\\AuthApi->handle(Object(Illuminate\\Http\\Request), Object(Closure))
#21 E:\\Productivity\\wamp64\\www\\laravel\\originality\\vendor\\laravel\\framework\\src\\Illuminate\\Routing\\Middleware\\SubstituteBindings.php(50): Illuminate\\Pipeline\\Pipeline->Illuminate\\Pipeline\\{closure}(Object(Illuminate\\Http\\Request))
#22 E:\\Productivity\\wamp64\\www\\laravel\\originality\\vendor\\laravel\\framework\\src\\Illuminate\\Pipeline\\Pipeline.php(219): Illuminate\\Routing\\Middleware\\SubstituteBindings->handle(Object(Illuminate\\Http\\Request), Object(Closure))
#23 E:\\Productivity\\wamp64\\www\\laravel\\originality\\vendor\\laravel\\framework\\src\\Illuminate\\Foundation\\Http\\Middleware\\VerifyCsrfToken.php(87): Illuminate\\Pipeline\\Pipeline->Illuminate\\Pipeline\\{closure}(Object(Illuminate\\Http\\Request))
#24 E:\\Productivity\\wamp64\\www\\laravel\\originality\\vendor\\laravel\\framework\\src\\Illuminate\\Pipeline\\Pipeline.php(219): Illuminate\\Foundation\\Http\\Middleware\\VerifyCsrfToken->handle(Object(Illuminate\\Http\\Request), Object(Closure))
#25 E:\\Productivity\\wamp64\\www\\laravel\\originality\\vendor\\laravel\\framework\\src\\Illuminate\\View\\Middleware\\ShareErrorsFromSession.php(48): Illuminate\\Pipeline\\Pipeline->Illuminate\\Pipeline\\{closure}(Object(Illuminate\\Http\\Request))
#26 E:\\Productivity\\wamp64\\www\\laravel\\originality\\vendor\\laravel\\framework\\src\\Illuminate\\Pipeline\\Pipeline.php(219): Illuminate\\View\\Middleware\\ShareErrorsFromSession->handle(Object(Illuminate\\Http\\Request), Object(Closure))
#27 E:\\Productivity\\wamp64\\www\\laravel\\originality\\vendor\\laravel\\framework\\src\\Illuminate\\Session\\Middleware\\StartSession.php(120): Illuminate\\Pipeline\\Pipeline->Illuminate\\Pipeline\\{closure}(Object(Illuminate\\Http\\Request))
#28 E:\\Productivity\\wamp64\\www\\laravel\\originality\\vendor\\laravel\\framework\\src\\Illuminate\\Session\\Middleware\\StartSession.php(63): Illuminate\\Session\\Middleware\\StartSession->handleStatefulRequest(Object(Illuminate\\Http\\Request), Object(Illuminate\\Session\\Store), Object(Closure))
#29 E:\\Productivity\\wamp64\\www\\laravel\\originality\\vendor\\laravel\\framework\\src\\Illuminate\\Pipeline\\Pipeline.php(219): Illuminate\\Session\\Middleware\\StartSession->handle(Object(Illuminate\\Http\\Request), Object(Closure))
#30 E:\\Productivity\\wamp64\\www\\laravel\\originality\\vendor\\laravel\\framework\\src\\Illuminate\\Cookie\\Middleware\\AddQueuedCookiesToResponse.php(36): Illuminate\\Pipeline\\Pipeline->Illuminate\\Pipeline\\{closure}(Object(Illuminate\\Http\\Request))
#31 E:\\Productivity\\wamp64\\www\\laravel\\originality\\vendor\\laravel\\framework\\src\\Illuminate\\Pipeline\\Pipeline.php(219): Illuminate\\Cookie\\Middleware\\AddQueuedCookiesToResponse->handle(Object(Illuminate\\Http\\Request), Object(Closure))
#32 E:\\Productivity\\wamp64\\www\\laravel\\originality\\vendor\\laravel\\framework\\src\\Illuminate\\Cookie\\Middleware\\EncryptCookies.php(74): Illuminate\\Pipeline\\Pipeline->Illuminate\\Pipeline\\{closure}(Object(Illuminate\\Http\\Request))
#33 E:\\Productivity\\wamp64\\www\\laravel\\originality\\vendor\\laravel\\framework\\src\\Illuminate\\Pipeline\\Pipeline.php(219): Illuminate\\Cookie\\Middleware\\EncryptCookies->handle(Object(Illuminate\\Http\\Request), Object(Closure))
#34 E:\\Productivity\\wamp64\\www\\laravel\\originality\\vendor\\laravel\\framework\\src\\Illuminate\\Pipeline\\Pipeline.php(137): Illuminate\\Pipeline\\Pipeline->Illuminate\\Pipeline\\{closure}(Object(Illuminate\\Http\\Request))
#35 E:\\Productivity\\wamp64\\www\\laravel\\originality\\vendor\\laravel\\framework\\src\\Illuminate\\Routing\\Router.php(821): Illuminate\\Pipeline\\Pipeline->then(Object(Closure))
#36 E:\\Productivity\\wamp64\\www\\laravel\\originality\\vendor\\laravel\\framework\\src\\Illuminate\\Routing\\Router.php(800): Illuminate\\Routing\\Router->runRouteWithinStack(Object(Illuminate\\Routing\\Route), Object(Illuminate\\Http\\Request))
#37 E:\\Productivity\\wamp64\\www\\laravel\\originality\\vendor\\laravel\\framework\\src\\Illuminate\\Routing\\Router.php(764): Illuminate\\Routing\\Router->runRoute(Object(Illuminate\\Http\\Request), Object(Illuminate\\Routing\\Route))
#38 E:\\Productivity\\wamp64\\www\\laravel\\originality\\vendor\\laravel\\framework\\src\\Illuminate\\Routing\\Router.php(753): Illuminate\\Routing\\Router->dispatchToRoute(Object(Illuminate\\Http\\Request))
#39 E:\\Productivity\\wamp64\\www\\laravel\\originality\\vendor\\laravel\\framework\\src\\Illuminate\\Foundation\\Http\\Kernel.php(200): Illuminate\\Routing\\Router->dispatch(Object(Illuminate\\Http\\Request))
#40 E:\\Productivity\\wamp64\\www\\laravel\\originality\\vendor\\laravel\\framework\\src\\Illuminate\\Pipeline\\Pipeline.php(180): Illuminate\\Foundation\\Http\\Kernel->Illuminate\\Foundation\\Http\\{closure}(Object(Illuminate\\Http\\Request))
#41 E:\\Productivity\\wamp64\\www\\laravel\\originality\\vendor\\livewire\\livewire\\src\\Features\\SupportDisablingBackButtonCache\\DisableBackButtonCacheMiddleware.php(19): Illuminate\\Pipeline\\Pipeline->Illuminate\\Pipeline\\{closure}(Object(Illuminate\\Http\\Request))
#42 E:\\Productivity\\wamp64\\www\\laravel\\originality\\vendor\\laravel\\framework\\src\\Illuminate\\Pipeline\\Pipeline.php(219): Livewire\\Features\\SupportDisablingBackButtonCache\\DisableBackButtonCacheMiddleware->handle(Object(Illuminate\\Http\\Request), Object(Closure))
#43 E:\\Productivity\\wamp64\\www\\laravel\\originality\\vendor\\laravel\\framework\\src\\Illuminate\\Foundation\\Http\\Middleware\\TransformsRequest.php(21): Illuminate\\Pipeline\\Pipeline->Illuminate\\Pipeline\\{closure}(Object(Illuminate\\Http\\Request))
#44 E:\\Productivity\\wamp64\\www\\laravel\\originality\\vendor\\laravel\\framework\\src\\Illuminate\\Foundation\\Http\\Middleware\\ConvertEmptyStringsToNull.php(31): Illuminate\\Foundation\\Http\\Middleware\\TransformsRequest->handle(Object(Illuminate\\Http\\Request), Object(Closure))
#45 E:\\Productivity\\wamp64\\www\\laravel\\originality\\vendor\\laravel\\framework\\src\\Illuminate\\Pipeline\\Pipeline.php(219): Illuminate\\Foundation\\Http\\Middleware\\ConvertEmptyStringsToNull->handle(Object(Illuminate\\Http\\Request), Object(Closure))
#46 E:\\Productivity\\wamp64\\www\\laravel\\originality\\vendor\\laravel\\framework\\src\\Illuminate\\Foundation\\Http\\Middleware\\TransformsRequest.php(21): Illuminate\\Pipeline\\Pipeline->Illuminate\\Pipeline\\{closure}(Object(Illuminate\\Http\\Request))
#47 E:\\Productivity\\wamp64\\www\\laravel\\originality\\vendor\\laravel\\framework\\src\\Illuminate\\Foundation\\Http\\Middleware\\TrimStrings.php(51): Illuminate\\Foundation\\Http\\Middleware\\TransformsRequest->handle(Object(Illuminate\\Http\\Request), Object(Closure))
#48 E:\\Productivity\\wamp64\\www\\laravel\\originality\\vendor\\laravel\\framework\\src\\Illuminate\\Pipeline\\Pipeline.php(219): Illuminate\\Foundation\\Http\\Middleware\\TrimStrings->handle(Object(Illuminate\\Http\\Request), Object(Closure))
#49 E:\\Productivity\\wamp64\\www\\laravel\\originality\\vendor\\laravel\\framework\\src\\Illuminate\\Http\\Middleware\\ValidatePostSize.php(27): Illuminate\\Pipeline\\Pipeline->Illuminate\\Pipeline\\{closure}(Object(Illuminate\\Http\\Request))
#50 E:\\Productivity\\wamp64\\www\\laravel\\originality\\vendor\\laravel\\framework\\src\\Illuminate\\Pipeline\\Pipeline.php(219): Illuminate\\Http\\Middleware\\ValidatePostSize->handle(Object(Illuminate\\Http\\Request), Object(Closure))
#51 E:\\Productivity\\wamp64\\www\\laravel\\originality\\vendor\\laravel\\framework\\src\\Illuminate\\Foundation\\Http\\Middleware\\PreventRequestsDuringMaintenance.php(109): Illuminate\\Pipeline\\Pipeline->Illuminate\\Pipeline\\{closure}(Object(Illuminate\\Http\\Request))
#52 E:\\Productivity\\wamp64\\www\\laravel\\originality\\vendor\\laravel\\framework\\src\\Illuminate\\Pipeline\\Pipeline.php(219): Illuminate\\Foundation\\Http\\Middleware\\PreventRequestsDuringMaintenance->handle(Object(Illuminate\\Http\\Request), Object(Closure))
#53 E:\\Productivity\\wamp64\\www\\laravel\\originality\\vendor\\laravel\\framework\\src\\Illuminate\\Http\\Middleware\\HandleCors.php(48): Illuminate\\Pipeline\\Pipeline->Illuminate\\Pipeline\\{closure}(Object(Illuminate\\Http\\Request))
#54 E:\\Productivity\\wamp64\\www\\laravel\\originality\\vendor\\laravel\\framework\\src\\Illuminate\\Pipeline\\Pipeline.php(219): Illuminate\\Http\\Middleware\\HandleCors->handle(Object(Illuminate\\Http\\Request), Object(Closure))
#55 E:\\Productivity\\wamp64\\www\\laravel\\originality\\vendor\\laravel\\framework\\src\\Illuminate\\Http\\Middleware\\TrustProxies.php(58): Illuminate\\Pipeline\\Pipeline->Illuminate\\Pipeline\\{closure}(Object(Illuminate\\Http\\Request))
#56 E:\\Productivity\\wamp64\\www\\laravel\\originality\\vendor\\laravel\\framework\\src\\Illuminate\\Pipeline\\Pipeline.php(219): Illuminate\\Http\\Middleware\\TrustProxies->handle(Object(Illuminate\\Http\\Request), Object(Closure))
#57 E:\\Productivity\\wamp64\\www\\laravel\\originality\\vendor\\laravel\\framework\\src\\Illuminate\\Foundation\\Http\\Middleware\\InvokeDeferredCallbacks.php(22): Illuminate\\Pipeline\\Pipeline->Illuminate\\Pipeline\\{closure}(Object(Illuminate\\Http\\Request))
#58 E:\\Productivity\\wamp64\\www\\laravel\\originality\\vendor\\laravel\\framework\\src\\Illuminate\\Pipeline\\Pipeline.php(219): Illuminate\\Foundation\\Http\\Middleware\\InvokeDeferredCallbacks->handle(Object(Illuminate\\Http\\Request), Object(Closure))
#59 E:\\Productivity\\wamp64\\www\\laravel\\originality\\vendor\\laravel\\framework\\src\\Illuminate\\Http\\Middleware\\ValidatePathEncoding.php(26): Illuminate\\Pipeline\\Pipeline->Illuminate\\Pipeline\\{closure}(Object(Illuminate\\Http\\Request))
#60 E:\\Productivity\\wamp64\\www\\laravel\\originality\\vendor\\laravel\\framework\\src\\Illuminate\\Pipeline\\Pipeline.php(219): Illuminate\\Http\\Middleware\\ValidatePathEncoding->handle(Object(Illuminate\\Http\\Request), Object(Closure))
#61 E:\\Productivity\\wamp64\\www\\laravel\\originality\\vendor\\laravel\\framework\\src\\Illuminate\\Pipeline\\Pipeline.php(137): Illuminate\\Pipeline\\Pipeline->Illuminate\\Pipeline\\{closure}(Object(Illuminate\\Http\\Request))
#62 E:\\Productivity\\wamp64\\www\\laravel\\originality\\vendor\\laravel\\framework\\src\\Illuminate\\Foundation\\Http\\Kernel.php(175): Illuminate\\Pipeline\\Pipeline->then(Object(Closure))
#63 E:\\Productivity\\wamp64\\www\\laravel\\originality\\vendor\\laravel\\framework\\src\\Illuminate\\Foundation\\Http\\Kernel.php(144): Illuminate\\Foundation\\Http\\Kernel->sendRequestThroughRouter(Object(Illuminate\\Http\\Request))
#64 E:\\Productivity\\wamp64\\www\\laravel\\originality\\vendor\\laravel\\framework\\src\\Illuminate\\Foundation\\Application.php(1220): Illuminate\\Foundation\\Http\\Kernel->handle(Object(Illuminate\\Http\\Request))
#65 E:\\Productivity\\wamp64\\www\\laravel\\originality\\public\\index.php(20): Illuminate\\Foundation\\Application->handleRequest(Object(Illuminate\\Http\\Request))
#66 E:\\Productivity\\wamp64\\www\\laravel\\originality\\vendor\\laravel\\framework\\src\\Illuminate\\Foundation\\resources\\server.php(23): require_once('E:\\\\Productivity...')
#67 {main}
"} 
[2025-09-09 05:53:44] local.ERROR: Route [dashboard] not defined. {"exception":"[object] (Symfony\\Component\\Routing\\Exception\\RouteNotFoundException(code: 0): Route [dashboard] not defined. at E:\\Productivity\\wamp64\\www\\laravel\\originality\\vendor\\laravel\\framework\\src\\Illuminate\\Routing\\UrlGenerator.php:526)
[stacktrace]
#0 E:\\Productivity\\wamp64\\www\\laravel\\originality\\vendor\\laravel\\framework\\src\\Illuminate\\Routing\\Redirector.php(153): Illuminate\\Routing\\UrlGenerator->route('dashboard', Array)
#1 E:\\Productivity\\wamp64\\www\\laravel\\originality\\routes\\web.php(9): Illuminate\\Routing\\Redirector->route('dashboard')
#2 E:\\Productivity\\wamp64\\www\\laravel\\originality\\vendor\\laravel\\framework\\src\\Illuminate\\Routing\\CallableDispatcher.php(39): Illuminate\\Routing\\RouteFileRegistrar->{closure}()
#3 E:\\Productivity\\wamp64\\www\\laravel\\originality\\vendor\\laravel\\framework\\src\\Illuminate\\Routing\\Route.php(243): Illuminate\\Routing\\CallableDispatcher->dispatch(Object(Illuminate\\Routing\\Route), Object(Closure))
#4 E:\\Productivity\\wamp64\\www\\laravel\\originality\\vendor\\laravel\\framework\\src\\Illuminate\\Routing\\Route.php(214): Illuminate\\Routing\\Route->runCallable()
#5 E:\\Productivity\\wamp64\\www\\laravel\\originality\\vendor\\laravel\\framework\\src\\Illuminate\\Routing\\Router.php(822): Illuminate\\Routing\\Route->run()
#6 E:\\Productivity\\wamp64\\www\\laravel\\originality\\vendor\\laravel\\framework\\src\\Illuminate\\Pipeline\\Pipeline.php(180): Illuminate\\Routing\\Router->Illuminate\\Routing\\{closure}(Object(Illuminate\\Http\\Request))
#7 E:\\Productivity\\wamp64\\www\\laravel\\originality\\vendor\\laravel\\framework\\src\\Illuminate\\Routing\\Middleware\\SubstituteBindings.php(50): Illuminate\\Pipeline\\Pipeline->Illuminate\\Pipeline\\{closure}(Object(Illuminate\\Http\\Request))
#8 E:\\Productivity\\wamp64\\www\\laravel\\originality\\vendor\\laravel\\framework\\src\\Illuminate\\Pipeline\\Pipeline.php(219): Illuminate\\Routing\\Middleware\\SubstituteBindings->handle(Object(Illuminate\\Http\\Request), Object(Closure))
#9 E:\\Productivity\\wamp64\\www\\laravel\\originality\\vendor\\laravel\\framework\\src\\Illuminate\\Foundation\\Http\\Middleware\\VerifyCsrfToken.php(87): Illuminate\\Pipeline\\Pipeline->Illuminate\\Pipeline\\{closure}(Object(Illuminate\\Http\\Request))
#10 E:\\Productivity\\wamp64\\www\\laravel\\originality\\vendor\\laravel\\framework\\src\\Illuminate\\Pipeline\\Pipeline.php(219): Illuminate\\Foundation\\Http\\Middleware\\VerifyCsrfToken->handle(Object(Illuminate\\Http\\Request), Object(Closure))
#11 E:\\Productivity\\wamp64\\www\\laravel\\originality\\vendor\\laravel\\framework\\src\\Illuminate\\View\\Middleware\\ShareErrorsFromSession.php(48): Illuminate\\Pipeline\\Pipeline->Illuminate\\Pipeline\\{closure}(Object(Illuminate\\Http\\Request))
#12 E:\\Productivity\\wamp64\\www\\laravel\\originality\\vendor\\laravel\\framework\\src\\Illuminate\\Pipeline\\Pipeline.php(219): Illuminate\\View\\Middleware\\ShareErrorsFromSession->handle(Object(Illuminate\\Http\\Request), Object(Closure))
#13 E:\\Productivity\\wamp64\\www\\laravel\\originality\\vendor\\laravel\\framework\\src\\Illuminate\\Session\\Middleware\\StartSession.php(120): Illuminate\\Pipeline\\Pipeline->Illuminate\\Pipeline\\{closure}(Object(Illuminate\\Http\\Request))
#14 E:\\Productivity\\wamp64\\www\\laravel\\originality\\vendor\\laravel\\framework\\src\\Illuminate\\Session\\Middleware\\StartSession.php(63): Illuminate\\Session\\Middleware\\StartSession->handleStatefulRequest(Object(Illuminate\\Http\\Request), Object(Illuminate\\Session\\Store), Object(Closure))
#15 E:\\Productivity\\wamp64\\www\\laravel\\originality\\vendor\\laravel\\framework\\src\\Illuminate\\Pipeline\\Pipeline.php(219): Illuminate\\Session\\Middleware\\StartSession->handle(Object(Illuminate\\Http\\Request), Object(Closure))
#16 E:\\Productivity\\wamp64\\www\\laravel\\originality\\vendor\\laravel\\framework\\src\\Illuminate\\Cookie\\Middleware\\AddQueuedCookiesToResponse.php(36): Illuminate\\Pipeline\\Pipeline->Illuminate\\Pipeline\\{closure}(Object(Illuminate\\Http\\Request))
#17 E:\\Productivity\\wamp64\\www\\laravel\\originality\\vendor\\laravel\\framework\\src\\Illuminate\\Pipeline\\Pipeline.php(219): Illuminate\\Cookie\\Middleware\\AddQueuedCookiesToResponse->handle(Object(Illuminate\\Http\\Request), Object(Closure))
#18 E:\\Productivity\\wamp64\\www\\laravel\\originality\\vendor\\laravel\\framework\\src\\Illuminate\\Cookie\\Middleware\\EncryptCookies.php(74): Illuminate\\Pipeline\\Pipeline->Illuminate\\Pipeline\\{closure}(Object(Illuminate\\Http\\Request))
#19 E:\\Productivity\\wamp64\\www\\laravel\\originality\\vendor\\laravel\\framework\\src\\Illuminate\\Pipeline\\Pipeline.php(219): Illuminate\\Cookie\\Middleware\\EncryptCookies->handle(Object(Illuminate\\Http\\Request), Object(Closure))
#20 E:\\Productivity\\wamp64\\www\\laravel\\originality\\vendor\\laravel\\framework\\src\\Illuminate\\Pipeline\\Pipeline.php(137): Illuminate\\Pipeline\\Pipeline->Illuminate\\Pipeline\\{closure}(Object(Illuminate\\Http\\Request))
#21 E:\\Productivity\\wamp64\\www\\laravel\\originality\\vendor\\laravel\\framework\\src\\Illuminate\\Routing\\Router.php(821): Illuminate\\Pipeline\\Pipeline->then(Object(Closure))
#22 E:\\Productivity\\wamp64\\www\\laravel\\originality\\vendor\\laravel\\framework\\src\\Illuminate\\Routing\\Router.php(800): Illuminate\\Routing\\Router->runRouteWithinStack(Object(Illuminate\\Routing\\Route), Object(Illuminate\\Http\\Request))
#23 E:\\Productivity\\wamp64\\www\\laravel\\originality\\vendor\\laravel\\framework\\src\\Illuminate\\Routing\\Router.php(764): Illuminate\\Routing\\Router->runRoute(Object(Illuminate\\Http\\Request), Object(Illuminate\\Routing\\Route))
#24 E:\\Productivity\\wamp64\\www\\laravel\\originality\\vendor\\laravel\\framework\\src\\Illuminate\\Routing\\Router.php(753): Illuminate\\Routing\\Router->dispatchToRoute(Object(Illuminate\\Http\\Request))
#25 E:\\Productivity\\wamp64\\www\\laravel\\originality\\vendor\\laravel\\framework\\src\\Illuminate\\Foundation\\Http\\Kernel.php(200): Illuminate\\Routing\\Router->dispatch(Object(Illuminate\\Http\\Request))
#26 E:\\Productivity\\wamp64\\www\\laravel\\originality\\vendor\\laravel\\framework\\src\\Illuminate\\Pipeline\\Pipeline.php(180): Illuminate\\Foundation\\Http\\Kernel->Illuminate\\Foundation\\Http\\{closure}(Object(Illuminate\\Http\\Request))
#27 E:\\Productivity\\wamp64\\www\\laravel\\originality\\vendor\\livewire\\livewire\\src\\Features\\SupportDisablingBackButtonCache\\DisableBackButtonCacheMiddleware.php(19): Illuminate\\Pipeline\\Pipeline->Illuminate\\Pipeline\\{closure}(Object(Illuminate\\Http\\Request))
#28 E:\\Productivity\\wamp64\\www\\laravel\\originality\\vendor\\laravel\\framework\\src\\Illuminate\\Pipeline\\Pipeline.php(219): Livewire\\Features\\SupportDisablingBackButtonCache\\DisableBackButtonCacheMiddleware->handle(Object(Illuminate\\Http\\Request), Object(Closure))
#29 E:\\Productivity\\wamp64\\www\\laravel\\originality\\vendor\\laravel\\framework\\src\\Illuminate\\Foundation\\Http\\Middleware\\TransformsRequest.php(21): Illuminate\\Pipeline\\Pipeline->Illuminate\\Pipeline\\{closure}(Object(Illuminate\\Http\\Request))
#30 E:\\Productivity\\wamp64\\www\\laravel\\originality\\vendor\\laravel\\framework\\src\\Illuminate\\Foundation\\Http\\Middleware\\ConvertEmptyStringsToNull.php(31): Illuminate\\Foundation\\Http\\Middleware\\TransformsRequest->handle(Object(Illuminate\\Http\\Request), Object(Closure))
#31 E:\\Productivity\\wamp64\\www\\laravel\\originality\\vendor\\laravel\\framework\\src\\Illuminate\\Pipeline\\Pipeline.php(219): Illuminate\\Foundation\\Http\\Middleware\\ConvertEmptyStringsToNull->handle(Object(Illuminate\\Http\\Request), Object(Closure))
#32 E:\\Productivity\\wamp64\\www\\laravel\\originality\\vendor\\laravel\\framework\\src\\Illuminate\\Foundation\\Http\\Middleware\\TransformsRequest.php(21): Illuminate\\Pipeline\\Pipeline->Illuminate\\Pipeline\\{closure}(Object(Illuminate\\Http\\Request))
#33 E:\\Productivity\\wamp64\\www\\laravel\\originality\\vendor\\laravel\\framework\\src\\Illuminate\\Foundation\\Http\\Middleware\\TrimStrings.php(51): Illuminate\\Foundation\\Http\\Middleware\\TransformsRequest->handle(Object(Illuminate\\Http\\Request), Object(Closure))
#34 E:\\Productivity\\wamp64\\www\\laravel\\originality\\vendor\\laravel\\framework\\src\\Illuminate\\Pipeline\\Pipeline.php(219): Illuminate\\Foundation\\Http\\Middleware\\TrimStrings->handle(Object(Illuminate\\Http\\Request), Object(Closure))
#35 E:\\Productivity\\wamp64\\www\\laravel\\originality\\vendor\\laravel\\framework\\src\\Illuminate\\Http\\Middleware\\ValidatePostSize.php(27): Illuminate\\Pipeline\\Pipeline->Illuminate\\Pipeline\\{closure}(Object(Illuminate\\Http\\Request))
#36 E:\\Productivity\\wamp64\\www\\laravel\\originality\\vendor\\laravel\\framework\\src\\Illuminate\\Pipeline\\Pipeline.php(219): Illuminate\\Http\\Middleware\\ValidatePostSize->handle(Object(Illuminate\\Http\\Request), Object(Closure))
#37 E:\\Productivity\\wamp64\\www\\laravel\\originality\\vendor\\laravel\\framework\\src\\Illuminate\\Foundation\\Http\\Middleware\\PreventRequestsDuringMaintenance.php(109): Illuminate\\Pipeline\\Pipeline->Illuminate\\Pipeline\\{closure}(Object(Illuminate\\Http\\Request))
#38 E:\\Productivity\\wamp64\\www\\laravel\\originality\\vendor\\laravel\\framework\\src\\Illuminate\\Pipeline\\Pipeline.php(219): Illuminate\\Foundation\\Http\\Middleware\\PreventRequestsDuringMaintenance->handle(Object(Illuminate\\Http\\Request), Object(Closure))
#39 E:\\Productivity\\wamp64\\www\\laravel\\originality\\vendor\\laravel\\framework\\src\\Illuminate\\Http\\Middleware\\HandleCors.php(48): Illuminate\\Pipeline\\Pipeline->Illuminate\\Pipeline\\{closure}(Object(Illuminate\\Http\\Request))
#40 E:\\Productivity\\wamp64\\www\\laravel\\originality\\vendor\\laravel\\framework\\src\\Illuminate\\Pipeline\\Pipeline.php(219): Illuminate\\Http\\Middleware\\HandleCors->handle(Object(Illuminate\\Http\\Request), Object(Closure))
#41 E:\\Productivity\\wamp64\\www\\laravel\\originality\\vendor\\laravel\\framework\\src\\Illuminate\\Http\\Middleware\\TrustProxies.php(58): Illuminate\\Pipeline\\Pipeline->Illuminate\\Pipeline\\{closure}(Object(Illuminate\\Http\\Request))
#42 E:\\Productivity\\wamp64\\www\\laravel\\originality\\vendor\\laravel\\framework\\src\\Illuminate\\Pipeline\\Pipeline.php(219): Illuminate\\Http\\Middleware\\TrustProxies->handle(Object(Illuminate\\Http\\Request), Object(Closure))
#43 E:\\Productivity\\wamp64\\www\\laravel\\originality\\vendor\\laravel\\framework\\src\\Illuminate\\Foundation\\Http\\Middleware\\InvokeDeferredCallbacks.php(22): Illuminate\\Pipeline\\Pipeline->Illuminate\\Pipeline\\{closure}(Object(Illuminate\\Http\\Request))
#44 E:\\Productivity\\wamp64\\www\\laravel\\originality\\vendor\\laravel\\framework\\src\\Illuminate\\Pipeline\\Pipeline.php(219): Illuminate\\Foundation\\Http\\Middleware\\InvokeDeferredCallbacks->handle(Object(Illuminate\\Http\\Request), Object(Closure))
#45 E:\\Productivity\\wamp64\\www\\laravel\\originality\\vendor\\laravel\\framework\\src\\Illuminate\\Http\\Middleware\\ValidatePathEncoding.php(26): Illuminate\\Pipeline\\Pipeline->Illuminate\\Pipeline\\{closure}(Object(Illuminate\\Http\\Request))
#46 E:\\Productivity\\wamp64\\www\\laravel\\originality\\vendor\\laravel\\framework\\src\\Illuminate\\Pipeline\\Pipeline.php(219): Illuminate\\Http\\Middleware\\ValidatePathEncoding->handle(Object(Illuminate\\Http\\Request), Object(Closure))
#47 E:\\Productivity\\wamp64\\www\\laravel\\originality\\vendor\\laravel\\framework\\src\\Illuminate\\Pipeline\\Pipeline.php(137): Illuminate\\Pipeline\\Pipeline->Illuminate\\Pipeline\\{closure}(Object(Illuminate\\Http\\Request))
#48 E:\\Productivity\\wamp64\\www\\laravel\\originality\\vendor\\laravel\\framework\\src\\Illuminate\\Foundation\\Http\\Kernel.php(175): Illuminate\\Pipeline\\Pipeline->then(Object(Closure))
#49 E:\\Productivity\\wamp64\\www\\laravel\\originality\\vendor\\laravel\\framework\\src\\Illuminate\\Foundation\\Http\\Kernel.php(144): Illuminate\\Foundation\\Http\\Kernel->sendRequestThroughRouter(Object(Illuminate\\Http\\Request))
#50 E:\\Productivity\\wamp64\\www\\laravel\\originality\\vendor\\laravel\\framework\\src\\Illuminate\\Foundation\\Application.php(1220): Illuminate\\Foundation\\Http\\Kernel->handle(Object(Illuminate\\Http\\Request))
#51 E:\\Productivity\\wamp64\\www\\laravel\\originality\\public\\index.php(20): Illuminate\\Foundation\\Application->handleRequest(Object(Illuminate\\Http\\Request))
#52 E:\\Productivity\\wamp64\\www\\laravel\\originality\\vendor\\laravel\\framework\\src\\Illuminate\\Foundation\\resources\\server.php(23): require_once('E:\\\\Productivity...')
#53 {main}
"} 
[2025-09-09 05:53:55] local.ERROR: Route [/dashboard] not defined. {"exception":"[object] (Symfony\\Component\\Routing\\Exception\\RouteNotFoundException(code: 0): Route [/dashboard] not defined. at E:\\Productivity\\wamp64\\www\\laravel\\originality\\vendor\\laravel\\framework\\src\\Illuminate\\Routing\\UrlGenerator.php:526)
[stacktrace]
#0 E:\\Productivity\\wamp64\\www\\laravel\\originality\\vendor\\laravel\\framework\\src\\Illuminate\\Routing\\Redirector.php(153): Illuminate\\Routing\\UrlGenerator->route('/dashboard', Array)
#1 E:\\Productivity\\wamp64\\www\\laravel\\originality\\routes\\web.php(9): Illuminate\\Routing\\Redirector->route('/dashboard')
#2 E:\\Productivity\\wamp64\\www\\laravel\\originality\\vendor\\laravel\\framework\\src\\Illuminate\\Routing\\CallableDispatcher.php(39): Illuminate\\Routing\\RouteFileRegistrar->{closure}()
#3 E:\\Productivity\\wamp64\\www\\laravel\\originality\\vendor\\laravel\\framework\\src\\Illuminate\\Routing\\Route.php(243): Illuminate\\Routing\\CallableDispatcher->dispatch(Object(Illuminate\\Routing\\Route), Object(Closure))
#4 E:\\Productivity\\wamp64\\www\\laravel\\originality\\vendor\\laravel\\framework\\src\\Illuminate\\Routing\\Route.php(214): Illuminate\\Routing\\Route->runCallable()
#5 E:\\Productivity\\wamp64\\www\\laravel\\originality\\vendor\\laravel\\framework\\src\\Illuminate\\Routing\\Router.php(822): Illuminate\\Routing\\Route->run()
#6 E:\\Productivity\\wamp64\\www\\laravel\\originality\\vendor\\laravel\\framework\\src\\Illuminate\\Pipeline\\Pipeline.php(180): Illuminate\\Routing\\Router->Illuminate\\Routing\\{closure}(Object(Illuminate\\Http\\Request))
#7 E:\\Productivity\\wamp64\\www\\laravel\\originality\\vendor\\laravel\\framework\\src\\Illuminate\\Routing\\Middleware\\SubstituteBindings.php(50): Illuminate\\Pipeline\\Pipeline->Illuminate\\Pipeline\\{closure}(Object(Illuminate\\Http\\Request))
#8 E:\\Productivity\\wamp64\\www\\laravel\\originality\\vendor\\laravel\\framework\\src\\Illuminate\\Pipeline\\Pipeline.php(219): Illuminate\\Routing\\Middleware\\SubstituteBindings->handle(Object(Illuminate\\Http\\Request), Object(Closure))
#9 E:\\Productivity\\wamp64\\www\\laravel\\originality\\vendor\\laravel\\framework\\src\\Illuminate\\Foundation\\Http\\Middleware\\VerifyCsrfToken.php(87): Illuminate\\Pipeline\\Pipeline->Illuminate\\Pipeline\\{closure}(Object(Illuminate\\Http\\Request))
#10 E:\\Productivity\\wamp64\\www\\laravel\\originality\\vendor\\laravel\\framework\\src\\Illuminate\\Pipeline\\Pipeline.php(219): Illuminate\\Foundation\\Http\\Middleware\\VerifyCsrfToken->handle(Object(Illuminate\\Http\\Request), Object(Closure))
#11 E:\\Productivity\\wamp64\\www\\laravel\\originality\\vendor\\laravel\\framework\\src\\Illuminate\\View\\Middleware\\ShareErrorsFromSession.php(48): Illuminate\\Pipeline\\Pipeline->Illuminate\\Pipeline\\{closure}(Object(Illuminate\\Http\\Request))
#12 E:\\Productivity\\wamp64\\www\\laravel\\originality\\vendor\\laravel\\framework\\src\\Illuminate\\Pipeline\\Pipeline.php(219): Illuminate\\View\\Middleware\\ShareErrorsFromSession->handle(Object(Illuminate\\Http\\Request), Object(Closure))
#13 E:\\Productivity\\wamp64\\www\\laravel\\originality\\vendor\\laravel\\framework\\src\\Illuminate\\Session\\Middleware\\StartSession.php(120): Illuminate\\Pipeline\\Pipeline->Illuminate\\Pipeline\\{closure}(Object(Illuminate\\Http\\Request))
#14 E:\\Productivity\\wamp64\\www\\laravel\\originality\\vendor\\laravel\\framework\\src\\Illuminate\\Session\\Middleware\\StartSession.php(63): Illuminate\\Session\\Middleware\\StartSession->handleStatefulRequest(Object(Illuminate\\Http\\Request), Object(Illuminate\\Session\\Store), Object(Closure))
#15 E:\\Productivity\\wamp64\\www\\laravel\\originality\\vendor\\laravel\\framework\\src\\Illuminate\\Pipeline\\Pipeline.php(219): Illuminate\\Session\\Middleware\\StartSession->handle(Object(Illuminate\\Http\\Request), Object(Closure))
#16 E:\\Productivity\\wamp64\\www\\laravel\\originality\\vendor\\laravel\\framework\\src\\Illuminate\\Cookie\\Middleware\\AddQueuedCookiesToResponse.php(36): Illuminate\\Pipeline\\Pipeline->Illuminate\\Pipeline\\{closure}(Object(Illuminate\\Http\\Request))
#17 E:\\Productivity\\wamp64\\www\\laravel\\originality\\vendor\\laravel\\framework\\src\\Illuminate\\Pipeline\\Pipeline.php(219): Illuminate\\Cookie\\Middleware\\AddQueuedCookiesToResponse->handle(Object(Illuminate\\Http\\Request), Object(Closure))
#18 E:\\Productivity\\wamp64\\www\\laravel\\originality\\vendor\\laravel\\framework\\src\\Illuminate\\Cookie\\Middleware\\EncryptCookies.php(74): Illuminate\\Pipeline\\Pipeline->Illuminate\\Pipeline\\{closure}(Object(Illuminate\\Http\\Request))
#19 E:\\Productivity\\wamp64\\www\\laravel\\originality\\vendor\\laravel\\framework\\src\\Illuminate\\Pipeline\\Pipeline.php(219): Illuminate\\Cookie\\Middleware\\EncryptCookies->handle(Object(Illuminate\\Http\\Request), Object(Closure))
#20 E:\\Productivity\\wamp64\\www\\laravel\\originality\\vendor\\laravel\\framework\\src\\Illuminate\\Pipeline\\Pipeline.php(137): Illuminate\\Pipeline\\Pipeline->Illuminate\\Pipeline\\{closure}(Object(Illuminate\\Http\\Request))
#21 E:\\Productivity\\wamp64\\www\\laravel\\originality\\vendor\\laravel\\framework\\src\\Illuminate\\Routing\\Router.php(821): Illuminate\\Pipeline\\Pipeline->then(Object(Closure))
#22 E:\\Productivity\\wamp64\\www\\laravel\\originality\\vendor\\laravel\\framework\\src\\Illuminate\\Routing\\Router.php(800): Illuminate\\Routing\\Router->runRouteWithinStack(Object(Illuminate\\Routing\\Route), Object(Illuminate\\Http\\Request))
#23 E:\\Productivity\\wamp64\\www\\laravel\\originality\\vendor\\laravel\\framework\\src\\Illuminate\\Routing\\Router.php(764): Illuminate\\Routing\\Router->runRoute(Object(Illuminate\\Http\\Request), Object(Illuminate\\Routing\\Route))
#24 E:\\Productivity\\wamp64\\www\\laravel\\originality\\vendor\\laravel\\framework\\src\\Illuminate\\Routing\\Router.php(753): Illuminate\\Routing\\Router->dispatchToRoute(Object(Illuminate\\Http\\Request))
#25 E:\\Productivity\\wamp64\\www\\laravel\\originality\\vendor\\laravel\\framework\\src\\Illuminate\\Foundation\\Http\\Kernel.php(200): Illuminate\\Routing\\Router->dispatch(Object(Illuminate\\Http\\Request))
#26 E:\\Productivity\\wamp64\\www\\laravel\\originality\\vendor\\laravel\\framework\\src\\Illuminate\\Pipeline\\Pipeline.php(180): Illuminate\\Foundation\\Http\\Kernel->Illuminate\\Foundation\\Http\\{closure}(Object(Illuminate\\Http\\Request))
#27 E:\\Productivity\\wamp64\\www\\laravel\\originality\\vendor\\livewire\\livewire\\src\\Features\\SupportDisablingBackButtonCache\\DisableBackButtonCacheMiddleware.php(19): Illuminate\\Pipeline\\Pipeline->Illuminate\\Pipeline\\{closure}(Object(Illuminate\\Http\\Request))
#28 E:\\Productivity\\wamp64\\www\\laravel\\originality\\vendor\\laravel\\framework\\src\\Illuminate\\Pipeline\\Pipeline.php(219): Livewire\\Features\\SupportDisablingBackButtonCache\\DisableBackButtonCacheMiddleware->handle(Object(Illuminate\\Http\\Request), Object(Closure))
#29 E:\\Productivity\\wamp64\\www\\laravel\\originality\\vendor\\laravel\\framework\\src\\Illuminate\\Foundation\\Http\\Middleware\\TransformsRequest.php(21): Illuminate\\Pipeline\\Pipeline->Illuminate\\Pipeline\\{closure}(Object(Illuminate\\Http\\Request))
#30 E:\\Productivity\\wamp64\\www\\laravel\\originality\\vendor\\laravel\\framework\\src\\Illuminate\\Foundation\\Http\\Middleware\\ConvertEmptyStringsToNull.php(31): Illuminate\\Foundation\\Http\\Middleware\\TransformsRequest->handle(Object(Illuminate\\Http\\Request), Object(Closure))
#31 E:\\Productivity\\wamp64\\www\\laravel\\originality\\vendor\\laravel\\framework\\src\\Illuminate\\Pipeline\\Pipeline.php(219): Illuminate\\Foundation\\Http\\Middleware\\ConvertEmptyStringsToNull->handle(Object(Illuminate\\Http\\Request), Object(Closure))
#32 E:\\Productivity\\wamp64\\www\\laravel\\originality\\vendor\\laravel\\framework\\src\\Illuminate\\Foundation\\Http\\Middleware\\TransformsRequest.php(21): Illuminate\\Pipeline\\Pipeline->Illuminate\\Pipeline\\{closure}(Object(Illuminate\\Http\\Request))
#33 E:\\Productivity\\wamp64\\www\\laravel\\originality\\vendor\\laravel\\framework\\src\\Illuminate\\Foundation\\Http\\Middleware\\TrimStrings.php(51): Illuminate\\Foundation\\Http\\Middleware\\TransformsRequest->handle(Object(Illuminate\\Http\\Request), Object(Closure))
#34 E:\\Productivity\\wamp64\\www\\laravel\\originality\\vendor\\laravel\\framework\\src\\Illuminate\\Pipeline\\Pipeline.php(219): Illuminate\\Foundation\\Http\\Middleware\\TrimStrings->handle(Object(Illuminate\\Http\\Request), Object(Closure))
#35 E:\\Productivity\\wamp64\\www\\laravel\\originality\\vendor\\laravel\\framework\\src\\Illuminate\\Http\\Middleware\\ValidatePostSize.php(27): Illuminate\\Pipeline\\Pipeline->Illuminate\\Pipeline\\{closure}(Object(Illuminate\\Http\\Request))
#36 E:\\Productivity\\wamp64\\www\\laravel\\originality\\vendor\\laravel\\framework\\src\\Illuminate\\Pipeline\\Pipeline.php(219): Illuminate\\Http\\Middleware\\ValidatePostSize->handle(Object(Illuminate\\Http\\Request), Object(Closure))
#37 E:\\Productivity\\wamp64\\www\\laravel\\originality\\vendor\\laravel\\framework\\src\\Illuminate\\Foundation\\Http\\Middleware\\PreventRequestsDuringMaintenance.php(109): Illuminate\\Pipeline\\Pipeline->Illuminate\\Pipeline\\{closure}(Object(Illuminate\\Http\\Request))
#38 E:\\Productivity\\wamp64\\www\\laravel\\originality\\vendor\\laravel\\framework\\src\\Illuminate\\Pipeline\\Pipeline.php(219): Illuminate\\Foundation\\Http\\Middleware\\PreventRequestsDuringMaintenance->handle(Object(Illuminate\\Http\\Request), Object(Closure))
#39 E:\\Productivity\\wamp64\\www\\laravel\\originality\\vendor\\laravel\\framework\\src\\Illuminate\\Http\\Middleware\\HandleCors.php(48): Illuminate\\Pipeline\\Pipeline->Illuminate\\Pipeline\\{closure}(Object(Illuminate\\Http\\Request))
#40 E:\\Productivity\\wamp64\\www\\laravel\\originality\\vendor\\laravel\\framework\\src\\Illuminate\\Pipeline\\Pipeline.php(219): Illuminate\\Http\\Middleware\\HandleCors->handle(Object(Illuminate\\Http\\Request), Object(Closure))
#41 E:\\Productivity\\wamp64\\www\\laravel\\originality\\vendor\\laravel\\framework\\src\\Illuminate\\Http\\Middleware\\TrustProxies.php(58): Illuminate\\Pipeline\\Pipeline->Illuminate\\Pipeline\\{closure}(Object(Illuminate\\Http\\Request))
#42 E:\\Productivity\\wamp64\\www\\laravel\\originality\\vendor\\laravel\\framework\\src\\Illuminate\\Pipeline\\Pipeline.php(219): Illuminate\\Http\\Middleware\\TrustProxies->handle(Object(Illuminate\\Http\\Request), Object(Closure))
#43 E:\\Productivity\\wamp64\\www\\laravel\\originality\\vendor\\laravel\\framework\\src\\Illuminate\\Foundation\\Http\\Middleware\\InvokeDeferredCallbacks.php(22): Illuminate\\Pipeline\\Pipeline->Illuminate\\Pipeline\\{closure}(Object(Illuminate\\Http\\Request))
#44 E:\\Productivity\\wamp64\\www\\laravel\\originality\\vendor\\laravel\\framework\\src\\Illuminate\\Pipeline\\Pipeline.php(219): Illuminate\\Foundation\\Http\\Middleware\\InvokeDeferredCallbacks->handle(Object(Illuminate\\Http\\Request), Object(Closure))
#45 E:\\Productivity\\wamp64\\www\\laravel\\originality\\vendor\\laravel\\framework\\src\\Illuminate\\Http\\Middleware\\ValidatePathEncoding.php(26): Illuminate\\Pipeline\\Pipeline->Illuminate\\Pipeline\\{closure}(Object(Illuminate\\Http\\Request))
#46 E:\\Productivity\\wamp64\\www\\laravel\\originality\\vendor\\laravel\\framework\\src\\Illuminate\\Pipeline\\Pipeline.php(219): Illuminate\\Http\\Middleware\\ValidatePathEncoding->handle(Object(Illuminate\\Http\\Request), Object(Closure))
#47 E:\\Productivity\\wamp64\\www\\laravel\\originality\\vendor\\laravel\\framework\\src\\Illuminate\\Pipeline\\Pipeline.php(137): Illuminate\\Pipeline\\Pipeline->Illuminate\\Pipeline\\{closure}(Object(Illuminate\\Http\\Request))
#48 E:\\Productivity\\wamp64\\www\\laravel\\originality\\vendor\\laravel\\framework\\src\\Illuminate\\Foundation\\Http\\Kernel.php(175): Illuminate\\Pipeline\\Pipeline->then(Object(Closure))
#49 E:\\Productivity\\wamp64\\www\\laravel\\originality\\vendor\\laravel\\framework\\src\\Illuminate\\Foundation\\Http\\Kernel.php(144): Illuminate\\Foundation\\Http\\Kernel->sendRequestThroughRouter(Object(Illuminate\\Http\\Request))
#50 E:\\Productivity\\wamp64\\www\\laravel\\originality\\vendor\\laravel\\framework\\src\\Illuminate\\Foundation\\Application.php(1220): Illuminate\\Foundation\\Http\\Kernel->handle(Object(Illuminate\\Http\\Request))
#51 E:\\Productivity\\wamp64\\www\\laravel\\originality\\public\\index.php(20): Illuminate\\Foundation\\Application->handleRequest(Object(Illuminate\\Http\\Request))
#52 E:\\Productivity\\wamp64\\www\\laravel\\originality\\vendor\\laravel\\framework\\src\\Illuminate\\Foundation\\resources\\server.php(23): require_once('E:\\\\Productivity...')
#53 {main}
"} 
[2025-09-09 05:57:04] local.ERROR: Symfony\Component\HttpFoundation\Response::setContent(): Argument #1 ($content) must be of type ?string, App\Livewire\Auth\LoginForm given, called in E:\Productivity\wamp64\www\laravel\originality\vendor\laravel\framework\src\Illuminate\Http\Response.php on line 81 {"exception":"[object] (TypeError(code: 0): Symfony\\Component\\HttpFoundation\\Response::setContent(): Argument #1 ($content) must be of type ?string, App\\Livewire\\Auth\\LoginForm given, called in E:\\Productivity\\wamp64\\www\\laravel\\originality\\vendor\\laravel\\framework\\src\\Illuminate\\Http\\Response.php on line 81 at E:\\Productivity\\wamp64\\www\\laravel\\originality\\vendor\\symfony\\http-foundation\\Response.php:420)
[stacktrace]
#0 E:\\Productivity\\wamp64\\www\\laravel\\originality\\vendor\\laravel\\framework\\src\\Illuminate\\Http\\Response.php(81): Symfony\\Component\\HttpFoundation\\Response->setContent(Object(App\\Livewire\\Auth\\LoginForm))
#1 E:\\Productivity\\wamp64\\www\\laravel\\originality\\vendor\\laravel\\framework\\src\\Illuminate\\Http\\Response.php(34): Illuminate\\Http\\Response->setContent(Object(App\\Livewire\\Auth\\LoginForm))
#2 E:\\Productivity\\wamp64\\www\\laravel\\originality\\vendor\\laravel\\framework\\src\\Illuminate\\Routing\\Router.php(939): Illuminate\\Http\\Response->__construct(Object(App\\Livewire\\Auth\\LoginForm), 200, Array)
#3 E:\\Productivity\\wamp64\\www\\laravel\\originality\\vendor\\laravel\\framework\\src\\Illuminate\\Routing\\Router.php(906): Illuminate\\Routing\\Router::toResponse(Object(Illuminate\\Http\\Request), Object(App\\Livewire\\Auth\\LoginForm))
#4 E:\\Productivity\\wamp64\\www\\laravel\\originality\\vendor\\laravel\\framework\\src\\Illuminate\\Routing\\Router.php(821): Illuminate\\Routing\\Router->prepareResponse(Object(Illuminate\\Http\\Request), Object(App\\Livewire\\Auth\\LoginForm))
#5 E:\\Productivity\\wamp64\\www\\laravel\\originality\\vendor\\laravel\\framework\\src\\Illuminate\\Pipeline\\Pipeline.php(180): Illuminate\\Routing\\Router->Illuminate\\Routing\\{closure}(Object(Illuminate\\Http\\Request))
#6 E:\\Productivity\\wamp64\\www\\laravel\\originality\\vendor\\laravel\\framework\\src\\Illuminate\\Routing\\Middleware\\SubstituteBindings.php(50): Illuminate\\Pipeline\\Pipeline->Illuminate\\Pipeline\\{closure}(Object(Illuminate\\Http\\Request))
#7 E:\\Productivity\\wamp64\\www\\laravel\\originality\\vendor\\laravel\\framework\\src\\Illuminate\\Pipeline\\Pipeline.php(219): Illuminate\\Routing\\Middleware\\SubstituteBindings->handle(Object(Illuminate\\Http\\Request), Object(Closure))
#8 E:\\Productivity\\wamp64\\www\\laravel\\originality\\vendor\\laravel\\framework\\src\\Illuminate\\Foundation\\Http\\Middleware\\VerifyCsrfToken.php(87): Illuminate\\Pipeline\\Pipeline->Illuminate\\Pipeline\\{closure}(Object(Illuminate\\Http\\Request))
#9 E:\\Productivity\\wamp64\\www\\laravel\\originality\\vendor\\laravel\\framework\\src\\Illuminate\\Pipeline\\Pipeline.php(219): Illuminate\\Foundation\\Http\\Middleware\\VerifyCsrfToken->handle(Object(Illuminate\\Http\\Request), Object(Closure))
#10 E:\\Productivity\\wamp64\\www\\laravel\\originality\\vendor\\laravel\\framework\\src\\Illuminate\\View\\Middleware\\ShareErrorsFromSession.php(48): Illuminate\\Pipeline\\Pipeline->Illuminate\\Pipeline\\{closure}(Object(Illuminate\\Http\\Request))
#11 E:\\Productivity\\wamp64\\www\\laravel\\originality\\vendor\\laravel\\framework\\src\\Illuminate\\Pipeline\\Pipeline.php(219): Illuminate\\View\\Middleware\\ShareErrorsFromSession->handle(Object(Illuminate\\Http\\Request), Object(Closure))
#12 E:\\Productivity\\wamp64\\www\\laravel\\originality\\vendor\\laravel\\framework\\src\\Illuminate\\Session\\Middleware\\StartSession.php(120): Illuminate\\Pipeline\\Pipeline->Illuminate\\Pipeline\\{closure}(Object(Illuminate\\Http\\Request))
#13 E:\\Productivity\\wamp64\\www\\laravel\\originality\\vendor\\laravel\\framework\\src\\Illuminate\\Session\\Middleware\\StartSession.php(63): Illuminate\\Session\\Middleware\\StartSession->handleStatefulRequest(Object(Illuminate\\Http\\Request), Object(Illuminate\\Session\\Store), Object(Closure))
#14 E:\\Productivity\\wamp64\\www\\laravel\\originality\\vendor\\laravel\\framework\\src\\Illuminate\\Pipeline\\Pipeline.php(219): Illuminate\\Session\\Middleware\\StartSession->handle(Object(Illuminate\\Http\\Request), Object(Closure))
#15 E:\\Productivity\\wamp64\\www\\laravel\\originality\\vendor\\laravel\\framework\\src\\Illuminate\\Cookie\\Middleware\\AddQueuedCookiesToResponse.php(36): Illuminate\\Pipeline\\Pipeline->Illuminate\\Pipeline\\{closure}(Object(Illuminate\\Http\\Request))
#16 E:\\Productivity\\wamp64\\www\\laravel\\originality\\vendor\\laravel\\framework\\src\\Illuminate\\Pipeline\\Pipeline.php(219): Illuminate\\Cookie\\Middleware\\AddQueuedCookiesToResponse->handle(Object(Illuminate\\Http\\Request), Object(Closure))
#17 E:\\Productivity\\wamp64\\www\\laravel\\originality\\vendor\\laravel\\framework\\src\\Illuminate\\Cookie\\Middleware\\EncryptCookies.php(74): Illuminate\\Pipeline\\Pipeline->Illuminate\\Pipeline\\{closure}(Object(Illuminate\\Http\\Request))
#18 E:\\Productivity\\wamp64\\www\\laravel\\originality\\vendor\\laravel\\framework\\src\\Illuminate\\Pipeline\\Pipeline.php(219): Illuminate\\Cookie\\Middleware\\EncryptCookies->handle(Object(Illuminate\\Http\\Request), Object(Closure))
#19 E:\\Productivity\\wamp64\\www\\laravel\\originality\\vendor\\laravel\\framework\\src\\Illuminate\\Pipeline\\Pipeline.php(137): Illuminate\\Pipeline\\Pipeline->Illuminate\\Pipeline\\{closure}(Object(Illuminate\\Http\\Request))
#20 E:\\Productivity\\wamp64\\www\\laravel\\originality\\vendor\\laravel\\framework\\src\\Illuminate\\Routing\\Router.php(821): Illuminate\\Pipeline\\Pipeline->then(Object(Closure))
#21 E:\\Productivity\\wamp64\\www\\laravel\\originality\\vendor\\laravel\\framework\\src\\Illuminate\\Routing\\Router.php(800): Illuminate\\Routing\\Router->runRouteWithinStack(Object(Illuminate\\Routing\\Route), Object(Illuminate\\Http\\Request))
#22 E:\\Productivity\\wamp64\\www\\laravel\\originality\\vendor\\laravel\\framework\\src\\Illuminate\\Routing\\Router.php(764): Illuminate\\Routing\\Router->runRoute(Object(Illuminate\\Http\\Request), Object(Illuminate\\Routing\\Route))
#23 E:\\Productivity\\wamp64\\www\\laravel\\originality\\vendor\\laravel\\framework\\src\\Illuminate\\Routing\\Router.php(753): Illuminate\\Routing\\Router->dispatchToRoute(Object(Illuminate\\Http\\Request))
#24 E:\\Productivity\\wamp64\\www\\laravel\\originality\\vendor\\laravel\\framework\\src\\Illuminate\\Foundation\\Http\\Kernel.php(200): Illuminate\\Routing\\Router->dispatch(Object(Illuminate\\Http\\Request))
#25 E:\\Productivity\\wamp64\\www\\laravel\\originality\\vendor\\laravel\\framework\\src\\Illuminate\\Pipeline\\Pipeline.php(180): Illuminate\\Foundation\\Http\\Kernel->Illuminate\\Foundation\\Http\\{closure}(Object(Illuminate\\Http\\Request))
#26 E:\\Productivity\\wamp64\\www\\laravel\\originality\\vendor\\livewire\\livewire\\src\\Features\\SupportDisablingBackButtonCache\\DisableBackButtonCacheMiddleware.php(19): Illuminate\\Pipeline\\Pipeline->Illuminate\\Pipeline\\{closure}(Object(Illuminate\\Http\\Request))
#27 E:\\Productivity\\wamp64\\www\\laravel\\originality\\vendor\\laravel\\framework\\src\\Illuminate\\Pipeline\\Pipeline.php(219): Livewire\\Features\\SupportDisablingBackButtonCache\\DisableBackButtonCacheMiddleware->handle(Object(Illuminate\\Http\\Request), Object(Closure))
#28 E:\\Productivity\\wamp64\\www\\laravel\\originality\\vendor\\laravel\\framework\\src\\Illuminate\\Foundation\\Http\\Middleware\\TransformsRequest.php(21): Illuminate\\Pipeline\\Pipeline->Illuminate\\Pipeline\\{closure}(Object(Illuminate\\Http\\Request))
#29 E:\\Productivity\\wamp64\\www\\laravel\\originality\\vendor\\laravel\\framework\\src\\Illuminate\\Foundation\\Http\\Middleware\\ConvertEmptyStringsToNull.php(31): Illuminate\\Foundation\\Http\\Middleware\\TransformsRequest->handle(Object(Illuminate\\Http\\Request), Object(Closure))
#30 E:\\Productivity\\wamp64\\www\\laravel\\originality\\vendor\\laravel\\framework\\src\\Illuminate\\Pipeline\\Pipeline.php(219): Illuminate\\Foundation\\Http\\Middleware\\ConvertEmptyStringsToNull->handle(Object(Illuminate\\Http\\Request), Object(Closure))
#31 E:\\Productivity\\wamp64\\www\\laravel\\originality\\vendor\\laravel\\framework\\src\\Illuminate\\Foundation\\Http\\Middleware\\TransformsRequest.php(21): Illuminate\\Pipeline\\Pipeline->Illuminate\\Pipeline\\{closure}(Object(Illuminate\\Http\\Request))
#32 E:\\Productivity\\wamp64\\www\\laravel\\originality\\vendor\\laravel\\framework\\src\\Illuminate\\Foundation\\Http\\Middleware\\TrimStrings.php(51): Illuminate\\Foundation\\Http\\Middleware\\TransformsRequest->handle(Object(Illuminate\\Http\\Request), Object(Closure))
#33 E:\\Productivity\\wamp64\\www\\laravel\\originality\\vendor\\laravel\\framework\\src\\Illuminate\\Pipeline\\Pipeline.php(219): Illuminate\\Foundation\\Http\\Middleware\\TrimStrings->handle(Object(Illuminate\\Http\\Request), Object(Closure))
#34 E:\\Productivity\\wamp64\\www\\laravel\\originality\\vendor\\laravel\\framework\\src\\Illuminate\\Http\\Middleware\\ValidatePostSize.php(27): Illuminate\\Pipeline\\Pipeline->Illuminate\\Pipeline\\{closure}(Object(Illuminate\\Http\\Request))
#35 E:\\Productivity\\wamp64\\www\\laravel\\originality\\vendor\\laravel\\framework\\src\\Illuminate\\Pipeline\\Pipeline.php(219): Illuminate\\Http\\Middleware\\ValidatePostSize->handle(Object(Illuminate\\Http\\Request), Object(Closure))
#36 E:\\Productivity\\wamp64\\www\\laravel\\originality\\vendor\\laravel\\framework\\src\\Illuminate\\Foundation\\Http\\Middleware\\PreventRequestsDuringMaintenance.php(109): Illuminate\\Pipeline\\Pipeline->Illuminate\\Pipeline\\{closure}(Object(Illuminate\\Http\\Request))
#37 E:\\Productivity\\wamp64\\www\\laravel\\originality\\vendor\\laravel\\framework\\src\\Illuminate\\Pipeline\\Pipeline.php(219): Illuminate\\Foundation\\Http\\Middleware\\PreventRequestsDuringMaintenance->handle(Object(Illuminate\\Http\\Request), Object(Closure))
#38 E:\\Productivity\\wamp64\\www\\laravel\\originality\\vendor\\laravel\\framework\\src\\Illuminate\\Http\\Middleware\\HandleCors.php(48): Illuminate\\Pipeline\\Pipeline->Illuminate\\Pipeline\\{closure}(Object(Illuminate\\Http\\Request))
#39 E:\\Productivity\\wamp64\\www\\laravel\\originality\\vendor\\laravel\\framework\\src\\Illuminate\\Pipeline\\Pipeline.php(219): Illuminate\\Http\\Middleware\\HandleCors->handle(Object(Illuminate\\Http\\Request), Object(Closure))
#40 E:\\Productivity\\wamp64\\www\\laravel\\originality\\vendor\\laravel\\framework\\src\\Illuminate\\Http\\Middleware\\TrustProxies.php(58): Illuminate\\Pipeline\\Pipeline->Illuminate\\Pipeline\\{closure}(Object(Illuminate\\Http\\Request))
#41 E:\\Productivity\\wamp64\\www\\laravel\\originality\\vendor\\laravel\\framework\\src\\Illuminate\\Pipeline\\Pipeline.php(219): Illuminate\\Http\\Middleware\\TrustProxies->handle(Object(Illuminate\\Http\\Request), Object(Closure))
#42 E:\\Productivity\\wamp64\\www\\laravel\\originality\\vendor\\laravel\\framework\\src\\Illuminate\\Foundation\\Http\\Middleware\\InvokeDeferredCallbacks.php(22): Illuminate\\Pipeline\\Pipeline->Illuminate\\Pipeline\\{closure}(Object(Illuminate\\Http\\Request))
#43 E:\\Productivity\\wamp64\\www\\laravel\\originality\\vendor\\laravel\\framework\\src\\Illuminate\\Pipeline\\Pipeline.php(219): Illuminate\\Foundation\\Http\\Middleware\\InvokeDeferredCallbacks->handle(Object(Illuminate\\Http\\Request), Object(Closure))
#44 E:\\Productivity\\wamp64\\www\\laravel\\originality\\vendor\\laravel\\framework\\src\\Illuminate\\Http\\Middleware\\ValidatePathEncoding.php(26): Illuminate\\Pipeline\\Pipeline->Illuminate\\Pipeline\\{closure}(Object(Illuminate\\Http\\Request))
#45 E:\\Productivity\\wamp64\\www\\laravel\\originality\\vendor\\laravel\\framework\\src\\Illuminate\\Pipeline\\Pipeline.php(219): Illuminate\\Http\\Middleware\\ValidatePathEncoding->handle(Object(Illuminate\\Http\\Request), Object(Closure))
#46 E:\\Productivity\\wamp64\\www\\laravel\\originality\\vendor\\laravel\\framework\\src\\Illuminate\\Pipeline\\Pipeline.php(137): Illuminate\\Pipeline\\Pipeline->Illuminate\\Pipeline\\{closure}(Object(Illuminate\\Http\\Request))
#47 E:\\Productivity\\wamp64\\www\\laravel\\originality\\vendor\\laravel\\framework\\src\\Illuminate\\Foundation\\Http\\Kernel.php(175): Illuminate\\Pipeline\\Pipeline->then(Object(Closure))
#48 E:\\Productivity\\wamp64\\www\\laravel\\originality\\vendor\\laravel\\framework\\src\\Illuminate\\Foundation\\Http\\Kernel.php(144): Illuminate\\Foundation\\Http\\Kernel->sendRequestThroughRouter(Object(Illuminate\\Http\\Request))
#49 E:\\Productivity\\wamp64\\www\\laravel\\originality\\vendor\\laravel\\framework\\src\\Illuminate\\Foundation\\Application.php(1220): Illuminate\\Foundation\\Http\\Kernel->handle(Object(Illuminate\\Http\\Request))
#50 E:\\Productivity\\wamp64\\www\\laravel\\originality\\public\\index.php(20): Illuminate\\Foundation\\Application->handleRequest(Object(Illuminate\\Http\\Request))
#51 E:\\Productivity\\wamp64\\www\\laravel\\originality\\vendor\\laravel\\framework\\src\\Illuminate\\Foundation\\resources\\server.php(23): require_once('E:\\\\Productivity...')
#52 {main}
"} 
[2025-09-09 06:10:13] local.ERROR: cURL error 6: Could not resolve host: me (see https://curl.haxx.se/libcurl/c/libcurl-errors.html) {"exception":"[object] (Illuminate\\Http\\Client\\ConnectionException(code: 0): cURL error 6: Could not resolve host: me (see https://curl.haxx.se/libcurl/c/libcurl-errors.html) at E:\\Productivity\\wamp64\\www\\laravel\\originality\\vendor\\laravel\\framework\\src\\Illuminate\\Http\\Client\\PendingRequest.php:1642)
[stacktrace]
#0 E:\\Productivity\\wamp64\\www\\laravel\\originality\\vendor\\laravel\\framework\\src\\Illuminate\\Http\\Client\\PendingRequest.php(968): Illuminate\\Http\\Client\\PendingRequest->marshalConnectionException(Object(GuzzleHttp\\Exception\\ConnectException))
#1 E:\\Productivity\\wamp64\\www\\laravel\\originality\\vendor\\laravel\\framework\\src\\Illuminate\\Support\\helpers.php(329): Illuminate\\Http\\Client\\PendingRequest->Illuminate\\Http\\Client\\{closure}(1)
#2 E:\\Productivity\\wamp64\\www\\laravel\\originality\\vendor\\laravel\\framework\\src\\Illuminate\\Http\\Client\\PendingRequest.php(931): retry(0, Object(Closure), 100, Object(Closure))
#3 E:\\Productivity\\wamp64\\www\\laravel\\originality\\vendor\\laravel\\framework\\src\\Illuminate\\Http\\Client\\PendingRequest.php(798): Illuminate\\Http\\Client\\PendingRequest->send('GET', 'me', Array)
#4 E:\\Productivity\\wamp64\\www\\laravel\\originality\\app\\Http\\Middleware\\AuthApi.php(26): Illuminate\\Http\\Client\\PendingRequest->get('/me')
#5 E:\\Productivity\\wamp64\\www\\laravel\\originality\\vendor\\laravel\\framework\\src\\Illuminate\\Pipeline\\Pipeline.php(219): App\\Http\\Middleware\\AuthApi->handle(Object(Illuminate\\Http\\Request), Object(Closure))
#6 E:\\Productivity\\wamp64\\www\\laravel\\originality\\vendor\\laravel\\framework\\src\\Illuminate\\Routing\\Middleware\\SubstituteBindings.php(50): Illuminate\\Pipeline\\Pipeline->Illuminate\\Pipeline\\{closure}(Object(Illuminate\\Http\\Request))
#7 E:\\Productivity\\wamp64\\www\\laravel\\originality\\vendor\\laravel\\framework\\src\\Illuminate\\Pipeline\\Pipeline.php(219): Illuminate\\Routing\\Middleware\\SubstituteBindings->handle(Object(Illuminate\\Http\\Request), Object(Closure))
#8 E:\\Productivity\\wamp64\\www\\laravel\\originality\\vendor\\laravel\\framework\\src\\Illuminate\\Foundation\\Http\\Middleware\\VerifyCsrfToken.php(87): Illuminate\\Pipeline\\Pipeline->Illuminate\\Pipeline\\{closure}(Object(Illuminate\\Http\\Request))
#9 E:\\Productivity\\wamp64\\www\\laravel\\originality\\vendor\\laravel\\framework\\src\\Illuminate\\Pipeline\\Pipeline.php(219): Illuminate\\Foundation\\Http\\Middleware\\VerifyCsrfToken->handle(Object(Illuminate\\Http\\Request), Object(Closure))
#10 E:\\Productivity\\wamp64\\www\\laravel\\originality\\vendor\\laravel\\framework\\src\\Illuminate\\View\\Middleware\\ShareErrorsFromSession.php(48): Illuminate\\Pipeline\\Pipeline->Illuminate\\Pipeline\\{closure}(Object(Illuminate\\Http\\Request))
#11 E:\\Productivity\\wamp64\\www\\laravel\\originality\\vendor\\laravel\\framework\\src\\Illuminate\\Pipeline\\Pipeline.php(219): Illuminate\\View\\Middleware\\ShareErrorsFromSession->handle(Object(Illuminate\\Http\\Request), Object(Closure))
#12 E:\\Productivity\\wamp64\\www\\laravel\\originality\\vendor\\laravel\\framework\\src\\Illuminate\\Session\\Middleware\\StartSession.php(120): Illuminate\\Pipeline\\Pipeline->Illuminate\\Pipeline\\{closure}(Object(Illuminate\\Http\\Request))
#13 E:\\Productivity\\wamp64\\www\\laravel\\originality\\vendor\\laravel\\framework\\src\\Illuminate\\Session\\Middleware\\StartSession.php(63): Illuminate\\Session\\Middleware\\StartSession->handleStatefulRequest(Object(Illuminate\\Http\\Request), Object(Illuminate\\Session\\Store), Object(Closure))
#14 E:\\Productivity\\wamp64\\www\\laravel\\originality\\vendor\\laravel\\framework\\src\\Illuminate\\Pipeline\\Pipeline.php(219): Illuminate\\Session\\Middleware\\StartSession->handle(Object(Illuminate\\Http\\Request), Object(Closure))
#15 E:\\Productivity\\wamp64\\www\\laravel\\originality\\vendor\\laravel\\framework\\src\\Illuminate\\Cookie\\Middleware\\AddQueuedCookiesToResponse.php(36): Illuminate\\Pipeline\\Pipeline->Illuminate\\Pipeline\\{closure}(Object(Illuminate\\Http\\Request))
#16 E:\\Productivity\\wamp64\\www\\laravel\\originality\\vendor\\laravel\\framework\\src\\Illuminate\\Pipeline\\Pipeline.php(219): Illuminate\\Cookie\\Middleware\\AddQueuedCookiesToResponse->handle(Object(Illuminate\\Http\\Request), Object(Closure))
#17 E:\\Productivity\\wamp64\\www\\laravel\\originality\\vendor\\laravel\\framework\\src\\Illuminate\\Cookie\\Middleware\\EncryptCookies.php(74): Illuminate\\Pipeline\\Pipeline->Illuminate\\Pipeline\\{closure}(Object(Illuminate\\Http\\Request))
#18 E:\\Productivity\\wamp64\\www\\laravel\\originality\\vendor\\laravel\\framework\\src\\Illuminate\\Pipeline\\Pipeline.php(219): Illuminate\\Cookie\\Middleware\\EncryptCookies->handle(Object(Illuminate\\Http\\Request), Object(Closure))
#19 E:\\Productivity\\wamp64\\www\\laravel\\originality\\vendor\\laravel\\framework\\src\\Illuminate\\Pipeline\\Pipeline.php(137): Illuminate\\Pipeline\\Pipeline->Illuminate\\Pipeline\\{closure}(Object(Illuminate\\Http\\Request))
#20 E:\\Productivity\\wamp64\\www\\laravel\\originality\\vendor\\laravel\\framework\\src\\Illuminate\\Routing\\Router.php(821): Illuminate\\Pipeline\\Pipeline->then(Object(Closure))
#21 E:\\Productivity\\wamp64\\www\\laravel\\originality\\vendor\\laravel\\framework\\src\\Illuminate\\Routing\\Router.php(800): Illuminate\\Routing\\Router->runRouteWithinStack(Object(Illuminate\\Routing\\Route), Object(Illuminate\\Http\\Request))
#22 E:\\Productivity\\wamp64\\www\\laravel\\originality\\vendor\\laravel\\framework\\src\\Illuminate\\Routing\\Router.php(764): Illuminate\\Routing\\Router->runRoute(Object(Illuminate\\Http\\Request), Object(Illuminate\\Routing\\Route))
#23 E:\\Productivity\\wamp64\\www\\laravel\\originality\\vendor\\laravel\\framework\\src\\Illuminate\\Routing\\Router.php(753): Illuminate\\Routing\\Router->dispatchToRoute(Object(Illuminate\\Http\\Request))
#24 E:\\Productivity\\wamp64\\www\\laravel\\originality\\vendor\\laravel\\framework\\src\\Illuminate\\Foundation\\Http\\Kernel.php(200): Illuminate\\Routing\\Router->dispatch(Object(Illuminate\\Http\\Request))
#25 E:\\Productivity\\wamp64\\www\\laravel\\originality\\vendor\\laravel\\framework\\src\\Illuminate\\Pipeline\\Pipeline.php(180): Illuminate\\Foundation\\Http\\Kernel->Illuminate\\Foundation\\Http\\{closure}(Object(Illuminate\\Http\\Request))
#26 E:\\Productivity\\wamp64\\www\\laravel\\originality\\vendor\\livewire\\livewire\\src\\Features\\SupportDisablingBackButtonCache\\DisableBackButtonCacheMiddleware.php(19): Illuminate\\Pipeline\\Pipeline->Illuminate\\Pipeline\\{closure}(Object(Illuminate\\Http\\Request))
#27 E:\\Productivity\\wamp64\\www\\laravel\\originality\\vendor\\laravel\\framework\\src\\Illuminate\\Pipeline\\Pipeline.php(219): Livewire\\Features\\SupportDisablingBackButtonCache\\DisableBackButtonCacheMiddleware->handle(Object(Illuminate\\Http\\Request), Object(Closure))
#28 E:\\Productivity\\wamp64\\www\\laravel\\originality\\vendor\\laravel\\framework\\src\\Illuminate\\Foundation\\Http\\Middleware\\TransformsRequest.php(21): Illuminate\\Pipeline\\Pipeline->Illuminate\\Pipeline\\{closure}(Object(Illuminate\\Http\\Request))
#29 E:\\Productivity\\wamp64\\www\\laravel\\originality\\vendor\\laravel\\framework\\src\\Illuminate\\Foundation\\Http\\Middleware\\ConvertEmptyStringsToNull.php(31): Illuminate\\Foundation\\Http\\Middleware\\TransformsRequest->handle(Object(Illuminate\\Http\\Request), Object(Closure))
#30 E:\\Productivity\\wamp64\\www\\laravel\\originality\\vendor\\laravel\\framework\\src\\Illuminate\\Pipeline\\Pipeline.php(219): Illuminate\\Foundation\\Http\\Middleware\\ConvertEmptyStringsToNull->handle(Object(Illuminate\\Http\\Request), Object(Closure))
#31 E:\\Productivity\\wamp64\\www\\laravel\\originality\\vendor\\laravel\\framework\\src\\Illuminate\\Foundation\\Http\\Middleware\\TransformsRequest.php(21): Illuminate\\Pipeline\\Pipeline->Illuminate\\Pipeline\\{closure}(Object(Illuminate\\Http\\Request))
#32 E:\\Productivity\\wamp64\\www\\laravel\\originality\\vendor\\laravel\\framework\\src\\Illuminate\\Foundation\\Http\\Middleware\\TrimStrings.php(51): Illuminate\\Foundation\\Http\\Middleware\\TransformsRequest->handle(Object(Illuminate\\Http\\Request), Object(Closure))
#33 E:\\Productivity\\wamp64\\www\\laravel\\originality\\vendor\\laravel\\framework\\src\\Illuminate\\Pipeline\\Pipeline.php(219): Illuminate\\Foundation\\Http\\Middleware\\TrimStrings->handle(Object(Illuminate\\Http\\Request), Object(Closure))
#34 E:\\Productivity\\wamp64\\www\\laravel\\originality\\vendor\\laravel\\framework\\src\\Illuminate\\Http\\Middleware\\ValidatePostSize.php(27): Illuminate\\Pipeline\\Pipeline->Illuminate\\Pipeline\\{closure}(Object(Illuminate\\Http\\Request))
#35 E:\\Productivity\\wamp64\\www\\laravel\\originality\\vendor\\laravel\\framework\\src\\Illuminate\\Pipeline\\Pipeline.php(219): Illuminate\\Http\\Middleware\\ValidatePostSize->handle(Object(Illuminate\\Http\\Request), Object(Closure))
#36 E:\\Productivity\\wamp64\\www\\laravel\\originality\\vendor\\laravel\\framework\\src\\Illuminate\\Foundation\\Http\\Middleware\\PreventRequestsDuringMaintenance.php(109): Illuminate\\Pipeline\\Pipeline->Illuminate\\Pipeline\\{closure}(Object(Illuminate\\Http\\Request))
#37 E:\\Productivity\\wamp64\\www\\laravel\\originality\\vendor\\laravel\\framework\\src\\Illuminate\\Pipeline\\Pipeline.php(219): Illuminate\\Foundation\\Http\\Middleware\\PreventRequestsDuringMaintenance->handle(Object(Illuminate\\Http\\Request), Object(Closure))
#38 E:\\Productivity\\wamp64\\www\\laravel\\originality\\vendor\\laravel\\framework\\src\\Illuminate\\Http\\Middleware\\HandleCors.php(48): Illuminate\\Pipeline\\Pipeline->Illuminate\\Pipeline\\{closure}(Object(Illuminate\\Http\\Request))
#39 E:\\Productivity\\wamp64\\www\\laravel\\originality\\vendor\\laravel\\framework\\src\\Illuminate\\Pipeline\\Pipeline.php(219): Illuminate\\Http\\Middleware\\HandleCors->handle(Object(Illuminate\\Http\\Request), Object(Closure))
#40 E:\\Productivity\\wamp64\\www\\laravel\\originality\\vendor\\laravel\\framework\\src\\Illuminate\\Http\\Middleware\\TrustProxies.php(58): Illuminate\\Pipeline\\Pipeline->Illuminate\\Pipeline\\{closure}(Object(Illuminate\\Http\\Request))
#41 E:\\Productivity\\wamp64\\www\\laravel\\originality\\vendor\\laravel\\framework\\src\\Illuminate\\Pipeline\\Pipeline.php(219): Illuminate\\Http\\Middleware\\TrustProxies->handle(Object(Illuminate\\Http\\Request), Object(Closure))
#42 E:\\Productivity\\wamp64\\www\\laravel\\originality\\vendor\\laravel\\framework\\src\\Illuminate\\Foundation\\Http\\Middleware\\InvokeDeferredCallbacks.php(22): Illuminate\\Pipeline\\Pipeline->Illuminate\\Pipeline\\{closure}(Object(Illuminate\\Http\\Request))
#43 E:\\Productivity\\wamp64\\www\\laravel\\originality\\vendor\\laravel\\framework\\src\\Illuminate\\Pipeline\\Pipeline.php(219): Illuminate\\Foundation\\Http\\Middleware\\InvokeDeferredCallbacks->handle(Object(Illuminate\\Http\\Request), Object(Closure))
#44 E:\\Productivity\\wamp64\\www\\laravel\\originality\\vendor\\laravel\\framework\\src\\Illuminate\\Http\\Middleware\\ValidatePathEncoding.php(26): Illuminate\\Pipeline\\Pipeline->Illuminate\\Pipeline\\{closure}(Object(Illuminate\\Http\\Request))
#45 E:\\Productivity\\wamp64\\www\\laravel\\originality\\vendor\\laravel\\framework\\src\\Illuminate\\Pipeline\\Pipeline.php(219): Illuminate\\Http\\Middleware\\ValidatePathEncoding->handle(Object(Illuminate\\Http\\Request), Object(Closure))
#46 E:\\Productivity\\wamp64\\www\\laravel\\originality\\vendor\\laravel\\framework\\src\\Illuminate\\Pipeline\\Pipeline.php(137): Illuminate\\Pipeline\\Pipeline->Illuminate\\Pipeline\\{closure}(Object(Illuminate\\Http\\Request))
#47 E:\\Productivity\\wamp64\\www\\laravel\\originality\\vendor\\laravel\\framework\\src\\Illuminate\\Foundation\\Http\\Kernel.php(175): Illuminate\\Pipeline\\Pipeline->then(Object(Closure))
#48 E:\\Productivity\\wamp64\\www\\laravel\\originality\\vendor\\laravel\\framework\\src\\Illuminate\\Foundation\\Http\\Kernel.php(144): Illuminate\\Foundation\\Http\\Kernel->sendRequestThroughRouter(Object(Illuminate\\Http\\Request))
#49 E:\\Productivity\\wamp64\\www\\laravel\\originality\\vendor\\laravel\\framework\\src\\Illuminate\\Foundation\\Application.php(1220): Illuminate\\Foundation\\Http\\Kernel->handle(Object(Illuminate\\Http\\Request))
#50 E:\\Productivity\\wamp64\\www\\laravel\\originality\\public\\index.php(20): Illuminate\\Foundation\\Application->handleRequest(Object(Illuminate\\Http\\Request))
#51 E:\\Productivity\\wamp64\\www\\laravel\\originality\\vendor\\laravel\\framework\\src\\Illuminate\\Foundation\\resources\\server.php(23): require_once('E:\\\\Productivity...')
#52 {main}

[previous exception] [object] (GuzzleHttp\\Exception\\ConnectException(code: 0): cURL error 6: Could not resolve host: me (see https://curl.haxx.se/libcurl/c/libcurl-errors.html) at E:\\Productivity\\wamp64\\www\\laravel\\originality\\vendor\\guzzlehttp\\guzzle\\src\\Handler\\CurlFactory.php:277)
[stacktrace]
#0 E:\\Productivity\\wamp64\\www\\laravel\\originality\\vendor\\guzzlehttp\\guzzle\\src\\Handler\\CurlFactory.php(207): GuzzleHttp\\Handler\\CurlFactory::createRejection(Object(GuzzleHttp\\Handler\\EasyHandle), Array)
#1 E:\\Productivity\\wamp64\\www\\laravel\\originality\\vendor\\guzzlehttp\\guzzle\\src\\Handler\\CurlFactory.php(159): GuzzleHttp\\Handler\\CurlFactory::finishError(Object(GuzzleHttp\\Handler\\CurlHandler), Object(GuzzleHttp\\Handler\\EasyHandle), Object(GuzzleHttp\\Handler\\CurlFactory))
#2 E:\\Productivity\\wamp64\\www\\laravel\\originality\\vendor\\guzzlehttp\\guzzle\\src\\Handler\\CurlHandler.php(47): GuzzleHttp\\Handler\\CurlFactory::finish(Object(GuzzleHttp\\Handler\\CurlHandler), Object(GuzzleHttp\\Handler\\EasyHandle), Object(GuzzleHttp\\Handler\\CurlFactory))
#3 E:\\Productivity\\wamp64\\www\\laravel\\originality\\vendor\\guzzlehttp\\guzzle\\src\\Handler\\Proxy.php(28): GuzzleHttp\\Handler\\CurlHandler->__invoke(Object(GuzzleHttp\\Psr7\\Request), Array)
#4 E:\\Productivity\\wamp64\\www\\laravel\\originality\\vendor\\guzzlehttp\\guzzle\\src\\Handler\\Proxy.php(48): GuzzleHttp\\Handler\\Proxy::GuzzleHttp\\Handler\\{closure}(Object(GuzzleHttp\\Psr7\\Request), Array)
#5 E:\\Productivity\\wamp64\\www\\laravel\\originality\\vendor\\laravel\\framework\\src\\Illuminate\\Http\\Client\\PendingRequest.php(1390): GuzzleHttp\\Handler\\Proxy::GuzzleHttp\\Handler\\{closure}(Object(GuzzleHttp\\Psr7\\Request), Array)
#6 E:\\Productivity\\wamp64\\www\\laravel\\originality\\vendor\\laravel\\framework\\src\\Illuminate\\Http\\Client\\PendingRequest.php(1356): Illuminate\\Http\\Client\\PendingRequest->Illuminate\\Http\\Client\\{closure}(Object(GuzzleHttp\\Psr7\\Request), Array)
#7 E:\\Productivity\\wamp64\\www\\laravel\\originality\\vendor\\laravel\\framework\\src\\Illuminate\\Http\\Client\\PendingRequest.php(1342): Illuminate\\Http\\Client\\PendingRequest->Illuminate\\Http\\Client\\{closure}(Object(GuzzleHttp\\Psr7\\Request), Array)
#8 E:\\Productivity\\wamp64\\www\\laravel\\originality\\vendor\\guzzlehttp\\guzzle\\src\\PrepareBodyMiddleware.php(35): Illuminate\\Http\\Client\\PendingRequest->Illuminate\\Http\\Client\\{closure}(Object(GuzzleHttp\\Psr7\\Request), Array)
#9 E:\\Productivity\\wamp64\\www\\laravel\\originality\\vendor\\guzzlehttp\\guzzle\\src\\Middleware.php(38): GuzzleHttp\\PrepareBodyMiddleware->__invoke(Object(GuzzleHttp\\Psr7\\Request), Array)
#10 E:\\Productivity\\wamp64\\www\\laravel\\originality\\vendor\\guzzlehttp\\guzzle\\src\\RedirectMiddleware.php(71): GuzzleHttp\\Middleware::GuzzleHttp\\{closure}(Object(GuzzleHttp\\Psr7\\Request), Array)
#11 E:\\Productivity\\wamp64\\www\\laravel\\originality\\vendor\\guzzlehttp\\guzzle\\src\\Middleware.php(63): GuzzleHttp\\RedirectMiddleware->__invoke(Object(GuzzleHttp\\Psr7\\Request), Array)
#12 E:\\Productivity\\wamp64\\www\\laravel\\originality\\vendor\\guzzlehttp\\guzzle\\src\\HandlerStack.php(75): GuzzleHttp\\Middleware::GuzzleHttp\\{closure}(Object(GuzzleHttp\\Psr7\\Request), Array)
#13 E:\\Productivity\\wamp64\\www\\laravel\\originality\\vendor\\guzzlehttp\\guzzle\\src\\Client.php(333): GuzzleHttp\\HandlerStack->__invoke(Object(GuzzleHttp\\Psr7\\Request), Array)
#14 E:\\Productivity\\wamp64\\www\\laravel\\originality\\vendor\\guzzlehttp\\guzzle\\src\\Client.php(169): GuzzleHttp\\Client->transfer(Object(GuzzleHttp\\Psr7\\Request), Array)
#15 E:\\Productivity\\wamp64\\www\\laravel\\originality\\vendor\\guzzlehttp\\guzzle\\src\\Client.php(189): GuzzleHttp\\Client->requestAsync('GET', Object(GuzzleHttp\\Psr7\\Uri), Array)
#16 E:\\Productivity\\wamp64\\www\\laravel\\originality\\vendor\\laravel\\framework\\src\\Illuminate\\Http\\Client\\PendingRequest.php(1188): GuzzleHttp\\Client->request('GET', 'me', Array)
#17 E:\\Productivity\\wamp64\\www\\laravel\\originality\\vendor\\laravel\\framework\\src\\Illuminate\\Http\\Client\\PendingRequest.php(933): Illuminate\\Http\\Client\\PendingRequest->sendRequest('GET', 'me', Array)
#18 E:\\Productivity\\wamp64\\www\\laravel\\originality\\vendor\\laravel\\framework\\src\\Illuminate\\Support\\helpers.php(329): Illuminate\\Http\\Client\\PendingRequest->Illuminate\\Http\\Client\\{closure}(1)
#19 E:\\Productivity\\wamp64\\www\\laravel\\originality\\vendor\\laravel\\framework\\src\\Illuminate\\Http\\Client\\PendingRequest.php(931): retry(0, Object(Closure), 100, Object(Closure))
#20 E:\\Productivity\\wamp64\\www\\laravel\\originality\\vendor\\laravel\\framework\\src\\Illuminate\\Http\\Client\\PendingRequest.php(798): Illuminate\\Http\\Client\\PendingRequest->send('GET', 'me', Array)
#21 E:\\Productivity\\wamp64\\www\\laravel\\originality\\app\\Http\\Middleware\\AuthApi.php(26): Illuminate\\Http\\Client\\PendingRequest->get('/me')
#22 E:\\Productivity\\wamp64\\www\\laravel\\originality\\vendor\\laravel\\framework\\src\\Illuminate\\Pipeline\\Pipeline.php(219): App\\Http\\Middleware\\AuthApi->handle(Object(Illuminate\\Http\\Request), Object(Closure))
#23 E:\\Productivity\\wamp64\\www\\laravel\\originality\\vendor\\laravel\\framework\\src\\Illuminate\\Routing\\Middleware\\SubstituteBindings.php(50): Illuminate\\Pipeline\\Pipeline->Illuminate\\Pipeline\\{closure}(Object(Illuminate\\Http\\Request))
#24 E:\\Productivity\\wamp64\\www\\laravel\\originality\\vendor\\laravel\\framework\\src\\Illuminate\\Pipeline\\Pipeline.php(219): Illuminate\\Routing\\Middleware\\SubstituteBindings->handle(Object(Illuminate\\Http\\Request), Object(Closure))
#25 E:\\Productivity\\wamp64\\www\\laravel\\originality\\vendor\\laravel\\framework\\src\\Illuminate\\Foundation\\Http\\Middleware\\VerifyCsrfToken.php(87): Illuminate\\Pipeline\\Pipeline->Illuminate\\Pipeline\\{closure}(Object(Illuminate\\Http\\Request))
#26 E:\\Productivity\\wamp64\\www\\laravel\\originality\\vendor\\laravel\\framework\\src\\Illuminate\\Pipeline\\Pipeline.php(219): Illuminate\\Foundation\\Http\\Middleware\\VerifyCsrfToken->handle(Object(Illuminate\\Http\\Request), Object(Closure))
#27 E:\\Productivity\\wamp64\\www\\laravel\\originality\\vendor\\laravel\\framework\\src\\Illuminate\\View\\Middleware\\ShareErrorsFromSession.php(48): Illuminate\\Pipeline\\Pipeline->Illuminate\\Pipeline\\{closure}(Object(Illuminate\\Http\\Request))
#28 E:\\Productivity\\wamp64\\www\\laravel\\originality\\vendor\\laravel\\framework\\src\\Illuminate\\Pipeline\\Pipeline.php(219): Illuminate\\View\\Middleware\\ShareErrorsFromSession->handle(Object(Illuminate\\Http\\Request), Object(Closure))
#29 E:\\Productivity\\wamp64\\www\\laravel\\originality\\vendor\\laravel\\framework\\src\\Illuminate\\Session\\Middleware\\StartSession.php(120): Illuminate\\Pipeline\\Pipeline->Illuminate\\Pipeline\\{closure}(Object(Illuminate\\Http\\Request))
#30 E:\\Productivity\\wamp64\\www\\laravel\\originality\\vendor\\laravel\\framework\\src\\Illuminate\\Session\\Middleware\\StartSession.php(63): Illuminate\\Session\\Middleware\\StartSession->handleStatefulRequest(Object(Illuminate\\Http\\Request), Object(Illuminate\\Session\\Store), Object(Closure))
#31 E:\\Productivity\\wamp64\\www\\laravel\\originality\\vendor\\laravel\\framework\\src\\Illuminate\\Pipeline\\Pipeline.php(219): Illuminate\\Session\\Middleware\\StartSession->handle(Object(Illuminate\\Http\\Request), Object(Closure))
#32 E:\\Productivity\\wamp64\\www\\laravel\\originality\\vendor\\laravel\\framework\\src\\Illuminate\\Cookie\\Middleware\\AddQueuedCookiesToResponse.php(36): Illuminate\\Pipeline\\Pipeline->Illuminate\\Pipeline\\{closure}(Object(Illuminate\\Http\\Request))
#33 E:\\Productivity\\wamp64\\www\\laravel\\originality\\vendor\\laravel\\framework\\src\\Illuminate\\Pipeline\\Pipeline.php(219): Illuminate\\Cookie\\Middleware\\AddQueuedCookiesToResponse->handle(Object(Illuminate\\Http\\Request), Object(Closure))
#34 E:\\Productivity\\wamp64\\www\\laravel\\originality\\vendor\\laravel\\framework\\src\\Illuminate\\Cookie\\Middleware\\EncryptCookies.php(74): Illuminate\\Pipeline\\Pipeline->Illuminate\\Pipeline\\{closure}(Object(Illuminate\\Http\\Request))
#35 E:\\Productivity\\wamp64\\www\\laravel\\originality\\vendor\\laravel\\framework\\src\\Illuminate\\Pipeline\\Pipeline.php(219): Illuminate\\Cookie\\Middleware\\EncryptCookies->handle(Object(Illuminate\\Http\\Request), Object(Closure))
#36 E:\\Productivity\\wamp64\\www\\laravel\\originality\\vendor\\laravel\\framework\\src\\Illuminate\\Pipeline\\Pipeline.php(137): Illuminate\\Pipeline\\Pipeline->Illuminate\\Pipeline\\{closure}(Object(Illuminate\\Http\\Request))
#37 E:\\Productivity\\wamp64\\www\\laravel\\originality\\vendor\\laravel\\framework\\src\\Illuminate\\Routing\\Router.php(821): Illuminate\\Pipeline\\Pipeline->then(Object(Closure))
#38 E:\\Productivity\\wamp64\\www\\laravel\\originality\\vendor\\laravel\\framework\\src\\Illuminate\\Routing\\Router.php(800): Illuminate\\Routing\\Router->runRouteWithinStack(Object(Illuminate\\Routing\\Route), Object(Illuminate\\Http\\Request))
#39 E:\\Productivity\\wamp64\\www\\laravel\\originality\\vendor\\laravel\\framework\\src\\Illuminate\\Routing\\Router.php(764): Illuminate\\Routing\\Router->runRoute(Object(Illuminate\\Http\\Request), Object(Illuminate\\Routing\\Route))
#40 E:\\Productivity\\wamp64\\www\\laravel\\originality\\vendor\\laravel\\framework\\src\\Illuminate\\Routing\\Router.php(753): Illuminate\\Routing\\Router->dispatchToRoute(Object(Illuminate\\Http\\Request))
#41 E:\\Productivity\\wamp64\\www\\laravel\\originality\\vendor\\laravel\\framework\\src\\Illuminate\\Foundation\\Http\\Kernel.php(200): Illuminate\\Routing\\Router->dispatch(Object(Illuminate\\Http\\Request))
#42 E:\\Productivity\\wamp64\\www\\laravel\\originality\\vendor\\laravel\\framework\\src\\Illuminate\\Pipeline\\Pipeline.php(180): Illuminate\\Foundation\\Http\\Kernel->Illuminate\\Foundation\\Http\\{closure}(Object(Illuminate\\Http\\Request))
#43 E:\\Productivity\\wamp64\\www\\laravel\\originality\\vendor\\livewire\\livewire\\src\\Features\\SupportDisablingBackButtonCache\\DisableBackButtonCacheMiddleware.php(19): Illuminate\\Pipeline\\Pipeline->Illuminate\\Pipeline\\{closure}(Object(Illuminate\\Http\\Request))
#44 E:\\Productivity\\wamp64\\www\\laravel\\originality\\vendor\\laravel\\framework\\src\\Illuminate\\Pipeline\\Pipeline.php(219): Livewire\\Features\\SupportDisablingBackButtonCache\\DisableBackButtonCacheMiddleware->handle(Object(Illuminate\\Http\\Request), Object(Closure))
#45 E:\\Productivity\\wamp64\\www\\laravel\\originality\\vendor\\laravel\\framework\\src\\Illuminate\\Foundation\\Http\\Middleware\\TransformsRequest.php(21): Illuminate\\Pipeline\\Pipeline->Illuminate\\Pipeline\\{closure}(Object(Illuminate\\Http\\Request))
#46 E:\\Productivity\\wamp64\\www\\laravel\\originality\\vendor\\laravel\\framework\\src\\Illuminate\\Foundation\\Http\\Middleware\\ConvertEmptyStringsToNull.php(31): Illuminate\\Foundation\\Http\\Middleware\\TransformsRequest->handle(Object(Illuminate\\Http\\Request), Object(Closure))
#47 E:\\Productivity\\wamp64\\www\\laravel\\originality\\vendor\\laravel\\framework\\src\\Illuminate\\Pipeline\\Pipeline.php(219): Illuminate\\Foundation\\Http\\Middleware\\ConvertEmptyStringsToNull->handle(Object(Illuminate\\Http\\Request), Object(Closure))
#48 E:\\Productivity\\wamp64\\www\\laravel\\originality\\vendor\\laravel\\framework\\src\\Illuminate\\Foundation\\Http\\Middleware\\TransformsRequest.php(21): Illuminate\\Pipeline\\Pipeline->Illuminate\\Pipeline\\{closure}(Object(Illuminate\\Http\\Request))
#49 E:\\Productivity\\wamp64\\www\\laravel\\originality\\vendor\\laravel\\framework\\src\\Illuminate\\Foundation\\Http\\Middleware\\TrimStrings.php(51): Illuminate\\Foundation\\Http\\Middleware\\TransformsRequest->handle(Object(Illuminate\\Http\\Request), Object(Closure))
#50 E:\\Productivity\\wamp64\\www\\laravel\\originality\\vendor\\laravel\\framework\\src\\Illuminate\\Pipeline\\Pipeline.php(219): Illuminate\\Foundation\\Http\\Middleware\\TrimStrings->handle(Object(Illuminate\\Http\\Request), Object(Closure))
#51 E:\\Productivity\\wamp64\\www\\laravel\\originality\\vendor\\laravel\\framework\\src\\Illuminate\\Http\\Middleware\\ValidatePostSize.php(27): Illuminate\\Pipeline\\Pipeline->Illuminate\\Pipeline\\{closure}(Object(Illuminate\\Http\\Request))
#52 E:\\Productivity\\wamp64\\www\\laravel\\originality\\vendor\\laravel\\framework\\src\\Illuminate\\Pipeline\\Pipeline.php(219): Illuminate\\Http\\Middleware\\ValidatePostSize->handle(Object(Illuminate\\Http\\Request), Object(Closure))
#53 E:\\Productivity\\wamp64\\www\\laravel\\originality\\vendor\\laravel\\framework\\src\\Illuminate\\Foundation\\Http\\Middleware\\PreventRequestsDuringMaintenance.php(109): Illuminate\\Pipeline\\Pipeline->Illuminate\\Pipeline\\{closure}(Object(Illuminate\\Http\\Request))
#54 E:\\Productivity\\wamp64\\www\\laravel\\originality\\vendor\\laravel\\framework\\src\\Illuminate\\Pipeline\\Pipeline.php(219): Illuminate\\Foundation\\Http\\Middleware\\PreventRequestsDuringMaintenance->handle(Object(Illuminate\\Http\\Request), Object(Closure))
#55 E:\\Productivity\\wamp64\\www\\laravel\\originality\\vendor\\laravel\\framework\\src\\Illuminate\\Http\\Middleware\\HandleCors.php(48): Illuminate\\Pipeline\\Pipeline->Illuminate\\Pipeline\\{closure}(Object(Illuminate\\Http\\Request))
#56 E:\\Productivity\\wamp64\\www\\laravel\\originality\\vendor\\laravel\\framework\\src\\Illuminate\\Pipeline\\Pipeline.php(219): Illuminate\\Http\\Middleware\\HandleCors->handle(Object(Illuminate\\Http\\Request), Object(Closure))
#57 E:\\Productivity\\wamp64\\www\\laravel\\originality\\vendor\\laravel\\framework\\src\\Illuminate\\Http\\Middleware\\TrustProxies.php(58): Illuminate\\Pipeline\\Pipeline->Illuminate\\Pipeline\\{closure}(Object(Illuminate\\Http\\Request))
#58 E:\\Productivity\\wamp64\\www\\laravel\\originality\\vendor\\laravel\\framework\\src\\Illuminate\\Pipeline\\Pipeline.php(219): Illuminate\\Http\\Middleware\\TrustProxies->handle(Object(Illuminate\\Http\\Request), Object(Closure))
#59 E:\\Productivity\\wamp64\\www\\laravel\\originality\\vendor\\laravel\\framework\\src\\Illuminate\\Foundation\\Http\\Middleware\\InvokeDeferredCallbacks.php(22): Illuminate\\Pipeline\\Pipeline->Illuminate\\Pipeline\\{closure}(Object(Illuminate\\Http\\Request))
#60 E:\\Productivity\\wamp64\\www\\laravel\\originality\\vendor\\laravel\\framework\\src\\Illuminate\\Pipeline\\Pipeline.php(219): Illuminate\\Foundation\\Http\\Middleware\\InvokeDeferredCallbacks->handle(Object(Illuminate\\Http\\Request), Object(Closure))
#61 E:\\Productivity\\wamp64\\www\\laravel\\originality\\vendor\\laravel\\framework\\src\\Illuminate\\Http\\Middleware\\ValidatePathEncoding.php(26): Illuminate\\Pipeline\\Pipeline->Illuminate\\Pipeline\\{closure}(Object(Illuminate\\Http\\Request))
#62 E:\\Productivity\\wamp64\\www\\laravel\\originality\\vendor\\laravel\\framework\\src\\Illuminate\\Pipeline\\Pipeline.php(219): Illuminate\\Http\\Middleware\\ValidatePathEncoding->handle(Object(Illuminate\\Http\\Request), Object(Closure))
#63 E:\\Productivity\\wamp64\\www\\laravel\\originality\\vendor\\laravel\\framework\\src\\Illuminate\\Pipeline\\Pipeline.php(137): Illuminate\\Pipeline\\Pipeline->Illuminate\\Pipeline\\{closure}(Object(Illuminate\\Http\\Request))
#64 E:\\Productivity\\wamp64\\www\\laravel\\originality\\vendor\\laravel\\framework\\src\\Illuminate\\Foundation\\Http\\Kernel.php(175): Illuminate\\Pipeline\\Pipeline->then(Object(Closure))
#65 E:\\Productivity\\wamp64\\www\\laravel\\originality\\vendor\\laravel\\framework\\src\\Illuminate\\Foundation\\Http\\Kernel.php(144): Illuminate\\Foundation\\Http\\Kernel->sendRequestThroughRouter(Object(Illuminate\\Http\\Request))
#66 E:\\Productivity\\wamp64\\www\\laravel\\originality\\vendor\\laravel\\framework\\src\\Illuminate\\Foundation\\Application.php(1220): Illuminate\\Foundation\\Http\\Kernel->handle(Object(Illuminate\\Http\\Request))
#67 E:\\Productivity\\wamp64\\www\\laravel\\originality\\public\\index.php(20): Illuminate\\Foundation\\Application->handleRequest(Object(Illuminate\\Http\\Request))
#68 E:\\Productivity\\wamp64\\www\\laravel\\originality\\vendor\\laravel\\framework\\src\\Illuminate\\Foundation\\resources\\server.php(23): require_once('E:\\\\Productivity...')
#69 {main}
"} 
[2025-09-09 06:11:50] local.ERROR: cURL error 6: Could not resolve host: me (see https://curl.haxx.se/libcurl/c/libcurl-errors.html) {"exception":"[object] (Illuminate\\Http\\Client\\ConnectionException(code: 0): cURL error 6: Could not resolve host: me (see https://curl.haxx.se/libcurl/c/libcurl-errors.html) at E:\\Productivity\\wamp64\\www\\laravel\\originality\\vendor\\laravel\\framework\\src\\Illuminate\\Http\\Client\\PendingRequest.php:1642)
[stacktrace]
#0 E:\\Productivity\\wamp64\\www\\laravel\\originality\\vendor\\laravel\\framework\\src\\Illuminate\\Http\\Client\\PendingRequest.php(968): Illuminate\\Http\\Client\\PendingRequest->marshalConnectionException(Object(GuzzleHttp\\Exception\\ConnectException))
#1 E:\\Productivity\\wamp64\\www\\laravel\\originality\\vendor\\laravel\\framework\\src\\Illuminate\\Support\\helpers.php(329): Illuminate\\Http\\Client\\PendingRequest->Illuminate\\Http\\Client\\{closure}(1)
#2 E:\\Productivity\\wamp64\\www\\laravel\\originality\\vendor\\laravel\\framework\\src\\Illuminate\\Http\\Client\\PendingRequest.php(931): retry(0, Object(Closure), 100, Object(Closure))
#3 E:\\Productivity\\wamp64\\www\\laravel\\originality\\vendor\\laravel\\framework\\src\\Illuminate\\Http\\Client\\PendingRequest.php(798): Illuminate\\Http\\Client\\PendingRequest->send('GET', 'me', Array)
#4 E:\\Productivity\\wamp64\\www\\laravel\\originality\\app\\Http\\Middleware\\AuthApi.php(26): Illuminate\\Http\\Client\\PendingRequest->get('/me')
#5 E:\\Productivity\\wamp64\\www\\laravel\\originality\\vendor\\laravel\\framework\\src\\Illuminate\\Pipeline\\Pipeline.php(219): App\\Http\\Middleware\\AuthApi->handle(Object(Illuminate\\Http\\Request), Object(Closure))
#6 E:\\Productivity\\wamp64\\www\\laravel\\originality\\vendor\\laravel\\framework\\src\\Illuminate\\Routing\\Middleware\\SubstituteBindings.php(50): Illuminate\\Pipeline\\Pipeline->Illuminate\\Pipeline\\{closure}(Object(Illuminate\\Http\\Request))
#7 E:\\Productivity\\wamp64\\www\\laravel\\originality\\vendor\\laravel\\framework\\src\\Illuminate\\Pipeline\\Pipeline.php(219): Illuminate\\Routing\\Middleware\\SubstituteBindings->handle(Object(Illuminate\\Http\\Request), Object(Closure))
#8 E:\\Productivity\\wamp64\\www\\laravel\\originality\\vendor\\laravel\\framework\\src\\Illuminate\\Foundation\\Http\\Middleware\\VerifyCsrfToken.php(87): Illuminate\\Pipeline\\Pipeline->Illuminate\\Pipeline\\{closure}(Object(Illuminate\\Http\\Request))
#9 E:\\Productivity\\wamp64\\www\\laravel\\originality\\vendor\\laravel\\framework\\src\\Illuminate\\Pipeline\\Pipeline.php(219): Illuminate\\Foundation\\Http\\Middleware\\VerifyCsrfToken->handle(Object(Illuminate\\Http\\Request), Object(Closure))
#10 E:\\Productivity\\wamp64\\www\\laravel\\originality\\vendor\\laravel\\framework\\src\\Illuminate\\View\\Middleware\\ShareErrorsFromSession.php(48): Illuminate\\Pipeline\\Pipeline->Illuminate\\Pipeline\\{closure}(Object(Illuminate\\Http\\Request))
#11 E:\\Productivity\\wamp64\\www\\laravel\\originality\\vendor\\laravel\\framework\\src\\Illuminate\\Pipeline\\Pipeline.php(219): Illuminate\\View\\Middleware\\ShareErrorsFromSession->handle(Object(Illuminate\\Http\\Request), Object(Closure))
#12 E:\\Productivity\\wamp64\\www\\laravel\\originality\\vendor\\laravel\\framework\\src\\Illuminate\\Session\\Middleware\\StartSession.php(120): Illuminate\\Pipeline\\Pipeline->Illuminate\\Pipeline\\{closure}(Object(Illuminate\\Http\\Request))
#13 E:\\Productivity\\wamp64\\www\\laravel\\originality\\vendor\\laravel\\framework\\src\\Illuminate\\Session\\Middleware\\StartSession.php(63): Illuminate\\Session\\Middleware\\StartSession->handleStatefulRequest(Object(Illuminate\\Http\\Request), Object(Illuminate\\Session\\Store), Object(Closure))
#14 E:\\Productivity\\wamp64\\www\\laravel\\originality\\vendor\\laravel\\framework\\src\\Illuminate\\Pipeline\\Pipeline.php(219): Illuminate\\Session\\Middleware\\StartSession->handle(Object(Illuminate\\Http\\Request), Object(Closure))
#15 E:\\Productivity\\wamp64\\www\\laravel\\originality\\vendor\\laravel\\framework\\src\\Illuminate\\Cookie\\Middleware\\AddQueuedCookiesToResponse.php(36): Illuminate\\Pipeline\\Pipeline->Illuminate\\Pipeline\\{closure}(Object(Illuminate\\Http\\Request))
#16 E:\\Productivity\\wamp64\\www\\laravel\\originality\\vendor\\laravel\\framework\\src\\Illuminate\\Pipeline\\Pipeline.php(219): Illuminate\\Cookie\\Middleware\\AddQueuedCookiesToResponse->handle(Object(Illuminate\\Http\\Request), Object(Closure))
#17 E:\\Productivity\\wamp64\\www\\laravel\\originality\\vendor\\laravel\\framework\\src\\Illuminate\\Cookie\\Middleware\\EncryptCookies.php(74): Illuminate\\Pipeline\\Pipeline->Illuminate\\Pipeline\\{closure}(Object(Illuminate\\Http\\Request))
#18 E:\\Productivity\\wamp64\\www\\laravel\\originality\\vendor\\laravel\\framework\\src\\Illuminate\\Pipeline\\Pipeline.php(219): Illuminate\\Cookie\\Middleware\\EncryptCookies->handle(Object(Illuminate\\Http\\Request), Object(Closure))
#19 E:\\Productivity\\wamp64\\www\\laravel\\originality\\vendor\\laravel\\framework\\src\\Illuminate\\Pipeline\\Pipeline.php(137): Illuminate\\Pipeline\\Pipeline->Illuminate\\Pipeline\\{closure}(Object(Illuminate\\Http\\Request))
#20 E:\\Productivity\\wamp64\\www\\laravel\\originality\\vendor\\laravel\\framework\\src\\Illuminate\\Routing\\Router.php(821): Illuminate\\Pipeline\\Pipeline->then(Object(Closure))
#21 E:\\Productivity\\wamp64\\www\\laravel\\originality\\vendor\\laravel\\framework\\src\\Illuminate\\Routing\\Router.php(800): Illuminate\\Routing\\Router->runRouteWithinStack(Object(Illuminate\\Routing\\Route), Object(Illuminate\\Http\\Request))
#22 E:\\Productivity\\wamp64\\www\\laravel\\originality\\vendor\\laravel\\framework\\src\\Illuminate\\Routing\\Router.php(764): Illuminate\\Routing\\Router->runRoute(Object(Illuminate\\Http\\Request), Object(Illuminate\\Routing\\Route))
#23 E:\\Productivity\\wamp64\\www\\laravel\\originality\\vendor\\laravel\\framework\\src\\Illuminate\\Routing\\Router.php(753): Illuminate\\Routing\\Router->dispatchToRoute(Object(Illuminate\\Http\\Request))
#24 E:\\Productivity\\wamp64\\www\\laravel\\originality\\vendor\\laravel\\framework\\src\\Illuminate\\Foundation\\Http\\Kernel.php(200): Illuminate\\Routing\\Router->dispatch(Object(Illuminate\\Http\\Request))
#25 E:\\Productivity\\wamp64\\www\\laravel\\originality\\vendor\\laravel\\framework\\src\\Illuminate\\Pipeline\\Pipeline.php(180): Illuminate\\Foundation\\Http\\Kernel->Illuminate\\Foundation\\Http\\{closure}(Object(Illuminate\\Http\\Request))
#26 E:\\Productivity\\wamp64\\www\\laravel\\originality\\vendor\\livewire\\livewire\\src\\Features\\SupportDisablingBackButtonCache\\DisableBackButtonCacheMiddleware.php(19): Illuminate\\Pipeline\\Pipeline->Illuminate\\Pipeline\\{closure}(Object(Illuminate\\Http\\Request))
#27 E:\\Productivity\\wamp64\\www\\laravel\\originality\\vendor\\laravel\\framework\\src\\Illuminate\\Pipeline\\Pipeline.php(219): Livewire\\Features\\SupportDisablingBackButtonCache\\DisableBackButtonCacheMiddleware->handle(Object(Illuminate\\Http\\Request), Object(Closure))
#28 E:\\Productivity\\wamp64\\www\\laravel\\originality\\vendor\\laravel\\framework\\src\\Illuminate\\Foundation\\Http\\Middleware\\TransformsRequest.php(21): Illuminate\\Pipeline\\Pipeline->Illuminate\\Pipeline\\{closure}(Object(Illuminate\\Http\\Request))
#29 E:\\Productivity\\wamp64\\www\\laravel\\originality\\vendor\\laravel\\framework\\src\\Illuminate\\Foundation\\Http\\Middleware\\ConvertEmptyStringsToNull.php(31): Illuminate\\Foundation\\Http\\Middleware\\TransformsRequest->handle(Object(Illuminate\\Http\\Request), Object(Closure))
#30 E:\\Productivity\\wamp64\\www\\laravel\\originality\\vendor\\laravel\\framework\\src\\Illuminate\\Pipeline\\Pipeline.php(219): Illuminate\\Foundation\\Http\\Middleware\\ConvertEmptyStringsToNull->handle(Object(Illuminate\\Http\\Request), Object(Closure))
#31 E:\\Productivity\\wamp64\\www\\laravel\\originality\\vendor\\laravel\\framework\\src\\Illuminate\\Foundation\\Http\\Middleware\\TransformsRequest.php(21): Illuminate\\Pipeline\\Pipeline->Illuminate\\Pipeline\\{closure}(Object(Illuminate\\Http\\Request))
#32 E:\\Productivity\\wamp64\\www\\laravel\\originality\\vendor\\laravel\\framework\\src\\Illuminate\\Foundation\\Http\\Middleware\\TrimStrings.php(51): Illuminate\\Foundation\\Http\\Middleware\\TransformsRequest->handle(Object(Illuminate\\Http\\Request), Object(Closure))
#33 E:\\Productivity\\wamp64\\www\\laravel\\originality\\vendor\\laravel\\framework\\src\\Illuminate\\Pipeline\\Pipeline.php(219): Illuminate\\Foundation\\Http\\Middleware\\TrimStrings->handle(Object(Illuminate\\Http\\Request), Object(Closure))
#34 E:\\Productivity\\wamp64\\www\\laravel\\originality\\vendor\\laravel\\framework\\src\\Illuminate\\Http\\Middleware\\ValidatePostSize.php(27): Illuminate\\Pipeline\\Pipeline->Illuminate\\Pipeline\\{closure}(Object(Illuminate\\Http\\Request))
#35 E:\\Productivity\\wamp64\\www\\laravel\\originality\\vendor\\laravel\\framework\\src\\Illuminate\\Pipeline\\Pipeline.php(219): Illuminate\\Http\\Middleware\\ValidatePostSize->handle(Object(Illuminate\\Http\\Request), Object(Closure))
#36 E:\\Productivity\\wamp64\\www\\laravel\\originality\\vendor\\laravel\\framework\\src\\Illuminate\\Foundation\\Http\\Middleware\\PreventRequestsDuringMaintenance.php(109): Illuminate\\Pipeline\\Pipeline->Illuminate\\Pipeline\\{closure}(Object(Illuminate\\Http\\Request))
#37 E:\\Productivity\\wamp64\\www\\laravel\\originality\\vendor\\laravel\\framework\\src\\Illuminate\\Pipeline\\Pipeline.php(219): Illuminate\\Foundation\\Http\\Middleware\\PreventRequestsDuringMaintenance->handle(Object(Illuminate\\Http\\Request), Object(Closure))
#38 E:\\Productivity\\wamp64\\www\\laravel\\originality\\vendor\\laravel\\framework\\src\\Illuminate\\Http\\Middleware\\HandleCors.php(48): Illuminate\\Pipeline\\Pipeline->Illuminate\\Pipeline\\{closure}(Object(Illuminate\\Http\\Request))
#39 E:\\Productivity\\wamp64\\www\\laravel\\originality\\vendor\\laravel\\framework\\src\\Illuminate\\Pipeline\\Pipeline.php(219): Illuminate\\Http\\Middleware\\HandleCors->handle(Object(Illuminate\\Http\\Request), Object(Closure))
#40 E:\\Productivity\\wamp64\\www\\laravel\\originality\\vendor\\laravel\\framework\\src\\Illuminate\\Http\\Middleware\\TrustProxies.php(58): Illuminate\\Pipeline\\Pipeline->Illuminate\\Pipeline\\{closure}(Object(Illuminate\\Http\\Request))
#41 E:\\Productivity\\wamp64\\www\\laravel\\originality\\vendor\\laravel\\framework\\src\\Illuminate\\Pipeline\\Pipeline.php(219): Illuminate\\Http\\Middleware\\TrustProxies->handle(Object(Illuminate\\Http\\Request), Object(Closure))
#42 E:\\Productivity\\wamp64\\www\\laravel\\originality\\vendor\\laravel\\framework\\src\\Illuminate\\Foundation\\Http\\Middleware\\InvokeDeferredCallbacks.php(22): Illuminate\\Pipeline\\Pipeline->Illuminate\\Pipeline\\{closure}(Object(Illuminate\\Http\\Request))
#43 E:\\Productivity\\wamp64\\www\\laravel\\originality\\vendor\\laravel\\framework\\src\\Illuminate\\Pipeline\\Pipeline.php(219): Illuminate\\Foundation\\Http\\Middleware\\InvokeDeferredCallbacks->handle(Object(Illuminate\\Http\\Request), Object(Closure))
#44 E:\\Productivity\\wamp64\\www\\laravel\\originality\\vendor\\laravel\\framework\\src\\Illuminate\\Http\\Middleware\\ValidatePathEncoding.php(26): Illuminate\\Pipeline\\Pipeline->Illuminate\\Pipeline\\{closure}(Object(Illuminate\\Http\\Request))
#45 E:\\Productivity\\wamp64\\www\\laravel\\originality\\vendor\\laravel\\framework\\src\\Illuminate\\Pipeline\\Pipeline.php(219): Illuminate\\Http\\Middleware\\ValidatePathEncoding->handle(Object(Illuminate\\Http\\Request), Object(Closure))
#46 E:\\Productivity\\wamp64\\www\\laravel\\originality\\vendor\\laravel\\framework\\src\\Illuminate\\Pipeline\\Pipeline.php(137): Illuminate\\Pipeline\\Pipeline->Illuminate\\Pipeline\\{closure}(Object(Illuminate\\Http\\Request))
#47 E:\\Productivity\\wamp64\\www\\laravel\\originality\\vendor\\laravel\\framework\\src\\Illuminate\\Foundation\\Http\\Kernel.php(175): Illuminate\\Pipeline\\Pipeline->then(Object(Closure))
#48 E:\\Productivity\\wamp64\\www\\laravel\\originality\\vendor\\laravel\\framework\\src\\Illuminate\\Foundation\\Http\\Kernel.php(144): Illuminate\\Foundation\\Http\\Kernel->sendRequestThroughRouter(Object(Illuminate\\Http\\Request))
#49 E:\\Productivity\\wamp64\\www\\laravel\\originality\\vendor\\laravel\\framework\\src\\Illuminate\\Foundation\\Application.php(1220): Illuminate\\Foundation\\Http\\Kernel->handle(Object(Illuminate\\Http\\Request))
#50 E:\\Productivity\\wamp64\\www\\laravel\\originality\\public\\index.php(20): Illuminate\\Foundation\\Application->handleRequest(Object(Illuminate\\Http\\Request))
#51 E:\\Productivity\\wamp64\\www\\laravel\\originality\\vendor\\laravel\\framework\\src\\Illuminate\\Foundation\\resources\\server.php(23): require_once('E:\\\\Productivity...')
#52 {main}

[previous exception] [object] (GuzzleHttp\\Exception\\ConnectException(code: 0): cURL error 6: Could not resolve host: me (see https://curl.haxx.se/libcurl/c/libcurl-errors.html) at E:\\Productivity\\wamp64\\www\\laravel\\originality\\vendor\\guzzlehttp\\guzzle\\src\\Handler\\CurlFactory.php:277)
[stacktrace]
#0 E:\\Productivity\\wamp64\\www\\laravel\\originality\\vendor\\guzzlehttp\\guzzle\\src\\Handler\\CurlFactory.php(207): GuzzleHttp\\Handler\\CurlFactory::createRejection(Object(GuzzleHttp\\Handler\\EasyHandle), Array)
#1 E:\\Productivity\\wamp64\\www\\laravel\\originality\\vendor\\guzzlehttp\\guzzle\\src\\Handler\\CurlFactory.php(159): GuzzleHttp\\Handler\\CurlFactory::finishError(Object(GuzzleHttp\\Handler\\CurlHandler), Object(GuzzleHttp\\Handler\\EasyHandle), Object(GuzzleHttp\\Handler\\CurlFactory))
#2 E:\\Productivity\\wamp64\\www\\laravel\\originality\\vendor\\guzzlehttp\\guzzle\\src\\Handler\\CurlHandler.php(47): GuzzleHttp\\Handler\\CurlFactory::finish(Object(GuzzleHttp\\Handler\\CurlHandler), Object(GuzzleHttp\\Handler\\EasyHandle), Object(GuzzleHttp\\Handler\\CurlFactory))
#3 E:\\Productivity\\wamp64\\www\\laravel\\originality\\vendor\\guzzlehttp\\guzzle\\src\\Handler\\Proxy.php(28): GuzzleHttp\\Handler\\CurlHandler->__invoke(Object(GuzzleHttp\\Psr7\\Request), Array)
#4 E:\\Productivity\\wamp64\\www\\laravel\\originality\\vendor\\guzzlehttp\\guzzle\\src\\Handler\\Proxy.php(48): GuzzleHttp\\Handler\\Proxy::GuzzleHttp\\Handler\\{closure}(Object(GuzzleHttp\\Psr7\\Request), Array)
#5 E:\\Productivity\\wamp64\\www\\laravel\\originality\\vendor\\laravel\\framework\\src\\Illuminate\\Http\\Client\\PendingRequest.php(1390): GuzzleHttp\\Handler\\Proxy::GuzzleHttp\\Handler\\{closure}(Object(GuzzleHttp\\Psr7\\Request), Array)
#6 E:\\Productivity\\wamp64\\www\\laravel\\originality\\vendor\\laravel\\framework\\src\\Illuminate\\Http\\Client\\PendingRequest.php(1356): Illuminate\\Http\\Client\\PendingRequest->Illuminate\\Http\\Client\\{closure}(Object(GuzzleHttp\\Psr7\\Request), Array)
#7 E:\\Productivity\\wamp64\\www\\laravel\\originality\\vendor\\laravel\\framework\\src\\Illuminate\\Http\\Client\\PendingRequest.php(1342): Illuminate\\Http\\Client\\PendingRequest->Illuminate\\Http\\Client\\{closure}(Object(GuzzleHttp\\Psr7\\Request), Array)
#8 E:\\Productivity\\wamp64\\www\\laravel\\originality\\vendor\\guzzlehttp\\guzzle\\src\\PrepareBodyMiddleware.php(35): Illuminate\\Http\\Client\\PendingRequest->Illuminate\\Http\\Client\\{closure}(Object(GuzzleHttp\\Psr7\\Request), Array)
#9 E:\\Productivity\\wamp64\\www\\laravel\\originality\\vendor\\guzzlehttp\\guzzle\\src\\Middleware.php(38): GuzzleHttp\\PrepareBodyMiddleware->__invoke(Object(GuzzleHttp\\Psr7\\Request), Array)
#10 E:\\Productivity\\wamp64\\www\\laravel\\originality\\vendor\\guzzlehttp\\guzzle\\src\\RedirectMiddleware.php(71): GuzzleHttp\\Middleware::GuzzleHttp\\{closure}(Object(GuzzleHttp\\Psr7\\Request), Array)
#11 E:\\Productivity\\wamp64\\www\\laravel\\originality\\vendor\\guzzlehttp\\guzzle\\src\\Middleware.php(63): GuzzleHttp\\RedirectMiddleware->__invoke(Object(GuzzleHttp\\Psr7\\Request), Array)
#12 E:\\Productivity\\wamp64\\www\\laravel\\originality\\vendor\\guzzlehttp\\guzzle\\src\\HandlerStack.php(75): GuzzleHttp\\Middleware::GuzzleHttp\\{closure}(Object(GuzzleHttp\\Psr7\\Request), Array)
#13 E:\\Productivity\\wamp64\\www\\laravel\\originality\\vendor\\guzzlehttp\\guzzle\\src\\Client.php(333): GuzzleHttp\\HandlerStack->__invoke(Object(GuzzleHttp\\Psr7\\Request), Array)
#14 E:\\Productivity\\wamp64\\www\\laravel\\originality\\vendor\\guzzlehttp\\guzzle\\src\\Client.php(169): GuzzleHttp\\Client->transfer(Object(GuzzleHttp\\Psr7\\Request), Array)
#15 E:\\Productivity\\wamp64\\www\\laravel\\originality\\vendor\\guzzlehttp\\guzzle\\src\\Client.php(189): GuzzleHttp\\Client->requestAsync('GET', Object(GuzzleHttp\\Psr7\\Uri), Array)
#16 E:\\Productivity\\wamp64\\www\\laravel\\originality\\vendor\\laravel\\framework\\src\\Illuminate\\Http\\Client\\PendingRequest.php(1188): GuzzleHttp\\Client->request('GET', 'me', Array)
#17 E:\\Productivity\\wamp64\\www\\laravel\\originality\\vendor\\laravel\\framework\\src\\Illuminate\\Http\\Client\\PendingRequest.php(933): Illuminate\\Http\\Client\\PendingRequest->sendRequest('GET', 'me', Array)
#18 E:\\Productivity\\wamp64\\www\\laravel\\originality\\vendor\\laravel\\framework\\src\\Illuminate\\Support\\helpers.php(329): Illuminate\\Http\\Client\\PendingRequest->Illuminate\\Http\\Client\\{closure}(1)
#19 E:\\Productivity\\wamp64\\www\\laravel\\originality\\vendor\\laravel\\framework\\src\\Illuminate\\Http\\Client\\PendingRequest.php(931): retry(0, Object(Closure), 100, Object(Closure))
#20 E:\\Productivity\\wamp64\\www\\laravel\\originality\\vendor\\laravel\\framework\\src\\Illuminate\\Http\\Client\\PendingRequest.php(798): Illuminate\\Http\\Client\\PendingRequest->send('GET', 'me', Array)
#21 E:\\Productivity\\wamp64\\www\\laravel\\originality\\app\\Http\\Middleware\\AuthApi.php(26): Illuminate\\Http\\Client\\PendingRequest->get('/me')
#22 E:\\Productivity\\wamp64\\www\\laravel\\originality\\vendor\\laravel\\framework\\src\\Illuminate\\Pipeline\\Pipeline.php(219): App\\Http\\Middleware\\AuthApi->handle(Object(Illuminate\\Http\\Request), Object(Closure))
#23 E:\\Productivity\\wamp64\\www\\laravel\\originality\\vendor\\laravel\\framework\\src\\Illuminate\\Routing\\Middleware\\SubstituteBindings.php(50): Illuminate\\Pipeline\\Pipeline->Illuminate\\Pipeline\\{closure}(Object(Illuminate\\Http\\Request))
#24 E:\\Productivity\\wamp64\\www\\laravel\\originality\\vendor\\laravel\\framework\\src\\Illuminate\\Pipeline\\Pipeline.php(219): Illuminate\\Routing\\Middleware\\SubstituteBindings->handle(Object(Illuminate\\Http\\Request), Object(Closure))
#25 E:\\Productivity\\wamp64\\www\\laravel\\originality\\vendor\\laravel\\framework\\src\\Illuminate\\Foundation\\Http\\Middleware\\VerifyCsrfToken.php(87): Illuminate\\Pipeline\\Pipeline->Illuminate\\Pipeline\\{closure}(Object(Illuminate\\Http\\Request))
#26 E:\\Productivity\\wamp64\\www\\laravel\\originality\\vendor\\laravel\\framework\\src\\Illuminate\\Pipeline\\Pipeline.php(219): Illuminate\\Foundation\\Http\\Middleware\\VerifyCsrfToken->handle(Object(Illuminate\\Http\\Request), Object(Closure))
#27 E:\\Productivity\\wamp64\\www\\laravel\\originality\\vendor\\laravel\\framework\\src\\Illuminate\\View\\Middleware\\ShareErrorsFromSession.php(48): Illuminate\\Pipeline\\Pipeline->Illuminate\\Pipeline\\{closure}(Object(Illuminate\\Http\\Request))
#28 E:\\Productivity\\wamp64\\www\\laravel\\originality\\vendor\\laravel\\framework\\src\\Illuminate\\Pipeline\\Pipeline.php(219): Illuminate\\View\\Middleware\\ShareErrorsFromSession->handle(Object(Illuminate\\Http\\Request), Object(Closure))
#29 E:\\Productivity\\wamp64\\www\\laravel\\originality\\vendor\\laravel\\framework\\src\\Illuminate\\Session\\Middleware\\StartSession.php(120): Illuminate\\Pipeline\\Pipeline->Illuminate\\Pipeline\\{closure}(Object(Illuminate\\Http\\Request))
#30 E:\\Productivity\\wamp64\\www\\laravel\\originality\\vendor\\laravel\\framework\\src\\Illuminate\\Session\\Middleware\\StartSession.php(63): Illuminate\\Session\\Middleware\\StartSession->handleStatefulRequest(Object(Illuminate\\Http\\Request), Object(Illuminate\\Session\\Store), Object(Closure))
#31 E:\\Productivity\\wamp64\\www\\laravel\\originality\\vendor\\laravel\\framework\\src\\Illuminate\\Pipeline\\Pipeline.php(219): Illuminate\\Session\\Middleware\\StartSession->handle(Object(Illuminate\\Http\\Request), Object(Closure))
#32 E:\\Productivity\\wamp64\\www\\laravel\\originality\\vendor\\laravel\\framework\\src\\Illuminate\\Cookie\\Middleware\\AddQueuedCookiesToResponse.php(36): Illuminate\\Pipeline\\Pipeline->Illuminate\\Pipeline\\{closure}(Object(Illuminate\\Http\\Request))
#33 E:\\Productivity\\wamp64\\www\\laravel\\originality\\vendor\\laravel\\framework\\src\\Illuminate\\Pipeline\\Pipeline.php(219): Illuminate\\Cookie\\Middleware\\AddQueuedCookiesToResponse->handle(Object(Illuminate\\Http\\Request), Object(Closure))
#34 E:\\Productivity\\wamp64\\www\\laravel\\originality\\vendor\\laravel\\framework\\src\\Illuminate\\Cookie\\Middleware\\EncryptCookies.php(74): Illuminate\\Pipeline\\Pipeline->Illuminate\\Pipeline\\{closure}(Object(Illuminate\\Http\\Request))
#35 E:\\Productivity\\wamp64\\www\\laravel\\originality\\vendor\\laravel\\framework\\src\\Illuminate\\Pipeline\\Pipeline.php(219): Illuminate\\Cookie\\Middleware\\EncryptCookies->handle(Object(Illuminate\\Http\\Request), Object(Closure))
#36 E:\\Productivity\\wamp64\\www\\laravel\\originality\\vendor\\laravel\\framework\\src\\Illuminate\\Pipeline\\Pipeline.php(137): Illuminate\\Pipeline\\Pipeline->Illuminate\\Pipeline\\{closure}(Object(Illuminate\\Http\\Request))
#37 E:\\Productivity\\wamp64\\www\\laravel\\originality\\vendor\\laravel\\framework\\src\\Illuminate\\Routing\\Router.php(821): Illuminate\\Pipeline\\Pipeline->then(Object(Closure))
#38 E:\\Productivity\\wamp64\\www\\laravel\\originality\\vendor\\laravel\\framework\\src\\Illuminate\\Routing\\Router.php(800): Illuminate\\Routing\\Router->runRouteWithinStack(Object(Illuminate\\Routing\\Route), Object(Illuminate\\Http\\Request))
#39 E:\\Productivity\\wamp64\\www\\laravel\\originality\\vendor\\laravel\\framework\\src\\Illuminate\\Routing\\Router.php(764): Illuminate\\Routing\\Router->runRoute(Object(Illuminate\\Http\\Request), Object(Illuminate\\Routing\\Route))
#40 E:\\Productivity\\wamp64\\www\\laravel\\originality\\vendor\\laravel\\framework\\src\\Illuminate\\Routing\\Router.php(753): Illuminate\\Routing\\Router->dispatchToRoute(Object(Illuminate\\Http\\Request))
#41 E:\\Productivity\\wamp64\\www\\laravel\\originality\\vendor\\laravel\\framework\\src\\Illuminate\\Foundation\\Http\\Kernel.php(200): Illuminate\\Routing\\Router->dispatch(Object(Illuminate\\Http\\Request))
#42 E:\\Productivity\\wamp64\\www\\laravel\\originality\\vendor\\laravel\\framework\\src\\Illuminate\\Pipeline\\Pipeline.php(180): Illuminate\\Foundation\\Http\\Kernel->Illuminate\\Foundation\\Http\\{closure}(Object(Illuminate\\Http\\Request))
#43 E:\\Productivity\\wamp64\\www\\laravel\\originality\\vendor\\livewire\\livewire\\src\\Features\\SupportDisablingBackButtonCache\\DisableBackButtonCacheMiddleware.php(19): Illuminate\\Pipeline\\Pipeline->Illuminate\\Pipeline\\{closure}(Object(Illuminate\\Http\\Request))
#44 E:\\Productivity\\wamp64\\www\\laravel\\originality\\vendor\\laravel\\framework\\src\\Illuminate\\Pipeline\\Pipeline.php(219): Livewire\\Features\\SupportDisablingBackButtonCache\\DisableBackButtonCacheMiddleware->handle(Object(Illuminate\\Http\\Request), Object(Closure))
#45 E:\\Productivity\\wamp64\\www\\laravel\\originality\\vendor\\laravel\\framework\\src\\Illuminate\\Foundation\\Http\\Middleware\\TransformsRequest.php(21): Illuminate\\Pipeline\\Pipeline->Illuminate\\Pipeline\\{closure}(Object(Illuminate\\Http\\Request))
#46 E:\\Productivity\\wamp64\\www\\laravel\\originality\\vendor\\laravel\\framework\\src\\Illuminate\\Foundation\\Http\\Middleware\\ConvertEmptyStringsToNull.php(31): Illuminate\\Foundation\\Http\\Middleware\\TransformsRequest->handle(Object(Illuminate\\Http\\Request), Object(Closure))
#47 E:\\Productivity\\wamp64\\www\\laravel\\originality\\vendor\\laravel\\framework\\src\\Illuminate\\Pipeline\\Pipeline.php(219): Illuminate\\Foundation\\Http\\Middleware\\ConvertEmptyStringsToNull->handle(Object(Illuminate\\Http\\Request), Object(Closure))
#48 E:\\Productivity\\wamp64\\www\\laravel\\originality\\vendor\\laravel\\framework\\src\\Illuminate\\Foundation\\Http\\Middleware\\TransformsRequest.php(21): Illuminate\\Pipeline\\Pipeline->Illuminate\\Pipeline\\{closure}(Object(Illuminate\\Http\\Request))
#49 E:\\Productivity\\wamp64\\www\\laravel\\originality\\vendor\\laravel\\framework\\src\\Illuminate\\Foundation\\Http\\Middleware\\TrimStrings.php(51): Illuminate\\Foundation\\Http\\Middleware\\TransformsRequest->handle(Object(Illuminate\\Http\\Request), Object(Closure))
#50 E:\\Productivity\\wamp64\\www\\laravel\\originality\\vendor\\laravel\\framework\\src\\Illuminate\\Pipeline\\Pipeline.php(219): Illuminate\\Foundation\\Http\\Middleware\\TrimStrings->handle(Object(Illuminate\\Http\\Request), Object(Closure))
#51 E:\\Productivity\\wamp64\\www\\laravel\\originality\\vendor\\laravel\\framework\\src\\Illuminate\\Http\\Middleware\\ValidatePostSize.php(27): Illuminate\\Pipeline\\Pipeline->Illuminate\\Pipeline\\{closure}(Object(Illuminate\\Http\\Request))
#52 E:\\Productivity\\wamp64\\www\\laravel\\originality\\vendor\\laravel\\framework\\src\\Illuminate\\Pipeline\\Pipeline.php(219): Illuminate\\Http\\Middleware\\ValidatePostSize->handle(Object(Illuminate\\Http\\Request), Object(Closure))
#53 E:\\Productivity\\wamp64\\www\\laravel\\originality\\vendor\\laravel\\framework\\src\\Illuminate\\Foundation\\Http\\Middleware\\PreventRequestsDuringMaintenance.php(109): Illuminate\\Pipeline\\Pipeline->Illuminate\\Pipeline\\{closure}(Object(Illuminate\\Http\\Request))
#54 E:\\Productivity\\wamp64\\www\\laravel\\originality\\vendor\\laravel\\framework\\src\\Illuminate\\Pipeline\\Pipeline.php(219): Illuminate\\Foundation\\Http\\Middleware\\PreventRequestsDuringMaintenance->handle(Object(Illuminate\\Http\\Request), Object(Closure))
#55 E:\\Productivity\\wamp64\\www\\laravel\\originality\\vendor\\laravel\\framework\\src\\Illuminate\\Http\\Middleware\\HandleCors.php(48): Illuminate\\Pipeline\\Pipeline->Illuminate\\Pipeline\\{closure}(Object(Illuminate\\Http\\Request))
#56 E:\\Productivity\\wamp64\\www\\laravel\\originality\\vendor\\laravel\\framework\\src\\Illuminate\\Pipeline\\Pipeline.php(219): Illuminate\\Http\\Middleware\\HandleCors->handle(Object(Illuminate\\Http\\Request), Object(Closure))
#57 E:\\Productivity\\wamp64\\www\\laravel\\originality\\vendor\\laravel\\framework\\src\\Illuminate\\Http\\Middleware\\TrustProxies.php(58): Illuminate\\Pipeline\\Pipeline->Illuminate\\Pipeline\\{closure}(Object(Illuminate\\Http\\Request))
#58 E:\\Productivity\\wamp64\\www\\laravel\\originality\\vendor\\laravel\\framework\\src\\Illuminate\\Pipeline\\Pipeline.php(219): Illuminate\\Http\\Middleware\\TrustProxies->handle(Object(Illuminate\\Http\\Request), Object(Closure))
#59 E:\\Productivity\\wamp64\\www\\laravel\\originality\\vendor\\laravel\\framework\\src\\Illuminate\\Foundation\\Http\\Middleware\\InvokeDeferredCallbacks.php(22): Illuminate\\Pipeline\\Pipeline->Illuminate\\Pipeline\\{closure}(Object(Illuminate\\Http\\Request))
#60 E:\\Productivity\\wamp64\\www\\laravel\\originality\\vendor\\laravel\\framework\\src\\Illuminate\\Pipeline\\Pipeline.php(219): Illuminate\\Foundation\\Http\\Middleware\\InvokeDeferredCallbacks->handle(Object(Illuminate\\Http\\Request), Object(Closure))
#61 E:\\Productivity\\wamp64\\www\\laravel\\originality\\vendor\\laravel\\framework\\src\\Illuminate\\Http\\Middleware\\ValidatePathEncoding.php(26): Illuminate\\Pipeline\\Pipeline->Illuminate\\Pipeline\\{closure}(Object(Illuminate\\Http\\Request))
#62 E:\\Productivity\\wamp64\\www\\laravel\\originality\\vendor\\laravel\\framework\\src\\Illuminate\\Pipeline\\Pipeline.php(219): Illuminate\\Http\\Middleware\\ValidatePathEncoding->handle(Object(Illuminate\\Http\\Request), Object(Closure))
#63 E:\\Productivity\\wamp64\\www\\laravel\\originality\\vendor\\laravel\\framework\\src\\Illuminate\\Pipeline\\Pipeline.php(137): Illuminate\\Pipeline\\Pipeline->Illuminate\\Pipeline\\{closure}(Object(Illuminate\\Http\\Request))
#64 E:\\Productivity\\wamp64\\www\\laravel\\originality\\vendor\\laravel\\framework\\src\\Illuminate\\Foundation\\Http\\Kernel.php(175): Illuminate\\Pipeline\\Pipeline->then(Object(Closure))
#65 E:\\Productivity\\wamp64\\www\\laravel\\originality\\vendor\\laravel\\framework\\src\\Illuminate\\Foundation\\Http\\Kernel.php(144): Illuminate\\Foundation\\Http\\Kernel->sendRequestThroughRouter(Object(Illuminate\\Http\\Request))
#66 E:\\Productivity\\wamp64\\www\\laravel\\originality\\vendor\\laravel\\framework\\src\\Illuminate\\Foundation\\Application.php(1220): Illuminate\\Foundation\\Http\\Kernel->handle(Object(Illuminate\\Http\\Request))
#67 E:\\Productivity\\wamp64\\www\\laravel\\originality\\public\\index.php(20): Illuminate\\Foundation\\Application->handleRequest(Object(Illuminate\\Http\\Request))
#68 E:\\Productivity\\wamp64\\www\\laravel\\originality\\vendor\\laravel\\framework\\src\\Illuminate\\Foundation\\resources\\server.php(23): require_once('E:\\\\Productivity...')
#69 {main}
"} 
[2025-09-09 06:13:57] local.ERROR: cURL error 6: Could not resolve host: me (see https://curl.haxx.se/libcurl/c/libcurl-errors.html) {"exception":"[object] (Illuminate\\Http\\Client\\ConnectionException(code: 0): cURL error 6: Could not resolve host: me (see https://curl.haxx.se/libcurl/c/libcurl-errors.html) at E:\\Productivity\\wamp64\\www\\laravel\\originality\\vendor\\laravel\\framework\\src\\Illuminate\\Http\\Client\\PendingRequest.php:1642)
[stacktrace]
#0 E:\\Productivity\\wamp64\\www\\laravel\\originality\\vendor\\laravel\\framework\\src\\Illuminate\\Http\\Client\\PendingRequest.php(968): Illuminate\\Http\\Client\\PendingRequest->marshalConnectionException(Object(GuzzleHttp\\Exception\\ConnectException))
#1 E:\\Productivity\\wamp64\\www\\laravel\\originality\\vendor\\laravel\\framework\\src\\Illuminate\\Support\\helpers.php(329): Illuminate\\Http\\Client\\PendingRequest->Illuminate\\Http\\Client\\{closure}(1)
#2 E:\\Productivity\\wamp64\\www\\laravel\\originality\\vendor\\laravel\\framework\\src\\Illuminate\\Http\\Client\\PendingRequest.php(931): retry(0, Object(Closure), 100, Object(Closure))
#3 E:\\Productivity\\wamp64\\www\\laravel\\originality\\vendor\\laravel\\framework\\src\\Illuminate\\Http\\Client\\PendingRequest.php(798): Illuminate\\Http\\Client\\PendingRequest->send('GET', 'me', Array)
#4 E:\\Productivity\\wamp64\\www\\laravel\\originality\\app\\Http\\Middleware\\AuthApi.php(26): Illuminate\\Http\\Client\\PendingRequest->get('/me')
#5 E:\\Productivity\\wamp64\\www\\laravel\\originality\\vendor\\laravel\\framework\\src\\Illuminate\\Pipeline\\Pipeline.php(219): App\\Http\\Middleware\\AuthApi->handle(Object(Illuminate\\Http\\Request), Object(Closure))
#6 E:\\Productivity\\wamp64\\www\\laravel\\originality\\vendor\\laravel\\framework\\src\\Illuminate\\Routing\\Middleware\\SubstituteBindings.php(50): Illuminate\\Pipeline\\Pipeline->Illuminate\\Pipeline\\{closure}(Object(Illuminate\\Http\\Request))
#7 E:\\Productivity\\wamp64\\www\\laravel\\originality\\vendor\\laravel\\framework\\src\\Illuminate\\Pipeline\\Pipeline.php(219): Illuminate\\Routing\\Middleware\\SubstituteBindings->handle(Object(Illuminate\\Http\\Request), Object(Closure))
#8 E:\\Productivity\\wamp64\\www\\laravel\\originality\\vendor\\laravel\\framework\\src\\Illuminate\\Foundation\\Http\\Middleware\\VerifyCsrfToken.php(87): Illuminate\\Pipeline\\Pipeline->Illuminate\\Pipeline\\{closure}(Object(Illuminate\\Http\\Request))
#9 E:\\Productivity\\wamp64\\www\\laravel\\originality\\vendor\\laravel\\framework\\src\\Illuminate\\Pipeline\\Pipeline.php(219): Illuminate\\Foundation\\Http\\Middleware\\VerifyCsrfToken->handle(Object(Illuminate\\Http\\Request), Object(Closure))
#10 E:\\Productivity\\wamp64\\www\\laravel\\originality\\vendor\\laravel\\framework\\src\\Illuminate\\View\\Middleware\\ShareErrorsFromSession.php(48): Illuminate\\Pipeline\\Pipeline->Illuminate\\Pipeline\\{closure}(Object(Illuminate\\Http\\Request))
#11 E:\\Productivity\\wamp64\\www\\laravel\\originality\\vendor\\laravel\\framework\\src\\Illuminate\\Pipeline\\Pipeline.php(219): Illuminate\\View\\Middleware\\ShareErrorsFromSession->handle(Object(Illuminate\\Http\\Request), Object(Closure))
#12 E:\\Productivity\\wamp64\\www\\laravel\\originality\\vendor\\laravel\\framework\\src\\Illuminate\\Session\\Middleware\\StartSession.php(120): Illuminate\\Pipeline\\Pipeline->Illuminate\\Pipeline\\{closure}(Object(Illuminate\\Http\\Request))
#13 E:\\Productivity\\wamp64\\www\\laravel\\originality\\vendor\\laravel\\framework\\src\\Illuminate\\Session\\Middleware\\StartSession.php(63): Illuminate\\Session\\Middleware\\StartSession->handleStatefulRequest(Object(Illuminate\\Http\\Request), Object(Illuminate\\Session\\Store), Object(Closure))
#14 E:\\Productivity\\wamp64\\www\\laravel\\originality\\vendor\\laravel\\framework\\src\\Illuminate\\Pipeline\\Pipeline.php(219): Illuminate\\Session\\Middleware\\StartSession->handle(Object(Illuminate\\Http\\Request), Object(Closure))
#15 E:\\Productivity\\wamp64\\www\\laravel\\originality\\vendor\\laravel\\framework\\src\\Illuminate\\Cookie\\Middleware\\AddQueuedCookiesToResponse.php(36): Illuminate\\Pipeline\\Pipeline->Illuminate\\Pipeline\\{closure}(Object(Illuminate\\Http\\Request))
#16 E:\\Productivity\\wamp64\\www\\laravel\\originality\\vendor\\laravel\\framework\\src\\Illuminate\\Pipeline\\Pipeline.php(219): Illuminate\\Cookie\\Middleware\\AddQueuedCookiesToResponse->handle(Object(Illuminate\\Http\\Request), Object(Closure))
#17 E:\\Productivity\\wamp64\\www\\laravel\\originality\\vendor\\laravel\\framework\\src\\Illuminate\\Cookie\\Middleware\\EncryptCookies.php(74): Illuminate\\Pipeline\\Pipeline->Illuminate\\Pipeline\\{closure}(Object(Illuminate\\Http\\Request))
#18 E:\\Productivity\\wamp64\\www\\laravel\\originality\\vendor\\laravel\\framework\\src\\Illuminate\\Pipeline\\Pipeline.php(219): Illuminate\\Cookie\\Middleware\\EncryptCookies->handle(Object(Illuminate\\Http\\Request), Object(Closure))
#19 E:\\Productivity\\wamp64\\www\\laravel\\originality\\vendor\\laravel\\framework\\src\\Illuminate\\Pipeline\\Pipeline.php(137): Illuminate\\Pipeline\\Pipeline->Illuminate\\Pipeline\\{closure}(Object(Illuminate\\Http\\Request))
#20 E:\\Productivity\\wamp64\\www\\laravel\\originality\\vendor\\laravel\\framework\\src\\Illuminate\\Routing\\Router.php(821): Illuminate\\Pipeline\\Pipeline->then(Object(Closure))
#21 E:\\Productivity\\wamp64\\www\\laravel\\originality\\vendor\\laravel\\framework\\src\\Illuminate\\Routing\\Router.php(800): Illuminate\\Routing\\Router->runRouteWithinStack(Object(Illuminate\\Routing\\Route), Object(Illuminate\\Http\\Request))
#22 E:\\Productivity\\wamp64\\www\\laravel\\originality\\vendor\\laravel\\framework\\src\\Illuminate\\Routing\\Router.php(764): Illuminate\\Routing\\Router->runRoute(Object(Illuminate\\Http\\Request), Object(Illuminate\\Routing\\Route))
#23 E:\\Productivity\\wamp64\\www\\laravel\\originality\\vendor\\laravel\\framework\\src\\Illuminate\\Routing\\Router.php(753): Illuminate\\Routing\\Router->dispatchToRoute(Object(Illuminate\\Http\\Request))
#24 E:\\Productivity\\wamp64\\www\\laravel\\originality\\vendor\\laravel\\framework\\src\\Illuminate\\Foundation\\Http\\Kernel.php(200): Illuminate\\Routing\\Router->dispatch(Object(Illuminate\\Http\\Request))
#25 E:\\Productivity\\wamp64\\www\\laravel\\originality\\vendor\\laravel\\framework\\src\\Illuminate\\Pipeline\\Pipeline.php(180): Illuminate\\Foundation\\Http\\Kernel->Illuminate\\Foundation\\Http\\{closure}(Object(Illuminate\\Http\\Request))
#26 E:\\Productivity\\wamp64\\www\\laravel\\originality\\vendor\\livewire\\livewire\\src\\Features\\SupportDisablingBackButtonCache\\DisableBackButtonCacheMiddleware.php(19): Illuminate\\Pipeline\\Pipeline->Illuminate\\Pipeline\\{closure}(Object(Illuminate\\Http\\Request))
#27 E:\\Productivity\\wamp64\\www\\laravel\\originality\\vendor\\laravel\\framework\\src\\Illuminate\\Pipeline\\Pipeline.php(219): Livewire\\Features\\SupportDisablingBackButtonCache\\DisableBackButtonCacheMiddleware->handle(Object(Illuminate\\Http\\Request), Object(Closure))
#28 E:\\Productivity\\wamp64\\www\\laravel\\originality\\vendor\\laravel\\framework\\src\\Illuminate\\Foundation\\Http\\Middleware\\TransformsRequest.php(21): Illuminate\\Pipeline\\Pipeline->Illuminate\\Pipeline\\{closure}(Object(Illuminate\\Http\\Request))
#29 E:\\Productivity\\wamp64\\www\\laravel\\originality\\vendor\\laravel\\framework\\src\\Illuminate\\Foundation\\Http\\Middleware\\ConvertEmptyStringsToNull.php(31): Illuminate\\Foundation\\Http\\Middleware\\TransformsRequest->handle(Object(Illuminate\\Http\\Request), Object(Closure))
#30 E:\\Productivity\\wamp64\\www\\laravel\\originality\\vendor\\laravel\\framework\\src\\Illuminate\\Pipeline\\Pipeline.php(219): Illuminate\\Foundation\\Http\\Middleware\\ConvertEmptyStringsToNull->handle(Object(Illuminate\\Http\\Request), Object(Closure))
#31 E:\\Productivity\\wamp64\\www\\laravel\\originality\\vendor\\laravel\\framework\\src\\Illuminate\\Foundation\\Http\\Middleware\\TransformsRequest.php(21): Illuminate\\Pipeline\\Pipeline->Illuminate\\Pipeline\\{closure}(Object(Illuminate\\Http\\Request))
#32 E:\\Productivity\\wamp64\\www\\laravel\\originality\\vendor\\laravel\\framework\\src\\Illuminate\\Foundation\\Http\\Middleware\\TrimStrings.php(51): Illuminate\\Foundation\\Http\\Middleware\\TransformsRequest->handle(Object(Illuminate\\Http\\Request), Object(Closure))
#33 E:\\Productivity\\wamp64\\www\\laravel\\originality\\vendor\\laravel\\framework\\src\\Illuminate\\Pipeline\\Pipeline.php(219): Illuminate\\Foundation\\Http\\Middleware\\TrimStrings->handle(Object(Illuminate\\Http\\Request), Object(Closure))
#34 E:\\Productivity\\wamp64\\www\\laravel\\originality\\vendor\\laravel\\framework\\src\\Illuminate\\Http\\Middleware\\ValidatePostSize.php(27): Illuminate\\Pipeline\\Pipeline->Illuminate\\Pipeline\\{closure}(Object(Illuminate\\Http\\Request))
#35 E:\\Productivity\\wamp64\\www\\laravel\\originality\\vendor\\laravel\\framework\\src\\Illuminate\\Pipeline\\Pipeline.php(219): Illuminate\\Http\\Middleware\\ValidatePostSize->handle(Object(Illuminate\\Http\\Request), Object(Closure))
#36 E:\\Productivity\\wamp64\\www\\laravel\\originality\\vendor\\laravel\\framework\\src\\Illuminate\\Foundation\\Http\\Middleware\\PreventRequestsDuringMaintenance.php(109): Illuminate\\Pipeline\\Pipeline->Illuminate\\Pipeline\\{closure}(Object(Illuminate\\Http\\Request))
#37 E:\\Productivity\\wamp64\\www\\laravel\\originality\\vendor\\laravel\\framework\\src\\Illuminate\\Pipeline\\Pipeline.php(219): Illuminate\\Foundation\\Http\\Middleware\\PreventRequestsDuringMaintenance->handle(Object(Illuminate\\Http\\Request), Object(Closure))
#38 E:\\Productivity\\wamp64\\www\\laravel\\originality\\vendor\\laravel\\framework\\src\\Illuminate\\Http\\Middleware\\HandleCors.php(48): Illuminate\\Pipeline\\Pipeline->Illuminate\\Pipeline\\{closure}(Object(Illuminate\\Http\\Request))
#39 E:\\Productivity\\wamp64\\www\\laravel\\originality\\vendor\\laravel\\framework\\src\\Illuminate\\Pipeline\\Pipeline.php(219): Illuminate\\Http\\Middleware\\HandleCors->handle(Object(Illuminate\\Http\\Request), Object(Closure))
#40 E:\\Productivity\\wamp64\\www\\laravel\\originality\\vendor\\laravel\\framework\\src\\Illuminate\\Http\\Middleware\\TrustProxies.php(58): Illuminate\\Pipeline\\Pipeline->Illuminate\\Pipeline\\{closure}(Object(Illuminate\\Http\\Request))
#41 E:\\Productivity\\wamp64\\www\\laravel\\originality\\vendor\\laravel\\framework\\src\\Illuminate\\Pipeline\\Pipeline.php(219): Illuminate\\Http\\Middleware\\TrustProxies->handle(Object(Illuminate\\Http\\Request), Object(Closure))
#42 E:\\Productivity\\wamp64\\www\\laravel\\originality\\vendor\\laravel\\framework\\src\\Illuminate\\Foundation\\Http\\Middleware\\InvokeDeferredCallbacks.php(22): Illuminate\\Pipeline\\Pipeline->Illuminate\\Pipeline\\{closure}(Object(Illuminate\\Http\\Request))
#43 E:\\Productivity\\wamp64\\www\\laravel\\originality\\vendor\\laravel\\framework\\src\\Illuminate\\Pipeline\\Pipeline.php(219): Illuminate\\Foundation\\Http\\Middleware\\InvokeDeferredCallbacks->handle(Object(Illuminate\\Http\\Request), Object(Closure))
#44 E:\\Productivity\\wamp64\\www\\laravel\\originality\\vendor\\laravel\\framework\\src\\Illuminate\\Http\\Middleware\\ValidatePathEncoding.php(26): Illuminate\\Pipeline\\Pipeline->Illuminate\\Pipeline\\{closure}(Object(Illuminate\\Http\\Request))
#45 E:\\Productivity\\wamp64\\www\\laravel\\originality\\vendor\\laravel\\framework\\src\\Illuminate\\Pipeline\\Pipeline.php(219): Illuminate\\Http\\Middleware\\ValidatePathEncoding->handle(Object(Illuminate\\Http\\Request), Object(Closure))
#46 E:\\Productivity\\wamp64\\www\\laravel\\originality\\vendor\\laravel\\framework\\src\\Illuminate\\Pipeline\\Pipeline.php(137): Illuminate\\Pipeline\\Pipeline->Illuminate\\Pipeline\\{closure}(Object(Illuminate\\Http\\Request))
#47 E:\\Productivity\\wamp64\\www\\laravel\\originality\\vendor\\laravel\\framework\\src\\Illuminate\\Foundation\\Http\\Kernel.php(175): Illuminate\\Pipeline\\Pipeline->then(Object(Closure))
#48 E:\\Productivity\\wamp64\\www\\laravel\\originality\\vendor\\laravel\\framework\\src\\Illuminate\\Foundation\\Http\\Kernel.php(144): Illuminate\\Foundation\\Http\\Kernel->sendRequestThroughRouter(Object(Illuminate\\Http\\Request))
#49 E:\\Productivity\\wamp64\\www\\laravel\\originality\\vendor\\laravel\\framework\\src\\Illuminate\\Foundation\\Application.php(1220): Illuminate\\Foundation\\Http\\Kernel->handle(Object(Illuminate\\Http\\Request))
#50 E:\\Productivity\\wamp64\\www\\laravel\\originality\\public\\index.php(20): Illuminate\\Foundation\\Application->handleRequest(Object(Illuminate\\Http\\Request))
#51 E:\\Productivity\\wamp64\\www\\laravel\\originality\\vendor\\laravel\\framework\\src\\Illuminate\\Foundation\\resources\\server.php(23): require_once('E:\\\\Productivity...')
#52 {main}

[previous exception] [object] (GuzzleHttp\\Exception\\ConnectException(code: 0): cURL error 6: Could not resolve host: me (see https://curl.haxx.se/libcurl/c/libcurl-errors.html) at E:\\Productivity\\wamp64\\www\\laravel\\originality\\vendor\\guzzlehttp\\guzzle\\src\\Handler\\CurlFactory.php:277)
[stacktrace]
#0 E:\\Productivity\\wamp64\\www\\laravel\\originality\\vendor\\guzzlehttp\\guzzle\\src\\Handler\\CurlFactory.php(207): GuzzleHttp\\Handler\\CurlFactory::createRejection(Object(GuzzleHttp\\Handler\\EasyHandle), Array)
#1 E:\\Productivity\\wamp64\\www\\laravel\\originality\\vendor\\guzzlehttp\\guzzle\\src\\Handler\\CurlFactory.php(159): GuzzleHttp\\Handler\\CurlFactory::finishError(Object(GuzzleHttp\\Handler\\CurlHandler), Object(GuzzleHttp\\Handler\\EasyHandle), Object(GuzzleHttp\\Handler\\CurlFactory))
#2 E:\\Productivity\\wamp64\\www\\laravel\\originality\\vendor\\guzzlehttp\\guzzle\\src\\Handler\\CurlHandler.php(47): GuzzleHttp\\Handler\\CurlFactory::finish(Object(GuzzleHttp\\Handler\\CurlHandler), Object(GuzzleHttp\\Handler\\EasyHandle), Object(GuzzleHttp\\Handler\\CurlFactory))
#3 E:\\Productivity\\wamp64\\www\\laravel\\originality\\vendor\\guzzlehttp\\guzzle\\src\\Handler\\Proxy.php(28): GuzzleHttp\\Handler\\CurlHandler->__invoke(Object(GuzzleHttp\\Psr7\\Request), Array)
#4 E:\\Productivity\\wamp64\\www\\laravel\\originality\\vendor\\guzzlehttp\\guzzle\\src\\Handler\\Proxy.php(48): GuzzleHttp\\Handler\\Proxy::GuzzleHttp\\Handler\\{closure}(Object(GuzzleHttp\\Psr7\\Request), Array)
#5 E:\\Productivity\\wamp64\\www\\laravel\\originality\\vendor\\laravel\\framework\\src\\Illuminate\\Http\\Client\\PendingRequest.php(1390): GuzzleHttp\\Handler\\Proxy::GuzzleHttp\\Handler\\{closure}(Object(GuzzleHttp\\Psr7\\Request), Array)
#6 E:\\Productivity\\wamp64\\www\\laravel\\originality\\vendor\\laravel\\framework\\src\\Illuminate\\Http\\Client\\PendingRequest.php(1356): Illuminate\\Http\\Client\\PendingRequest->Illuminate\\Http\\Client\\{closure}(Object(GuzzleHttp\\Psr7\\Request), Array)
#7 E:\\Productivity\\wamp64\\www\\laravel\\originality\\vendor\\laravel\\framework\\src\\Illuminate\\Http\\Client\\PendingRequest.php(1342): Illuminate\\Http\\Client\\PendingRequest->Illuminate\\Http\\Client\\{closure}(Object(GuzzleHttp\\Psr7\\Request), Array)
#8 E:\\Productivity\\wamp64\\www\\laravel\\originality\\vendor\\guzzlehttp\\guzzle\\src\\PrepareBodyMiddleware.php(35): Illuminate\\Http\\Client\\PendingRequest->Illuminate\\Http\\Client\\{closure}(Object(GuzzleHttp\\Psr7\\Request), Array)
#9 E:\\Productivity\\wamp64\\www\\laravel\\originality\\vendor\\guzzlehttp\\guzzle\\src\\Middleware.php(38): GuzzleHttp\\PrepareBodyMiddleware->__invoke(Object(GuzzleHttp\\Psr7\\Request), Array)
#10 E:\\Productivity\\wamp64\\www\\laravel\\originality\\vendor\\guzzlehttp\\guzzle\\src\\RedirectMiddleware.php(71): GuzzleHttp\\Middleware::GuzzleHttp\\{closure}(Object(GuzzleHttp\\Psr7\\Request), Array)
#11 E:\\Productivity\\wamp64\\www\\laravel\\originality\\vendor\\guzzlehttp\\guzzle\\src\\Middleware.php(63): GuzzleHttp\\RedirectMiddleware->__invoke(Object(GuzzleHttp\\Psr7\\Request), Array)
#12 E:\\Productivity\\wamp64\\www\\laravel\\originality\\vendor\\guzzlehttp\\guzzle\\src\\HandlerStack.php(75): GuzzleHttp\\Middleware::GuzzleHttp\\{closure}(Object(GuzzleHttp\\Psr7\\Request), Array)
#13 E:\\Productivity\\wamp64\\www\\laravel\\originality\\vendor\\guzzlehttp\\guzzle\\src\\Client.php(333): GuzzleHttp\\HandlerStack->__invoke(Object(GuzzleHttp\\Psr7\\Request), Array)
#14 E:\\Productivity\\wamp64\\www\\laravel\\originality\\vendor\\guzzlehttp\\guzzle\\src\\Client.php(169): GuzzleHttp\\Client->transfer(Object(GuzzleHttp\\Psr7\\Request), Array)
#15 E:\\Productivity\\wamp64\\www\\laravel\\originality\\vendor\\guzzlehttp\\guzzle\\src\\Client.php(189): GuzzleHttp\\Client->requestAsync('GET', Object(GuzzleHttp\\Psr7\\Uri), Array)
#16 E:\\Productivity\\wamp64\\www\\laravel\\originality\\vendor\\laravel\\framework\\src\\Illuminate\\Http\\Client\\PendingRequest.php(1188): GuzzleHttp\\Client->request('GET', 'me', Array)
#17 E:\\Productivity\\wamp64\\www\\laravel\\originality\\vendor\\laravel\\framework\\src\\Illuminate\\Http\\Client\\PendingRequest.php(933): Illuminate\\Http\\Client\\PendingRequest->sendRequest('GET', 'me', Array)
#18 E:\\Productivity\\wamp64\\www\\laravel\\originality\\vendor\\laravel\\framework\\src\\Illuminate\\Support\\helpers.php(329): Illuminate\\Http\\Client\\PendingRequest->Illuminate\\Http\\Client\\{closure}(1)
#19 E:\\Productivity\\wamp64\\www\\laravel\\originality\\vendor\\laravel\\framework\\src\\Illuminate\\Http\\Client\\PendingRequest.php(931): retry(0, Object(Closure), 100, Object(Closure))
#20 E:\\Productivity\\wamp64\\www\\laravel\\originality\\vendor\\laravel\\framework\\src\\Illuminate\\Http\\Client\\PendingRequest.php(798): Illuminate\\Http\\Client\\PendingRequest->send('GET', 'me', Array)
#21 E:\\Productivity\\wamp64\\www\\laravel\\originality\\app\\Http\\Middleware\\AuthApi.php(26): Illuminate\\Http\\Client\\PendingRequest->get('/me')
#22 E:\\Productivity\\wamp64\\www\\laravel\\originality\\vendor\\laravel\\framework\\src\\Illuminate\\Pipeline\\Pipeline.php(219): App\\Http\\Middleware\\AuthApi->handle(Object(Illuminate\\Http\\Request), Object(Closure))
#23 E:\\Productivity\\wamp64\\www\\laravel\\originality\\vendor\\laravel\\framework\\src\\Illuminate\\Routing\\Middleware\\SubstituteBindings.php(50): Illuminate\\Pipeline\\Pipeline->Illuminate\\Pipeline\\{closure}(Object(Illuminate\\Http\\Request))
#24 E:\\Productivity\\wamp64\\www\\laravel\\originality\\vendor\\laravel\\framework\\src\\Illuminate\\Pipeline\\Pipeline.php(219): Illuminate\\Routing\\Middleware\\SubstituteBindings->handle(Object(Illuminate\\Http\\Request), Object(Closure))
#25 E:\\Productivity\\wamp64\\www\\laravel\\originality\\vendor\\laravel\\framework\\src\\Illuminate\\Foundation\\Http\\Middleware\\VerifyCsrfToken.php(87): Illuminate\\Pipeline\\Pipeline->Illuminate\\Pipeline\\{closure}(Object(Illuminate\\Http\\Request))
#26 E:\\Productivity\\wamp64\\www\\laravel\\originality\\vendor\\laravel\\framework\\src\\Illuminate\\Pipeline\\Pipeline.php(219): Illuminate\\Foundation\\Http\\Middleware\\VerifyCsrfToken->handle(Object(Illuminate\\Http\\Request), Object(Closure))
#27 E:\\Productivity\\wamp64\\www\\laravel\\originality\\vendor\\laravel\\framework\\src\\Illuminate\\View\\Middleware\\ShareErrorsFromSession.php(48): Illuminate\\Pipeline\\Pipeline->Illuminate\\Pipeline\\{closure}(Object(Illuminate\\Http\\Request))
#28 E:\\Productivity\\wamp64\\www\\laravel\\originality\\vendor\\laravel\\framework\\src\\Illuminate\\Pipeline\\Pipeline.php(219): Illuminate\\View\\Middleware\\ShareErrorsFromSession->handle(Object(Illuminate\\Http\\Request), Object(Closure))
#29 E:\\Productivity\\wamp64\\www\\laravel\\originality\\vendor\\laravel\\framework\\src\\Illuminate\\Session\\Middleware\\StartSession.php(120): Illuminate\\Pipeline\\Pipeline->Illuminate\\Pipeline\\{closure}(Object(Illuminate\\Http\\Request))
#30 E:\\Productivity\\wamp64\\www\\laravel\\originality\\vendor\\laravel\\framework\\src\\Illuminate\\Session\\Middleware\\StartSession.php(63): Illuminate\\Session\\Middleware\\StartSession->handleStatefulRequest(Object(Illuminate\\Http\\Request), Object(Illuminate\\Session\\Store), Object(Closure))
#31 E:\\Productivity\\wamp64\\www\\laravel\\originality\\vendor\\laravel\\framework\\src\\Illuminate\\Pipeline\\Pipeline.php(219): Illuminate\\Session\\Middleware\\StartSession->handle(Object(Illuminate\\Http\\Request), Object(Closure))
#32 E:\\Productivity\\wamp64\\www\\laravel\\originality\\vendor\\laravel\\framework\\src\\Illuminate\\Cookie\\Middleware\\AddQueuedCookiesToResponse.php(36): Illuminate\\Pipeline\\Pipeline->Illuminate\\Pipeline\\{closure}(Object(Illuminate\\Http\\Request))
#33 E:\\Productivity\\wamp64\\www\\laravel\\originality\\vendor\\laravel\\framework\\src\\Illuminate\\Pipeline\\Pipeline.php(219): Illuminate\\Cookie\\Middleware\\AddQueuedCookiesToResponse->handle(Object(Illuminate\\Http\\Request), Object(Closure))
#34 E:\\Productivity\\wamp64\\www\\laravel\\originality\\vendor\\laravel\\framework\\src\\Illuminate\\Cookie\\Middleware\\EncryptCookies.php(74): Illuminate\\Pipeline\\Pipeline->Illuminate\\Pipeline\\{closure}(Object(Illuminate\\Http\\Request))
#35 E:\\Productivity\\wamp64\\www\\laravel\\originality\\vendor\\laravel\\framework\\src\\Illuminate\\Pipeline\\Pipeline.php(219): Illuminate\\Cookie\\Middleware\\EncryptCookies->handle(Object(Illuminate\\Http\\Request), Object(Closure))
#36 E:\\Productivity\\wamp64\\www\\laravel\\originality\\vendor\\laravel\\framework\\src\\Illuminate\\Pipeline\\Pipeline.php(137): Illuminate\\Pipeline\\Pipeline->Illuminate\\Pipeline\\{closure}(Object(Illuminate\\Http\\Request))
#37 E:\\Productivity\\wamp64\\www\\laravel\\originality\\vendor\\laravel\\framework\\src\\Illuminate\\Routing\\Router.php(821): Illuminate\\Pipeline\\Pipeline->then(Object(Closure))
#38 E:\\Productivity\\wamp64\\www\\laravel\\originality\\vendor\\laravel\\framework\\src\\Illuminate\\Routing\\Router.php(800): Illuminate\\Routing\\Router->runRouteWithinStack(Object(Illuminate\\Routing\\Route), Object(Illuminate\\Http\\Request))
#39 E:\\Productivity\\wamp64\\www\\laravel\\originality\\vendor\\laravel\\framework\\src\\Illuminate\\Routing\\Router.php(764): Illuminate\\Routing\\Router->runRoute(Object(Illuminate\\Http\\Request), Object(Illuminate\\Routing\\Route))
#40 E:\\Productivity\\wamp64\\www\\laravel\\originality\\vendor\\laravel\\framework\\src\\Illuminate\\Routing\\Router.php(753): Illuminate\\Routing\\Router->dispatchToRoute(Object(Illuminate\\Http\\Request))
#41 E:\\Productivity\\wamp64\\www\\laravel\\originality\\vendor\\laravel\\framework\\src\\Illuminate\\Foundation\\Http\\Kernel.php(200): Illuminate\\Routing\\Router->dispatch(Object(Illuminate\\Http\\Request))
#42 E:\\Productivity\\wamp64\\www\\laravel\\originality\\vendor\\laravel\\framework\\src\\Illuminate\\Pipeline\\Pipeline.php(180): Illuminate\\Foundation\\Http\\Kernel->Illuminate\\Foundation\\Http\\{closure}(Object(Illuminate\\Http\\Request))
#43 E:\\Productivity\\wamp64\\www\\laravel\\originality\\vendor\\livewire\\livewire\\src\\Features\\SupportDisablingBackButtonCache\\DisableBackButtonCacheMiddleware.php(19): Illuminate\\Pipeline\\Pipeline->Illuminate\\Pipeline\\{closure}(Object(Illuminate\\Http\\Request))
#44 E:\\Productivity\\wamp64\\www\\laravel\\originality\\vendor\\laravel\\framework\\src\\Illuminate\\Pipeline\\Pipeline.php(219): Livewire\\Features\\SupportDisablingBackButtonCache\\DisableBackButtonCacheMiddleware->handle(Object(Illuminate\\Http\\Request), Object(Closure))
#45 E:\\Productivity\\wamp64\\www\\laravel\\originality\\vendor\\laravel\\framework\\src\\Illuminate\\Foundation\\Http\\Middleware\\TransformsRequest.php(21): Illuminate\\Pipeline\\Pipeline->Illuminate\\Pipeline\\{closure}(Object(Illuminate\\Http\\Request))
#46 E:\\Productivity\\wamp64\\www\\laravel\\originality\\vendor\\laravel\\framework\\src\\Illuminate\\Foundation\\Http\\Middleware\\ConvertEmptyStringsToNull.php(31): Illuminate\\Foundation\\Http\\Middleware\\TransformsRequest->handle(Object(Illuminate\\Http\\Request), Object(Closure))
#47 E:\\Productivity\\wamp64\\www\\laravel\\originality\\vendor\\laravel\\framework\\src\\Illuminate\\Pipeline\\Pipeline.php(219): Illuminate\\Foundation\\Http\\Middleware\\ConvertEmptyStringsToNull->handle(Object(Illuminate\\Http\\Request), Object(Closure))
#48 E:\\Productivity\\wamp64\\www\\laravel\\originality\\vendor\\laravel\\framework\\src\\Illuminate\\Foundation\\Http\\Middleware\\TransformsRequest.php(21): Illuminate\\Pipeline\\Pipeline->Illuminate\\Pipeline\\{closure}(Object(Illuminate\\Http\\Request))
#49 E:\\Productivity\\wamp64\\www\\laravel\\originality\\vendor\\laravel\\framework\\src\\Illuminate\\Foundation\\Http\\Middleware\\TrimStrings.php(51): Illuminate\\Foundation\\Http\\Middleware\\TransformsRequest->handle(Object(Illuminate\\Http\\Request), Object(Closure))
#50 E:\\Productivity\\wamp64\\www\\laravel\\originality\\vendor\\laravel\\framework\\src\\Illuminate\\Pipeline\\Pipeline.php(219): Illuminate\\Foundation\\Http\\Middleware\\TrimStrings->handle(Object(Illuminate\\Http\\Request), Object(Closure))
#51 E:\\Productivity\\wamp64\\www\\laravel\\originality\\vendor\\laravel\\framework\\src\\Illuminate\\Http\\Middleware\\ValidatePostSize.php(27): Illuminate\\Pipeline\\Pipeline->Illuminate\\Pipeline\\{closure}(Object(Illuminate\\Http\\Request))
#52 E:\\Productivity\\wamp64\\www\\laravel\\originality\\vendor\\laravel\\framework\\src\\Illuminate\\Pipeline\\Pipeline.php(219): Illuminate\\Http\\Middleware\\ValidatePostSize->handle(Object(Illuminate\\Http\\Request), Object(Closure))
#53 E:\\Productivity\\wamp64\\www\\laravel\\originality\\vendor\\laravel\\framework\\src\\Illuminate\\Foundation\\Http\\Middleware\\PreventRequestsDuringMaintenance.php(109): Illuminate\\Pipeline\\Pipeline->Illuminate\\Pipeline\\{closure}(Object(Illuminate\\Http\\Request))
#54 E:\\Productivity\\wamp64\\www\\laravel\\originality\\vendor\\laravel\\framework\\src\\Illuminate\\Pipeline\\Pipeline.php(219): Illuminate\\Foundation\\Http\\Middleware\\PreventRequestsDuringMaintenance->handle(Object(Illuminate\\Http\\Request), Object(Closure))
#55 E:\\Productivity\\wamp64\\www\\laravel\\originality\\vendor\\laravel\\framework\\src\\Illuminate\\Http\\Middleware\\HandleCors.php(48): Illuminate\\Pipeline\\Pipeline->Illuminate\\Pipeline\\{closure}(Object(Illuminate\\Http\\Request))
#56 E:\\Productivity\\wamp64\\www\\laravel\\originality\\vendor\\laravel\\framework\\src\\Illuminate\\Pipeline\\Pipeline.php(219): Illuminate\\Http\\Middleware\\HandleCors->handle(Object(Illuminate\\Http\\Request), Object(Closure))
#57 E:\\Productivity\\wamp64\\www\\laravel\\originality\\vendor\\laravel\\framework\\src\\Illuminate\\Http\\Middleware\\TrustProxies.php(58): Illuminate\\Pipeline\\Pipeline->Illuminate\\Pipeline\\{closure}(Object(Illuminate\\Http\\Request))
#58 E:\\Productivity\\wamp64\\www\\laravel\\originality\\vendor\\laravel\\framework\\src\\Illuminate\\Pipeline\\Pipeline.php(219): Illuminate\\Http\\Middleware\\TrustProxies->handle(Object(Illuminate\\Http\\Request), Object(Closure))
#59 E:\\Productivity\\wamp64\\www\\laravel\\originality\\vendor\\laravel\\framework\\src\\Illuminate\\Foundation\\Http\\Middleware\\InvokeDeferredCallbacks.php(22): Illuminate\\Pipeline\\Pipeline->Illuminate\\Pipeline\\{closure}(Object(Illuminate\\Http\\Request))
#60 E:\\Productivity\\wamp64\\www\\laravel\\originality\\vendor\\laravel\\framework\\src\\Illuminate\\Pipeline\\Pipeline.php(219): Illuminate\\Foundation\\Http\\Middleware\\InvokeDeferredCallbacks->handle(Object(Illuminate\\Http\\Request), Object(Closure))
#61 E:\\Productivity\\wamp64\\www\\laravel\\originality\\vendor\\laravel\\framework\\src\\Illuminate\\Http\\Middleware\\ValidatePathEncoding.php(26): Illuminate\\Pipeline\\Pipeline->Illuminate\\Pipeline\\{closure}(Object(Illuminate\\Http\\Request))
#62 E:\\Productivity\\wamp64\\www\\laravel\\originality\\vendor\\laravel\\framework\\src\\Illuminate\\Pipeline\\Pipeline.php(219): Illuminate\\Http\\Middleware\\ValidatePathEncoding->handle(Object(Illuminate\\Http\\Request), Object(Closure))
#63 E:\\Productivity\\wamp64\\www\\laravel\\originality\\vendor\\laravel\\framework\\src\\Illuminate\\Pipeline\\Pipeline.php(137): Illuminate\\Pipeline\\Pipeline->Illuminate\\Pipeline\\{closure}(Object(Illuminate\\Http\\Request))
#64 E:\\Productivity\\wamp64\\www\\laravel\\originality\\vendor\\laravel\\framework\\src\\Illuminate\\Foundation\\Http\\Kernel.php(175): Illuminate\\Pipeline\\Pipeline->then(Object(Closure))
#65 E:\\Productivity\\wamp64\\www\\laravel\\originality\\vendor\\laravel\\framework\\src\\Illuminate\\Foundation\\Http\\Kernel.php(144): Illuminate\\Foundation\\Http\\Kernel->sendRequestThroughRouter(Object(Illuminate\\Http\\Request))
#66 E:\\Productivity\\wamp64\\www\\laravel\\originality\\vendor\\laravel\\framework\\src\\Illuminate\\Foundation\\Application.php(1220): Illuminate\\Foundation\\Http\\Kernel->handle(Object(Illuminate\\Http\\Request))
#67 E:\\Productivity\\wamp64\\www\\laravel\\originality\\public\\index.php(20): Illuminate\\Foundation\\Application->handleRequest(Object(Illuminate\\Http\\Request))
#68 E:\\Productivity\\wamp64\\www\\laravel\\originality\\vendor\\laravel\\framework\\src\\Illuminate\\Foundation\\resources\\server.php(23): require_once('E:\\\\Productivity...')
#69 {main}
"} 
[2025-09-09 06:14:22] local.ERROR: cURL error 6: Could not resolve host: me (see https://curl.haxx.se/libcurl/c/libcurl-errors.html) {"exception":"[object] (Illuminate\\Http\\Client\\ConnectionException(code: 0): cURL error 6: Could not resolve host: me (see https://curl.haxx.se/libcurl/c/libcurl-errors.html) at E:\\Productivity\\wamp64\\www\\laravel\\originality\\vendor\\laravel\\framework\\src\\Illuminate\\Http\\Client\\PendingRequest.php:1642)
[stacktrace]
#0 E:\\Productivity\\wamp64\\www\\laravel\\originality\\vendor\\laravel\\framework\\src\\Illuminate\\Http\\Client\\PendingRequest.php(968): Illuminate\\Http\\Client\\PendingRequest->marshalConnectionException(Object(GuzzleHttp\\Exception\\ConnectException))
#1 E:\\Productivity\\wamp64\\www\\laravel\\originality\\vendor\\laravel\\framework\\src\\Illuminate\\Support\\helpers.php(329): Illuminate\\Http\\Client\\PendingRequest->Illuminate\\Http\\Client\\{closure}(1)
#2 E:\\Productivity\\wamp64\\www\\laravel\\originality\\vendor\\laravel\\framework\\src\\Illuminate\\Http\\Client\\PendingRequest.php(931): retry(0, Object(Closure), 100, Object(Closure))
#3 E:\\Productivity\\wamp64\\www\\laravel\\originality\\vendor\\laravel\\framework\\src\\Illuminate\\Http\\Client\\PendingRequest.php(798): Illuminate\\Http\\Client\\PendingRequest->send('GET', 'me', Array)
#4 E:\\Productivity\\wamp64\\www\\laravel\\originality\\app\\Http\\Middleware\\AuthApi.php(26): Illuminate\\Http\\Client\\PendingRequest->get('/me')
#5 E:\\Productivity\\wamp64\\www\\laravel\\originality\\vendor\\laravel\\framework\\src\\Illuminate\\Pipeline\\Pipeline.php(219): App\\Http\\Middleware\\AuthApi->handle(Object(Illuminate\\Http\\Request), Object(Closure))
#6 E:\\Productivity\\wamp64\\www\\laravel\\originality\\vendor\\laravel\\framework\\src\\Illuminate\\Routing\\Middleware\\SubstituteBindings.php(50): Illuminate\\Pipeline\\Pipeline->Illuminate\\Pipeline\\{closure}(Object(Illuminate\\Http\\Request))
#7 E:\\Productivity\\wamp64\\www\\laravel\\originality\\vendor\\laravel\\framework\\src\\Illuminate\\Pipeline\\Pipeline.php(219): Illuminate\\Routing\\Middleware\\SubstituteBindings->handle(Object(Illuminate\\Http\\Request), Object(Closure))
#8 E:\\Productivity\\wamp64\\www\\laravel\\originality\\vendor\\laravel\\framework\\src\\Illuminate\\Foundation\\Http\\Middleware\\VerifyCsrfToken.php(87): Illuminate\\Pipeline\\Pipeline->Illuminate\\Pipeline\\{closure}(Object(Illuminate\\Http\\Request))
#9 E:\\Productivity\\wamp64\\www\\laravel\\originality\\vendor\\laravel\\framework\\src\\Illuminate\\Pipeline\\Pipeline.php(219): Illuminate\\Foundation\\Http\\Middleware\\VerifyCsrfToken->handle(Object(Illuminate\\Http\\Request), Object(Closure))
#10 E:\\Productivity\\wamp64\\www\\laravel\\originality\\vendor\\laravel\\framework\\src\\Illuminate\\View\\Middleware\\ShareErrorsFromSession.php(48): Illuminate\\Pipeline\\Pipeline->Illuminate\\Pipeline\\{closure}(Object(Illuminate\\Http\\Request))
#11 E:\\Productivity\\wamp64\\www\\laravel\\originality\\vendor\\laravel\\framework\\src\\Illuminate\\Pipeline\\Pipeline.php(219): Illuminate\\View\\Middleware\\ShareErrorsFromSession->handle(Object(Illuminate\\Http\\Request), Object(Closure))
#12 E:\\Productivity\\wamp64\\www\\laravel\\originality\\vendor\\laravel\\framework\\src\\Illuminate\\Session\\Middleware\\StartSession.php(120): Illuminate\\Pipeline\\Pipeline->Illuminate\\Pipeline\\{closure}(Object(Illuminate\\Http\\Request))
#13 E:\\Productivity\\wamp64\\www\\laravel\\originality\\vendor\\laravel\\framework\\src\\Illuminate\\Session\\Middleware\\StartSession.php(63): Illuminate\\Session\\Middleware\\StartSession->handleStatefulRequest(Object(Illuminate\\Http\\Request), Object(Illuminate\\Session\\Store), Object(Closure))
#14 E:\\Productivity\\wamp64\\www\\laravel\\originality\\vendor\\laravel\\framework\\src\\Illuminate\\Pipeline\\Pipeline.php(219): Illuminate\\Session\\Middleware\\StartSession->handle(Object(Illuminate\\Http\\Request), Object(Closure))
#15 E:\\Productivity\\wamp64\\www\\laravel\\originality\\vendor\\laravel\\framework\\src\\Illuminate\\Cookie\\Middleware\\AddQueuedCookiesToResponse.php(36): Illuminate\\Pipeline\\Pipeline->Illuminate\\Pipeline\\{closure}(Object(Illuminate\\Http\\Request))
#16 E:\\Productivity\\wamp64\\www\\laravel\\originality\\vendor\\laravel\\framework\\src\\Illuminate\\Pipeline\\Pipeline.php(219): Illuminate\\Cookie\\Middleware\\AddQueuedCookiesToResponse->handle(Object(Illuminate\\Http\\Request), Object(Closure))
#17 E:\\Productivity\\wamp64\\www\\laravel\\originality\\vendor\\laravel\\framework\\src\\Illuminate\\Cookie\\Middleware\\EncryptCookies.php(74): Illuminate\\Pipeline\\Pipeline->Illuminate\\Pipeline\\{closure}(Object(Illuminate\\Http\\Request))
#18 E:\\Productivity\\wamp64\\www\\laravel\\originality\\vendor\\laravel\\framework\\src\\Illuminate\\Pipeline\\Pipeline.php(219): Illuminate\\Cookie\\Middleware\\EncryptCookies->handle(Object(Illuminate\\Http\\Request), Object(Closure))
#19 E:\\Productivity\\wamp64\\www\\laravel\\originality\\vendor\\laravel\\framework\\src\\Illuminate\\Pipeline\\Pipeline.php(137): Illuminate\\Pipeline\\Pipeline->Illuminate\\Pipeline\\{closure}(Object(Illuminate\\Http\\Request))
#20 E:\\Productivity\\wamp64\\www\\laravel\\originality\\vendor\\laravel\\framework\\src\\Illuminate\\Routing\\Router.php(821): Illuminate\\Pipeline\\Pipeline->then(Object(Closure))
#21 E:\\Productivity\\wamp64\\www\\laravel\\originality\\vendor\\laravel\\framework\\src\\Illuminate\\Routing\\Router.php(800): Illuminate\\Routing\\Router->runRouteWithinStack(Object(Illuminate\\Routing\\Route), Object(Illuminate\\Http\\Request))
#22 E:\\Productivity\\wamp64\\www\\laravel\\originality\\vendor\\laravel\\framework\\src\\Illuminate\\Routing\\Router.php(764): Illuminate\\Routing\\Router->runRoute(Object(Illuminate\\Http\\Request), Object(Illuminate\\Routing\\Route))
#23 E:\\Productivity\\wamp64\\www\\laravel\\originality\\vendor\\laravel\\framework\\src\\Illuminate\\Routing\\Router.php(753): Illuminate\\Routing\\Router->dispatchToRoute(Object(Illuminate\\Http\\Request))
#24 E:\\Productivity\\wamp64\\www\\laravel\\originality\\vendor\\laravel\\framework\\src\\Illuminate\\Foundation\\Http\\Kernel.php(200): Illuminate\\Routing\\Router->dispatch(Object(Illuminate\\Http\\Request))
#25 E:\\Productivity\\wamp64\\www\\laravel\\originality\\vendor\\laravel\\framework\\src\\Illuminate\\Pipeline\\Pipeline.php(180): Illuminate\\Foundation\\Http\\Kernel->Illuminate\\Foundation\\Http\\{closure}(Object(Illuminate\\Http\\Request))
#26 E:\\Productivity\\wamp64\\www\\laravel\\originality\\vendor\\livewire\\livewire\\src\\Features\\SupportDisablingBackButtonCache\\DisableBackButtonCacheMiddleware.php(19): Illuminate\\Pipeline\\Pipeline->Illuminate\\Pipeline\\{closure}(Object(Illuminate\\Http\\Request))
#27 E:\\Productivity\\wamp64\\www\\laravel\\originality\\vendor\\laravel\\framework\\src\\Illuminate\\Pipeline\\Pipeline.php(219): Livewire\\Features\\SupportDisablingBackButtonCache\\DisableBackButtonCacheMiddleware->handle(Object(Illuminate\\Http\\Request), Object(Closure))
#28 E:\\Productivity\\wamp64\\www\\laravel\\originality\\vendor\\laravel\\framework\\src\\Illuminate\\Foundation\\Http\\Middleware\\TransformsRequest.php(21): Illuminate\\Pipeline\\Pipeline->Illuminate\\Pipeline\\{closure}(Object(Illuminate\\Http\\Request))
#29 E:\\Productivity\\wamp64\\www\\laravel\\originality\\vendor\\laravel\\framework\\src\\Illuminate\\Foundation\\Http\\Middleware\\ConvertEmptyStringsToNull.php(31): Illuminate\\Foundation\\Http\\Middleware\\TransformsRequest->handle(Object(Illuminate\\Http\\Request), Object(Closure))
#30 E:\\Productivity\\wamp64\\www\\laravel\\originality\\vendor\\laravel\\framework\\src\\Illuminate\\Pipeline\\Pipeline.php(219): Illuminate\\Foundation\\Http\\Middleware\\ConvertEmptyStringsToNull->handle(Object(Illuminate\\Http\\Request), Object(Closure))
#31 E:\\Productivity\\wamp64\\www\\laravel\\originality\\vendor\\laravel\\framework\\src\\Illuminate\\Foundation\\Http\\Middleware\\TransformsRequest.php(21): Illuminate\\Pipeline\\Pipeline->Illuminate\\Pipeline\\{closure}(Object(Illuminate\\Http\\Request))
#32 E:\\Productivity\\wamp64\\www\\laravel\\originality\\vendor\\laravel\\framework\\src\\Illuminate\\Foundation\\Http\\Middleware\\TrimStrings.php(51): Illuminate\\Foundation\\Http\\Middleware\\TransformsRequest->handle(Object(Illuminate\\Http\\Request), Object(Closure))
#33 E:\\Productivity\\wamp64\\www\\laravel\\originality\\vendor\\laravel\\framework\\src\\Illuminate\\Pipeline\\Pipeline.php(219): Illuminate\\Foundation\\Http\\Middleware\\TrimStrings->handle(Object(Illuminate\\Http\\Request), Object(Closure))
#34 E:\\Productivity\\wamp64\\www\\laravel\\originality\\vendor\\laravel\\framework\\src\\Illuminate\\Http\\Middleware\\ValidatePostSize.php(27): Illuminate\\Pipeline\\Pipeline->Illuminate\\Pipeline\\{closure}(Object(Illuminate\\Http\\Request))
#35 E:\\Productivity\\wamp64\\www\\laravel\\originality\\vendor\\laravel\\framework\\src\\Illuminate\\Pipeline\\Pipeline.php(219): Illuminate\\Http\\Middleware\\ValidatePostSize->handle(Object(Illuminate\\Http\\Request), Object(Closure))
#36 E:\\Productivity\\wamp64\\www\\laravel\\originality\\vendor\\laravel\\framework\\src\\Illuminate\\Foundation\\Http\\Middleware\\PreventRequestsDuringMaintenance.php(109): Illuminate\\Pipeline\\Pipeline->Illuminate\\Pipeline\\{closure}(Object(Illuminate\\Http\\Request))
#37 E:\\Productivity\\wamp64\\www\\laravel\\originality\\vendor\\laravel\\framework\\src\\Illuminate\\Pipeline\\Pipeline.php(219): Illuminate\\Foundation\\Http\\Middleware\\PreventRequestsDuringMaintenance->handle(Object(Illuminate\\Http\\Request), Object(Closure))
#38 E:\\Productivity\\wamp64\\www\\laravel\\originality\\vendor\\laravel\\framework\\src\\Illuminate\\Http\\Middleware\\HandleCors.php(48): Illuminate\\Pipeline\\Pipeline->Illuminate\\Pipeline\\{closure}(Object(Illuminate\\Http\\Request))
#39 E:\\Productivity\\wamp64\\www\\laravel\\originality\\vendor\\laravel\\framework\\src\\Illuminate\\Pipeline\\Pipeline.php(219): Illuminate\\Http\\Middleware\\HandleCors->handle(Object(Illuminate\\Http\\Request), Object(Closure))
#40 E:\\Productivity\\wamp64\\www\\laravel\\originality\\vendor\\laravel\\framework\\src\\Illuminate\\Http\\Middleware\\TrustProxies.php(58): Illuminate\\Pipeline\\Pipeline->Illuminate\\Pipeline\\{closure}(Object(Illuminate\\Http\\Request))
#41 E:\\Productivity\\wamp64\\www\\laravel\\originality\\vendor\\laravel\\framework\\src\\Illuminate\\Pipeline\\Pipeline.php(219): Illuminate\\Http\\Middleware\\TrustProxies->handle(Object(Illuminate\\Http\\Request), Object(Closure))
#42 E:\\Productivity\\wamp64\\www\\laravel\\originality\\vendor\\laravel\\framework\\src\\Illuminate\\Foundation\\Http\\Middleware\\InvokeDeferredCallbacks.php(22): Illuminate\\Pipeline\\Pipeline->Illuminate\\Pipeline\\{closure}(Object(Illuminate\\Http\\Request))
#43 E:\\Productivity\\wamp64\\www\\laravel\\originality\\vendor\\laravel\\framework\\src\\Illuminate\\Pipeline\\Pipeline.php(219): Illuminate\\Foundation\\Http\\Middleware\\InvokeDeferredCallbacks->handle(Object(Illuminate\\Http\\Request), Object(Closure))
#44 E:\\Productivity\\wamp64\\www\\laravel\\originality\\vendor\\laravel\\framework\\src\\Illuminate\\Http\\Middleware\\ValidatePathEncoding.php(26): Illuminate\\Pipeline\\Pipeline->Illuminate\\Pipeline\\{closure}(Object(Illuminate\\Http\\Request))
#45 E:\\Productivity\\wamp64\\www\\laravel\\originality\\vendor\\laravel\\framework\\src\\Illuminate\\Pipeline\\Pipeline.php(219): Illuminate\\Http\\Middleware\\ValidatePathEncoding->handle(Object(Illuminate\\Http\\Request), Object(Closure))
#46 E:\\Productivity\\wamp64\\www\\laravel\\originality\\vendor\\laravel\\framework\\src\\Illuminate\\Pipeline\\Pipeline.php(137): Illuminate\\Pipeline\\Pipeline->Illuminate\\Pipeline\\{closure}(Object(Illuminate\\Http\\Request))
#47 E:\\Productivity\\wamp64\\www\\laravel\\originality\\vendor\\laravel\\framework\\src\\Illuminate\\Foundation\\Http\\Kernel.php(175): Illuminate\\Pipeline\\Pipeline->then(Object(Closure))
#48 E:\\Productivity\\wamp64\\www\\laravel\\originality\\vendor\\laravel\\framework\\src\\Illuminate\\Foundation\\Http\\Kernel.php(144): Illuminate\\Foundation\\Http\\Kernel->sendRequestThroughRouter(Object(Illuminate\\Http\\Request))
#49 E:\\Productivity\\wamp64\\www\\laravel\\originality\\vendor\\laravel\\framework\\src\\Illuminate\\Foundation\\Application.php(1220): Illuminate\\Foundation\\Http\\Kernel->handle(Object(Illuminate\\Http\\Request))
#50 E:\\Productivity\\wamp64\\www\\laravel\\originality\\public\\index.php(20): Illuminate\\Foundation\\Application->handleRequest(Object(Illuminate\\Http\\Request))
#51 E:\\Productivity\\wamp64\\www\\laravel\\originality\\vendor\\laravel\\framework\\src\\Illuminate\\Foundation\\resources\\server.php(23): require_once('E:\\\\Productivity...')
#52 {main}

[previous exception] [object] (GuzzleHttp\\Exception\\ConnectException(code: 0): cURL error 6: Could not resolve host: me (see https://curl.haxx.se/libcurl/c/libcurl-errors.html) at E:\\Productivity\\wamp64\\www\\laravel\\originality\\vendor\\guzzlehttp\\guzzle\\src\\Handler\\CurlFactory.php:277)
[stacktrace]
#0 E:\\Productivity\\wamp64\\www\\laravel\\originality\\vendor\\guzzlehttp\\guzzle\\src\\Handler\\CurlFactory.php(207): GuzzleHttp\\Handler\\CurlFactory::createRejection(Object(GuzzleHttp\\Handler\\EasyHandle), Array)
#1 E:\\Productivity\\wamp64\\www\\laravel\\originality\\vendor\\guzzlehttp\\guzzle\\src\\Handler\\CurlFactory.php(159): GuzzleHttp\\Handler\\CurlFactory::finishError(Object(GuzzleHttp\\Handler\\CurlHandler), Object(GuzzleHttp\\Handler\\EasyHandle), Object(GuzzleHttp\\Handler\\CurlFactory))
#2 E:\\Productivity\\wamp64\\www\\laravel\\originality\\vendor\\guzzlehttp\\guzzle\\src\\Handler\\CurlHandler.php(47): GuzzleHttp\\Handler\\CurlFactory::finish(Object(GuzzleHttp\\Handler\\CurlHandler), Object(GuzzleHttp\\Handler\\EasyHandle), Object(GuzzleHttp\\Handler\\CurlFactory))
#3 E:\\Productivity\\wamp64\\www\\laravel\\originality\\vendor\\guzzlehttp\\guzzle\\src\\Handler\\Proxy.php(28): GuzzleHttp\\Handler\\CurlHandler->__invoke(Object(GuzzleHttp\\Psr7\\Request), Array)
#4 E:\\Productivity\\wamp64\\www\\laravel\\originality\\vendor\\guzzlehttp\\guzzle\\src\\Handler\\Proxy.php(48): GuzzleHttp\\Handler\\Proxy::GuzzleHttp\\Handler\\{closure}(Object(GuzzleHttp\\Psr7\\Request), Array)
#5 E:\\Productivity\\wamp64\\www\\laravel\\originality\\vendor\\laravel\\framework\\src\\Illuminate\\Http\\Client\\PendingRequest.php(1390): GuzzleHttp\\Handler\\Proxy::GuzzleHttp\\Handler\\{closure}(Object(GuzzleHttp\\Psr7\\Request), Array)
#6 E:\\Productivity\\wamp64\\www\\laravel\\originality\\vendor\\laravel\\framework\\src\\Illuminate\\Http\\Client\\PendingRequest.php(1356): Illuminate\\Http\\Client\\PendingRequest->Illuminate\\Http\\Client\\{closure}(Object(GuzzleHttp\\Psr7\\Request), Array)
#7 E:\\Productivity\\wamp64\\www\\laravel\\originality\\vendor\\laravel\\framework\\src\\Illuminate\\Http\\Client\\PendingRequest.php(1342): Illuminate\\Http\\Client\\PendingRequest->Illuminate\\Http\\Client\\{closure}(Object(GuzzleHttp\\Psr7\\Request), Array)
#8 E:\\Productivity\\wamp64\\www\\laravel\\originality\\vendor\\guzzlehttp\\guzzle\\src\\PrepareBodyMiddleware.php(35): Illuminate\\Http\\Client\\PendingRequest->Illuminate\\Http\\Client\\{closure}(Object(GuzzleHttp\\Psr7\\Request), Array)
#9 E:\\Productivity\\wamp64\\www\\laravel\\originality\\vendor\\guzzlehttp\\guzzle\\src\\Middleware.php(38): GuzzleHttp\\PrepareBodyMiddleware->__invoke(Object(GuzzleHttp\\Psr7\\Request), Array)
#10 E:\\Productivity\\wamp64\\www\\laravel\\originality\\vendor\\guzzlehttp\\guzzle\\src\\RedirectMiddleware.php(71): GuzzleHttp\\Middleware::GuzzleHttp\\{closure}(Object(GuzzleHttp\\Psr7\\Request), Array)
#11 E:\\Productivity\\wamp64\\www\\laravel\\originality\\vendor\\guzzlehttp\\guzzle\\src\\Middleware.php(63): GuzzleHttp\\RedirectMiddleware->__invoke(Object(GuzzleHttp\\Psr7\\Request), Array)
#12 E:\\Productivity\\wamp64\\www\\laravel\\originality\\vendor\\guzzlehttp\\guzzle\\src\\HandlerStack.php(75): GuzzleHttp\\Middleware::GuzzleHttp\\{closure}(Object(GuzzleHttp\\Psr7\\Request), Array)
#13 E:\\Productivity\\wamp64\\www\\laravel\\originality\\vendor\\guzzlehttp\\guzzle\\src\\Client.php(333): GuzzleHttp\\HandlerStack->__invoke(Object(GuzzleHttp\\Psr7\\Request), Array)
#14 E:\\Productivity\\wamp64\\www\\laravel\\originality\\vendor\\guzzlehttp\\guzzle\\src\\Client.php(169): GuzzleHttp\\Client->transfer(Object(GuzzleHttp\\Psr7\\Request), Array)
#15 E:\\Productivity\\wamp64\\www\\laravel\\originality\\vendor\\guzzlehttp\\guzzle\\src\\Client.php(189): GuzzleHttp\\Client->requestAsync('GET', Object(GuzzleHttp\\Psr7\\Uri), Array)
#16 E:\\Productivity\\wamp64\\www\\laravel\\originality\\vendor\\laravel\\framework\\src\\Illuminate\\Http\\Client\\PendingRequest.php(1188): GuzzleHttp\\Client->request('GET', 'me', Array)
#17 E:\\Productivity\\wamp64\\www\\laravel\\originality\\vendor\\laravel\\framework\\src\\Illuminate\\Http\\Client\\PendingRequest.php(933): Illuminate\\Http\\Client\\PendingRequest->sendRequest('GET', 'me', Array)
#18 E:\\Productivity\\wamp64\\www\\laravel\\originality\\vendor\\laravel\\framework\\src\\Illuminate\\Support\\helpers.php(329): Illuminate\\Http\\Client\\PendingRequest->Illuminate\\Http\\Client\\{closure}(1)
#19 E:\\Productivity\\wamp64\\www\\laravel\\originality\\vendor\\laravel\\framework\\src\\Illuminate\\Http\\Client\\PendingRequest.php(931): retry(0, Object(Closure), 100, Object(Closure))
#20 E:\\Productivity\\wamp64\\www\\laravel\\originality\\vendor\\laravel\\framework\\src\\Illuminate\\Http\\Client\\PendingRequest.php(798): Illuminate\\Http\\Client\\PendingRequest->send('GET', 'me', Array)
#21 E:\\Productivity\\wamp64\\www\\laravel\\originality\\app\\Http\\Middleware\\AuthApi.php(26): Illuminate\\Http\\Client\\PendingRequest->get('/me')
#22 E:\\Productivity\\wamp64\\www\\laravel\\originality\\vendor\\laravel\\framework\\src\\Illuminate\\Pipeline\\Pipeline.php(219): App\\Http\\Middleware\\AuthApi->handle(Object(Illuminate\\Http\\Request), Object(Closure))
#23 E:\\Productivity\\wamp64\\www\\laravel\\originality\\vendor\\laravel\\framework\\src\\Illuminate\\Routing\\Middleware\\SubstituteBindings.php(50): Illuminate\\Pipeline\\Pipeline->Illuminate\\Pipeline\\{closure}(Object(Illuminate\\Http\\Request))
#24 E:\\Productivity\\wamp64\\www\\laravel\\originality\\vendor\\laravel\\framework\\src\\Illuminate\\Pipeline\\Pipeline.php(219): Illuminate\\Routing\\Middleware\\SubstituteBindings->handle(Object(Illuminate\\Http\\Request), Object(Closure))
#25 E:\\Productivity\\wamp64\\www\\laravel\\originality\\vendor\\laravel\\framework\\src\\Illuminate\\Foundation\\Http\\Middleware\\VerifyCsrfToken.php(87): Illuminate\\Pipeline\\Pipeline->Illuminate\\Pipeline\\{closure}(Object(Illuminate\\Http\\Request))
#26 E:\\Productivity\\wamp64\\www\\laravel\\originality\\vendor\\laravel\\framework\\src\\Illuminate\\Pipeline\\Pipeline.php(219): Illuminate\\Foundation\\Http\\Middleware\\VerifyCsrfToken->handle(Object(Illuminate\\Http\\Request), Object(Closure))
#27 E:\\Productivity\\wamp64\\www\\laravel\\originality\\vendor\\laravel\\framework\\src\\Illuminate\\View\\Middleware\\ShareErrorsFromSession.php(48): Illuminate\\Pipeline\\Pipeline->Illuminate\\Pipeline\\{closure}(Object(Illuminate\\Http\\Request))
#28 E:\\Productivity\\wamp64\\www\\laravel\\originality\\vendor\\laravel\\framework\\src\\Illuminate\\Pipeline\\Pipeline.php(219): Illuminate\\View\\Middleware\\ShareErrorsFromSession->handle(Object(Illuminate\\Http\\Request), Object(Closure))
#29 E:\\Productivity\\wamp64\\www\\laravel\\originality\\vendor\\laravel\\framework\\src\\Illuminate\\Session\\Middleware\\StartSession.php(120): Illuminate\\Pipeline\\Pipeline->Illuminate\\Pipeline\\{closure}(Object(Illuminate\\Http\\Request))
#30 E:\\Productivity\\wamp64\\www\\laravel\\originality\\vendor\\laravel\\framework\\src\\Illuminate\\Session\\Middleware\\StartSession.php(63): Illuminate\\Session\\Middleware\\StartSession->handleStatefulRequest(Object(Illuminate\\Http\\Request), Object(Illuminate\\Session\\Store), Object(Closure))
#31 E:\\Productivity\\wamp64\\www\\laravel\\originality\\vendor\\laravel\\framework\\src\\Illuminate\\Pipeline\\Pipeline.php(219): Illuminate\\Session\\Middleware\\StartSession->handle(Object(Illuminate\\Http\\Request), Object(Closure))
#32 E:\\Productivity\\wamp64\\www\\laravel\\originality\\vendor\\laravel\\framework\\src\\Illuminate\\Cookie\\Middleware\\AddQueuedCookiesToResponse.php(36): Illuminate\\Pipeline\\Pipeline->Illuminate\\Pipeline\\{closure}(Object(Illuminate\\Http\\Request))
#33 E:\\Productivity\\wamp64\\www\\laravel\\originality\\vendor\\laravel\\framework\\src\\Illuminate\\Pipeline\\Pipeline.php(219): Illuminate\\Cookie\\Middleware\\AddQueuedCookiesToResponse->handle(Object(Illuminate\\Http\\Request), Object(Closure))
#34 E:\\Productivity\\wamp64\\www\\laravel\\originality\\vendor\\laravel\\framework\\src\\Illuminate\\Cookie\\Middleware\\EncryptCookies.php(74): Illuminate\\Pipeline\\Pipeline->Illuminate\\Pipeline\\{closure}(Object(Illuminate\\Http\\Request))
#35 E:\\Productivity\\wamp64\\www\\laravel\\originality\\vendor\\laravel\\framework\\src\\Illuminate\\Pipeline\\Pipeline.php(219): Illuminate\\Cookie\\Middleware\\EncryptCookies->handle(Object(Illuminate\\Http\\Request), Object(Closure))
#36 E:\\Productivity\\wamp64\\www\\laravel\\originality\\vendor\\laravel\\framework\\src\\Illuminate\\Pipeline\\Pipeline.php(137): Illuminate\\Pipeline\\Pipeline->Illuminate\\Pipeline\\{closure}(Object(Illuminate\\Http\\Request))
#37 E:\\Productivity\\wamp64\\www\\laravel\\originality\\vendor\\laravel\\framework\\src\\Illuminate\\Routing\\Router.php(821): Illuminate\\Pipeline\\Pipeline->then(Object(Closure))
#38 E:\\Productivity\\wamp64\\www\\laravel\\originality\\vendor\\laravel\\framework\\src\\Illuminate\\Routing\\Router.php(800): Illuminate\\Routing\\Router->runRouteWithinStack(Object(Illuminate\\Routing\\Route), Object(Illuminate\\Http\\Request))
#39 E:\\Productivity\\wamp64\\www\\laravel\\originality\\vendor\\laravel\\framework\\src\\Illuminate\\Routing\\Router.php(764): Illuminate\\Routing\\Router->runRoute(Object(Illuminate\\Http\\Request), Object(Illuminate\\Routing\\Route))
#40 E:\\Productivity\\wamp64\\www\\laravel\\originality\\vendor\\laravel\\framework\\src\\Illuminate\\Routing\\Router.php(753): Illuminate\\Routing\\Router->dispatchToRoute(Object(Illuminate\\Http\\Request))
#41 E:\\Productivity\\wamp64\\www\\laravel\\originality\\vendor\\laravel\\framework\\src\\Illuminate\\Foundation\\Http\\Kernel.php(200): Illuminate\\Routing\\Router->dispatch(Object(Illuminate\\Http\\Request))
#42 E:\\Productivity\\wamp64\\www\\laravel\\originality\\vendor\\laravel\\framework\\src\\Illuminate\\Pipeline\\Pipeline.php(180): Illuminate\\Foundation\\Http\\Kernel->Illuminate\\Foundation\\Http\\{closure}(Object(Illuminate\\Http\\Request))
#43 E:\\Productivity\\wamp64\\www\\laravel\\originality\\vendor\\livewire\\livewire\\src\\Features\\SupportDisablingBackButtonCache\\DisableBackButtonCacheMiddleware.php(19): Illuminate\\Pipeline\\Pipeline->Illuminate\\Pipeline\\{closure}(Object(Illuminate\\Http\\Request))
#44 E:\\Productivity\\wamp64\\www\\laravel\\originality\\vendor\\laravel\\framework\\src\\Illuminate\\Pipeline\\Pipeline.php(219): Livewire\\Features\\SupportDisablingBackButtonCache\\DisableBackButtonCacheMiddleware->handle(Object(Illuminate\\Http\\Request), Object(Closure))
#45 E:\\Productivity\\wamp64\\www\\laravel\\originality\\vendor\\laravel\\framework\\src\\Illuminate\\Foundation\\Http\\Middleware\\TransformsRequest.php(21): Illuminate\\Pipeline\\Pipeline->Illuminate\\Pipeline\\{closure}(Object(Illuminate\\Http\\Request))
#46 E:\\Productivity\\wamp64\\www\\laravel\\originality\\vendor\\laravel\\framework\\src\\Illuminate\\Foundation\\Http\\Middleware\\ConvertEmptyStringsToNull.php(31): Illuminate\\Foundation\\Http\\Middleware\\TransformsRequest->handle(Object(Illuminate\\Http\\Request), Object(Closure))
#47 E:\\Productivity\\wamp64\\www\\laravel\\originality\\vendor\\laravel\\framework\\src\\Illuminate\\Pipeline\\Pipeline.php(219): Illuminate\\Foundation\\Http\\Middleware\\ConvertEmptyStringsToNull->handle(Object(Illuminate\\Http\\Request), Object(Closure))
#48 E:\\Productivity\\wamp64\\www\\laravel\\originality\\vendor\\laravel\\framework\\src\\Illuminate\\Foundation\\Http\\Middleware\\TransformsRequest.php(21): Illuminate\\Pipeline\\Pipeline->Illuminate\\Pipeline\\{closure}(Object(Illuminate\\Http\\Request))
#49 E:\\Productivity\\wamp64\\www\\laravel\\originality\\vendor\\laravel\\framework\\src\\Illuminate\\Foundation\\Http\\Middleware\\TrimStrings.php(51): Illuminate\\Foundation\\Http\\Middleware\\TransformsRequest->handle(Object(Illuminate\\Http\\Request), Object(Closure))
#50 E:\\Productivity\\wamp64\\www\\laravel\\originality\\vendor\\laravel\\framework\\src\\Illuminate\\Pipeline\\Pipeline.php(219): Illuminate\\Foundation\\Http\\Middleware\\TrimStrings->handle(Object(Illuminate\\Http\\Request), Object(Closure))
#51 E:\\Productivity\\wamp64\\www\\laravel\\originality\\vendor\\laravel\\framework\\src\\Illuminate\\Http\\Middleware\\ValidatePostSize.php(27): Illuminate\\Pipeline\\Pipeline->Illuminate\\Pipeline\\{closure}(Object(Illuminate\\Http\\Request))
#52 E:\\Productivity\\wamp64\\www\\laravel\\originality\\vendor\\laravel\\framework\\src\\Illuminate\\Pipeline\\Pipeline.php(219): Illuminate\\Http\\Middleware\\ValidatePostSize->handle(Object(Illuminate\\Http\\Request), Object(Closure))
#53 E:\\Productivity\\wamp64\\www\\laravel\\originality\\vendor\\laravel\\framework\\src\\Illuminate\\Foundation\\Http\\Middleware\\PreventRequestsDuringMaintenance.php(109): Illuminate\\Pipeline\\Pipeline->Illuminate\\Pipeline\\{closure}(Object(Illuminate\\Http\\Request))
#54 E:\\Productivity\\wamp64\\www\\laravel\\originality\\vendor\\laravel\\framework\\src\\Illuminate\\Pipeline\\Pipeline.php(219): Illuminate\\Foundation\\Http\\Middleware\\PreventRequestsDuringMaintenance->handle(Object(Illuminate\\Http\\Request), Object(Closure))
#55 E:\\Productivity\\wamp64\\www\\laravel\\originality\\vendor\\laravel\\framework\\src\\Illuminate\\Http\\Middleware\\HandleCors.php(48): Illuminate\\Pipeline\\Pipeline->Illuminate\\Pipeline\\{closure}(Object(Illuminate\\Http\\Request))
#56 E:\\Productivity\\wamp64\\www\\laravel\\originality\\vendor\\laravel\\framework\\src\\Illuminate\\Pipeline\\Pipeline.php(219): Illuminate\\Http\\Middleware\\HandleCors->handle(Object(Illuminate\\Http\\Request), Object(Closure))
#57 E:\\Productivity\\wamp64\\www\\laravel\\originality\\vendor\\laravel\\framework\\src\\Illuminate\\Http\\Middleware\\TrustProxies.php(58): Illuminate\\Pipeline\\Pipeline->Illuminate\\Pipeline\\{closure}(Object(Illuminate\\Http\\Request))
#58 E:\\Productivity\\wamp64\\www\\laravel\\originality\\vendor\\laravel\\framework\\src\\Illuminate\\Pipeline\\Pipeline.php(219): Illuminate\\Http\\Middleware\\TrustProxies->handle(Object(Illuminate\\Http\\Request), Object(Closure))
#59 E:\\Productivity\\wamp64\\www\\laravel\\originality\\vendor\\laravel\\framework\\src\\Illuminate\\Foundation\\Http\\Middleware\\InvokeDeferredCallbacks.php(22): Illuminate\\Pipeline\\Pipeline->Illuminate\\Pipeline\\{closure}(Object(Illuminate\\Http\\Request))
#60 E:\\Productivity\\wamp64\\www\\laravel\\originality\\vendor\\laravel\\framework\\src\\Illuminate\\Pipeline\\Pipeline.php(219): Illuminate\\Foundation\\Http\\Middleware\\InvokeDeferredCallbacks->handle(Object(Illuminate\\Http\\Request), Object(Closure))
#61 E:\\Productivity\\wamp64\\www\\laravel\\originality\\vendor\\laravel\\framework\\src\\Illuminate\\Http\\Middleware\\ValidatePathEncoding.php(26): Illuminate\\Pipeline\\Pipeline->Illuminate\\Pipeline\\{closure}(Object(Illuminate\\Http\\Request))
#62 E:\\Productivity\\wamp64\\www\\laravel\\originality\\vendor\\laravel\\framework\\src\\Illuminate\\Pipeline\\Pipeline.php(219): Illuminate\\Http\\Middleware\\ValidatePathEncoding->handle(Object(Illuminate\\Http\\Request), Object(Closure))
#63 E:\\Productivity\\wamp64\\www\\laravel\\originality\\vendor\\laravel\\framework\\src\\Illuminate\\Pipeline\\Pipeline.php(137): Illuminate\\Pipeline\\Pipeline->Illuminate\\Pipeline\\{closure}(Object(Illuminate\\Http\\Request))
#64 E:\\Productivity\\wamp64\\www\\laravel\\originality\\vendor\\laravel\\framework\\src\\Illuminate\\Foundation\\Http\\Kernel.php(175): Illuminate\\Pipeline\\Pipeline->then(Object(Closure))
#65 E:\\Productivity\\wamp64\\www\\laravel\\originality\\vendor\\laravel\\framework\\src\\Illuminate\\Foundation\\Http\\Kernel.php(144): Illuminate\\Foundation\\Http\\Kernel->sendRequestThroughRouter(Object(Illuminate\\Http\\Request))
#66 E:\\Productivity\\wamp64\\www\\laravel\\originality\\vendor\\laravel\\framework\\src\\Illuminate\\Foundation\\Application.php(1220): Illuminate\\Foundation\\Http\\Kernel->handle(Object(Illuminate\\Http\\Request))
#67 E:\\Productivity\\wamp64\\www\\laravel\\originality\\public\\index.php(20): Illuminate\\Foundation\\Application->handleRequest(Object(Illuminate\\Http\\Request))
#68 E:\\Productivity\\wamp64\\www\\laravel\\originality\\vendor\\laravel\\framework\\src\\Illuminate\\Foundation\\resources\\server.php(23): require_once('E:\\\\Productivity...')
#69 {main}
"} 
[2025-09-09 06:14:44] local.ERROR: cURL error 6: Could not resolve host: me (see https://curl.haxx.se/libcurl/c/libcurl-errors.html) {"exception":"[object] (Illuminate\\Http\\Client\\ConnectionException(code: 0): cURL error 6: Could not resolve host: me (see https://curl.haxx.se/libcurl/c/libcurl-errors.html) at E:\\Productivity\\wamp64\\www\\laravel\\originality\\vendor\\laravel\\framework\\src\\Illuminate\\Http\\Client\\PendingRequest.php:1642)
[stacktrace]
#0 E:\\Productivity\\wamp64\\www\\laravel\\originality\\vendor\\laravel\\framework\\src\\Illuminate\\Http\\Client\\PendingRequest.php(968): Illuminate\\Http\\Client\\PendingRequest->marshalConnectionException(Object(GuzzleHttp\\Exception\\ConnectException))
#1 E:\\Productivity\\wamp64\\www\\laravel\\originality\\vendor\\laravel\\framework\\src\\Illuminate\\Support\\helpers.php(329): Illuminate\\Http\\Client\\PendingRequest->Illuminate\\Http\\Client\\{closure}(1)
#2 E:\\Productivity\\wamp64\\www\\laravel\\originality\\vendor\\laravel\\framework\\src\\Illuminate\\Http\\Client\\PendingRequest.php(931): retry(0, Object(Closure), 100, Object(Closure))
#3 E:\\Productivity\\wamp64\\www\\laravel\\originality\\vendor\\laravel\\framework\\src\\Illuminate\\Http\\Client\\PendingRequest.php(798): Illuminate\\Http\\Client\\PendingRequest->send('GET', 'me', Array)
#4 E:\\Productivity\\wamp64\\www\\laravel\\originality\\app\\Http\\Middleware\\AuthApi.php(26): Illuminate\\Http\\Client\\PendingRequest->get('/me')
#5 E:\\Productivity\\wamp64\\www\\laravel\\originality\\vendor\\laravel\\framework\\src\\Illuminate\\Pipeline\\Pipeline.php(219): App\\Http\\Middleware\\AuthApi->handle(Object(Illuminate\\Http\\Request), Object(Closure))
#6 E:\\Productivity\\wamp64\\www\\laravel\\originality\\vendor\\laravel\\framework\\src\\Illuminate\\Routing\\Middleware\\SubstituteBindings.php(50): Illuminate\\Pipeline\\Pipeline->Illuminate\\Pipeline\\{closure}(Object(Illuminate\\Http\\Request))
#7 E:\\Productivity\\wamp64\\www\\laravel\\originality\\vendor\\laravel\\framework\\src\\Illuminate\\Pipeline\\Pipeline.php(219): Illuminate\\Routing\\Middleware\\SubstituteBindings->handle(Object(Illuminate\\Http\\Request), Object(Closure))
#8 E:\\Productivity\\wamp64\\www\\laravel\\originality\\vendor\\laravel\\framework\\src\\Illuminate\\Foundation\\Http\\Middleware\\VerifyCsrfToken.php(87): Illuminate\\Pipeline\\Pipeline->Illuminate\\Pipeline\\{closure}(Object(Illuminate\\Http\\Request))
#9 E:\\Productivity\\wamp64\\www\\laravel\\originality\\vendor\\laravel\\framework\\src\\Illuminate\\Pipeline\\Pipeline.php(219): Illuminate\\Foundation\\Http\\Middleware\\VerifyCsrfToken->handle(Object(Illuminate\\Http\\Request), Object(Closure))
#10 E:\\Productivity\\wamp64\\www\\laravel\\originality\\vendor\\laravel\\framework\\src\\Illuminate\\View\\Middleware\\ShareErrorsFromSession.php(48): Illuminate\\Pipeline\\Pipeline->Illuminate\\Pipeline\\{closure}(Object(Illuminate\\Http\\Request))
#11 E:\\Productivity\\wamp64\\www\\laravel\\originality\\vendor\\laravel\\framework\\src\\Illuminate\\Pipeline\\Pipeline.php(219): Illuminate\\View\\Middleware\\ShareErrorsFromSession->handle(Object(Illuminate\\Http\\Request), Object(Closure))
#12 E:\\Productivity\\wamp64\\www\\laravel\\originality\\vendor\\laravel\\framework\\src\\Illuminate\\Session\\Middleware\\StartSession.php(120): Illuminate\\Pipeline\\Pipeline->Illuminate\\Pipeline\\{closure}(Object(Illuminate\\Http\\Request))
#13 E:\\Productivity\\wamp64\\www\\laravel\\originality\\vendor\\laravel\\framework\\src\\Illuminate\\Session\\Middleware\\StartSession.php(63): Illuminate\\Session\\Middleware\\StartSession->handleStatefulRequest(Object(Illuminate\\Http\\Request), Object(Illuminate\\Session\\Store), Object(Closure))
#14 E:\\Productivity\\wamp64\\www\\laravel\\originality\\vendor\\laravel\\framework\\src\\Illuminate\\Pipeline\\Pipeline.php(219): Illuminate\\Session\\Middleware\\StartSession->handle(Object(Illuminate\\Http\\Request), Object(Closure))
#15 E:\\Productivity\\wamp64\\www\\laravel\\originality\\vendor\\laravel\\framework\\src\\Illuminate\\Cookie\\Middleware\\AddQueuedCookiesToResponse.php(36): Illuminate\\Pipeline\\Pipeline->Illuminate\\Pipeline\\{closure}(Object(Illuminate\\Http\\Request))
#16 E:\\Productivity\\wamp64\\www\\laravel\\originality\\vendor\\laravel\\framework\\src\\Illuminate\\Pipeline\\Pipeline.php(219): Illuminate\\Cookie\\Middleware\\AddQueuedCookiesToResponse->handle(Object(Illuminate\\Http\\Request), Object(Closure))
#17 E:\\Productivity\\wamp64\\www\\laravel\\originality\\vendor\\laravel\\framework\\src\\Illuminate\\Cookie\\Middleware\\EncryptCookies.php(74): Illuminate\\Pipeline\\Pipeline->Illuminate\\Pipeline\\{closure}(Object(Illuminate\\Http\\Request))
#18 E:\\Productivity\\wamp64\\www\\laravel\\originality\\vendor\\laravel\\framework\\src\\Illuminate\\Pipeline\\Pipeline.php(219): Illuminate\\Cookie\\Middleware\\EncryptCookies->handle(Object(Illuminate\\Http\\Request), Object(Closure))
#19 E:\\Productivity\\wamp64\\www\\laravel\\originality\\vendor\\laravel\\framework\\src\\Illuminate\\Pipeline\\Pipeline.php(137): Illuminate\\Pipeline\\Pipeline->Illuminate\\Pipeline\\{closure}(Object(Illuminate\\Http\\Request))
#20 E:\\Productivity\\wamp64\\www\\laravel\\originality\\vendor\\laravel\\framework\\src\\Illuminate\\Routing\\Router.php(821): Illuminate\\Pipeline\\Pipeline->then(Object(Closure))
#21 E:\\Productivity\\wamp64\\www\\laravel\\originality\\vendor\\laravel\\framework\\src\\Illuminate\\Routing\\Router.php(800): Illuminate\\Routing\\Router->runRouteWithinStack(Object(Illuminate\\Routing\\Route), Object(Illuminate\\Http\\Request))
#22 E:\\Productivity\\wamp64\\www\\laravel\\originality\\vendor\\laravel\\framework\\src\\Illuminate\\Routing\\Router.php(764): Illuminate\\Routing\\Router->runRoute(Object(Illuminate\\Http\\Request), Object(Illuminate\\Routing\\Route))
#23 E:\\Productivity\\wamp64\\www\\laravel\\originality\\vendor\\laravel\\framework\\src\\Illuminate\\Routing\\Router.php(753): Illuminate\\Routing\\Router->dispatchToRoute(Object(Illuminate\\Http\\Request))
#24 E:\\Productivity\\wamp64\\www\\laravel\\originality\\vendor\\laravel\\framework\\src\\Illuminate\\Foundation\\Http\\Kernel.php(200): Illuminate\\Routing\\Router->dispatch(Object(Illuminate\\Http\\Request))
#25 E:\\Productivity\\wamp64\\www\\laravel\\originality\\vendor\\laravel\\framework\\src\\Illuminate\\Pipeline\\Pipeline.php(180): Illuminate\\Foundation\\Http\\Kernel->Illuminate\\Foundation\\Http\\{closure}(Object(Illuminate\\Http\\Request))
#26 E:\\Productivity\\wamp64\\www\\laravel\\originality\\vendor\\livewire\\livewire\\src\\Features\\SupportDisablingBackButtonCache\\DisableBackButtonCacheMiddleware.php(19): Illuminate\\Pipeline\\Pipeline->Illuminate\\Pipeline\\{closure}(Object(Illuminate\\Http\\Request))
#27 E:\\Productivity\\wamp64\\www\\laravel\\originality\\vendor\\laravel\\framework\\src\\Illuminate\\Pipeline\\Pipeline.php(219): Livewire\\Features\\SupportDisablingBackButtonCache\\DisableBackButtonCacheMiddleware->handle(Object(Illuminate\\Http\\Request), Object(Closure))
#28 E:\\Productivity\\wamp64\\www\\laravel\\originality\\vendor\\laravel\\framework\\src\\Illuminate\\Foundation\\Http\\Middleware\\TransformsRequest.php(21): Illuminate\\Pipeline\\Pipeline->Illuminate\\Pipeline\\{closure}(Object(Illuminate\\Http\\Request))
#29 E:\\Productivity\\wamp64\\www\\laravel\\originality\\vendor\\laravel\\framework\\src\\Illuminate\\Foundation\\Http\\Middleware\\ConvertEmptyStringsToNull.php(31): Illuminate\\Foundation\\Http\\Middleware\\TransformsRequest->handle(Object(Illuminate\\Http\\Request), Object(Closure))
#30 E:\\Productivity\\wamp64\\www\\laravel\\originality\\vendor\\laravel\\framework\\src\\Illuminate\\Pipeline\\Pipeline.php(219): Illuminate\\Foundation\\Http\\Middleware\\ConvertEmptyStringsToNull->handle(Object(Illuminate\\Http\\Request), Object(Closure))
#31 E:\\Productivity\\wamp64\\www\\laravel\\originality\\vendor\\laravel\\framework\\src\\Illuminate\\Foundation\\Http\\Middleware\\TransformsRequest.php(21): Illuminate\\Pipeline\\Pipeline->Illuminate\\Pipeline\\{closure}(Object(Illuminate\\Http\\Request))
#32 E:\\Productivity\\wamp64\\www\\laravel\\originality\\vendor\\laravel\\framework\\src\\Illuminate\\Foundation\\Http\\Middleware\\TrimStrings.php(51): Illuminate\\Foundation\\Http\\Middleware\\TransformsRequest->handle(Object(Illuminate\\Http\\Request), Object(Closure))
#33 E:\\Productivity\\wamp64\\www\\laravel\\originality\\vendor\\laravel\\framework\\src\\Illuminate\\Pipeline\\Pipeline.php(219): Illuminate\\Foundation\\Http\\Middleware\\TrimStrings->handle(Object(Illuminate\\Http\\Request), Object(Closure))
#34 E:\\Productivity\\wamp64\\www\\laravel\\originality\\vendor\\laravel\\framework\\src\\Illuminate\\Http\\Middleware\\ValidatePostSize.php(27): Illuminate\\Pipeline\\Pipeline->Illuminate\\Pipeline\\{closure}(Object(Illuminate\\Http\\Request))
#35 E:\\Productivity\\wamp64\\www\\laravel\\originality\\vendor\\laravel\\framework\\src\\Illuminate\\Pipeline\\Pipeline.php(219): Illuminate\\Http\\Middleware\\ValidatePostSize->handle(Object(Illuminate\\Http\\Request), Object(Closure))
#36 E:\\Productivity\\wamp64\\www\\laravel\\originality\\vendor\\laravel\\framework\\src\\Illuminate\\Foundation\\Http\\Middleware\\PreventRequestsDuringMaintenance.php(109): Illuminate\\Pipeline\\Pipeline->Illuminate\\Pipeline\\{closure}(Object(Illuminate\\Http\\Request))
#37 E:\\Productivity\\wamp64\\www\\laravel\\originality\\vendor\\laravel\\framework\\src\\Illuminate\\Pipeline\\Pipeline.php(219): Illuminate\\Foundation\\Http\\Middleware\\PreventRequestsDuringMaintenance->handle(Object(Illuminate\\Http\\Request), Object(Closure))
#38 E:\\Productivity\\wamp64\\www\\laravel\\originality\\vendor\\laravel\\framework\\src\\Illuminate\\Http\\Middleware\\HandleCors.php(48): Illuminate\\Pipeline\\Pipeline->Illuminate\\Pipeline\\{closure}(Object(Illuminate\\Http\\Request))
#39 E:\\Productivity\\wamp64\\www\\laravel\\originality\\vendor\\laravel\\framework\\src\\Illuminate\\Pipeline\\Pipeline.php(219): Illuminate\\Http\\Middleware\\HandleCors->handle(Object(Illuminate\\Http\\Request), Object(Closure))
#40 E:\\Productivity\\wamp64\\www\\laravel\\originality\\vendor\\laravel\\framework\\src\\Illuminate\\Http\\Middleware\\TrustProxies.php(58): Illuminate\\Pipeline\\Pipeline->Illuminate\\Pipeline\\{closure}(Object(Illuminate\\Http\\Request))
#41 E:\\Productivity\\wamp64\\www\\laravel\\originality\\vendor\\laravel\\framework\\src\\Illuminate\\Pipeline\\Pipeline.php(219): Illuminate\\Http\\Middleware\\TrustProxies->handle(Object(Illuminate\\Http\\Request), Object(Closure))
#42 E:\\Productivity\\wamp64\\www\\laravel\\originality\\vendor\\laravel\\framework\\src\\Illuminate\\Foundation\\Http\\Middleware\\InvokeDeferredCallbacks.php(22): Illuminate\\Pipeline\\Pipeline->Illuminate\\Pipeline\\{closure}(Object(Illuminate\\Http\\Request))
#43 E:\\Productivity\\wamp64\\www\\laravel\\originality\\vendor\\laravel\\framework\\src\\Illuminate\\Pipeline\\Pipeline.php(219): Illuminate\\Foundation\\Http\\Middleware\\InvokeDeferredCallbacks->handle(Object(Illuminate\\Http\\Request), Object(Closure))
#44 E:\\Productivity\\wamp64\\www\\laravel\\originality\\vendor\\laravel\\framework\\src\\Illuminate\\Http\\Middleware\\ValidatePathEncoding.php(26): Illuminate\\Pipeline\\Pipeline->Illuminate\\Pipeline\\{closure}(Object(Illuminate\\Http\\Request))
#45 E:\\Productivity\\wamp64\\www\\laravel\\originality\\vendor\\laravel\\framework\\src\\Illuminate\\Pipeline\\Pipeline.php(219): Illuminate\\Http\\Middleware\\ValidatePathEncoding->handle(Object(Illuminate\\Http\\Request), Object(Closure))
#46 E:\\Productivity\\wamp64\\www\\laravel\\originality\\vendor\\laravel\\framework\\src\\Illuminate\\Pipeline\\Pipeline.php(137): Illuminate\\Pipeline\\Pipeline->Illuminate\\Pipeline\\{closure}(Object(Illuminate\\Http\\Request))
#47 E:\\Productivity\\wamp64\\www\\laravel\\originality\\vendor\\laravel\\framework\\src\\Illuminate\\Foundation\\Http\\Kernel.php(175): Illuminate\\Pipeline\\Pipeline->then(Object(Closure))
#48 E:\\Productivity\\wamp64\\www\\laravel\\originality\\vendor\\laravel\\framework\\src\\Illuminate\\Foundation\\Http\\Kernel.php(144): Illuminate\\Foundation\\Http\\Kernel->sendRequestThroughRouter(Object(Illuminate\\Http\\Request))
#49 E:\\Productivity\\wamp64\\www\\laravel\\originality\\vendor\\laravel\\framework\\src\\Illuminate\\Foundation\\Application.php(1220): Illuminate\\Foundation\\Http\\Kernel->handle(Object(Illuminate\\Http\\Request))
#50 E:\\Productivity\\wamp64\\www\\laravel\\originality\\public\\index.php(20): Illuminate\\Foundation\\Application->handleRequest(Object(Illuminate\\Http\\Request))
#51 E:\\Productivity\\wamp64\\www\\laravel\\originality\\vendor\\laravel\\framework\\src\\Illuminate\\Foundation\\resources\\server.php(23): require_once('E:\\\\Productivity...')
#52 {main}

[previous exception] [object] (GuzzleHttp\\Exception\\ConnectException(code: 0): cURL error 6: Could not resolve host: me (see https://curl.haxx.se/libcurl/c/libcurl-errors.html) at E:\\Productivity\\wamp64\\www\\laravel\\originality\\vendor\\guzzlehttp\\guzzle\\src\\Handler\\CurlFactory.php:277)
[stacktrace]
#0 E:\\Productivity\\wamp64\\www\\laravel\\originality\\vendor\\guzzlehttp\\guzzle\\src\\Handler\\CurlFactory.php(207): GuzzleHttp\\Handler\\CurlFactory::createRejection(Object(GuzzleHttp\\Handler\\EasyHandle), Array)
#1 E:\\Productivity\\wamp64\\www\\laravel\\originality\\vendor\\guzzlehttp\\guzzle\\src\\Handler\\CurlFactory.php(159): GuzzleHttp\\Handler\\CurlFactory::finishError(Object(GuzzleHttp\\Handler\\CurlHandler), Object(GuzzleHttp\\Handler\\EasyHandle), Object(GuzzleHttp\\Handler\\CurlFactory))
#2 E:\\Productivity\\wamp64\\www\\laravel\\originality\\vendor\\guzzlehttp\\guzzle\\src\\Handler\\CurlHandler.php(47): GuzzleHttp\\Handler\\CurlFactory::finish(Object(GuzzleHttp\\Handler\\CurlHandler), Object(GuzzleHttp\\Handler\\EasyHandle), Object(GuzzleHttp\\Handler\\CurlFactory))
#3 E:\\Productivity\\wamp64\\www\\laravel\\originality\\vendor\\guzzlehttp\\guzzle\\src\\Handler\\Proxy.php(28): GuzzleHttp\\Handler\\CurlHandler->__invoke(Object(GuzzleHttp\\Psr7\\Request), Array)
#4 E:\\Productivity\\wamp64\\www\\laravel\\originality\\vendor\\guzzlehttp\\guzzle\\src\\Handler\\Proxy.php(48): GuzzleHttp\\Handler\\Proxy::GuzzleHttp\\Handler\\{closure}(Object(GuzzleHttp\\Psr7\\Request), Array)
#5 E:\\Productivity\\wamp64\\www\\laravel\\originality\\vendor\\laravel\\framework\\src\\Illuminate\\Http\\Client\\PendingRequest.php(1390): GuzzleHttp\\Handler\\Proxy::GuzzleHttp\\Handler\\{closure}(Object(GuzzleHttp\\Psr7\\Request), Array)
#6 E:\\Productivity\\wamp64\\www\\laravel\\originality\\vendor\\laravel\\framework\\src\\Illuminate\\Http\\Client\\PendingRequest.php(1356): Illuminate\\Http\\Client\\PendingRequest->Illuminate\\Http\\Client\\{closure}(Object(GuzzleHttp\\Psr7\\Request), Array)
#7 E:\\Productivity\\wamp64\\www\\laravel\\originality\\vendor\\laravel\\framework\\src\\Illuminate\\Http\\Client\\PendingRequest.php(1342): Illuminate\\Http\\Client\\PendingRequest->Illuminate\\Http\\Client\\{closure}(Object(GuzzleHttp\\Psr7\\Request), Array)
#8 E:\\Productivity\\wamp64\\www\\laravel\\originality\\vendor\\guzzlehttp\\guzzle\\src\\PrepareBodyMiddleware.php(35): Illuminate\\Http\\Client\\PendingRequest->Illuminate\\Http\\Client\\{closure}(Object(GuzzleHttp\\Psr7\\Request), Array)
#9 E:\\Productivity\\wamp64\\www\\laravel\\originality\\vendor\\guzzlehttp\\guzzle\\src\\Middleware.php(38): GuzzleHttp\\PrepareBodyMiddleware->__invoke(Object(GuzzleHttp\\Psr7\\Request), Array)
#10 E:\\Productivity\\wamp64\\www\\laravel\\originality\\vendor\\guzzlehttp\\guzzle\\src\\RedirectMiddleware.php(71): GuzzleHttp\\Middleware::GuzzleHttp\\{closure}(Object(GuzzleHttp\\Psr7\\Request), Array)
#11 E:\\Productivity\\wamp64\\www\\laravel\\originality\\vendor\\guzzlehttp\\guzzle\\src\\Middleware.php(63): GuzzleHttp\\RedirectMiddleware->__invoke(Object(GuzzleHttp\\Psr7\\Request), Array)
#12 E:\\Productivity\\wamp64\\www\\laravel\\originality\\vendor\\guzzlehttp\\guzzle\\src\\HandlerStack.php(75): GuzzleHttp\\Middleware::GuzzleHttp\\{closure}(Object(GuzzleHttp\\Psr7\\Request), Array)
#13 E:\\Productivity\\wamp64\\www\\laravel\\originality\\vendor\\guzzlehttp\\guzzle\\src\\Client.php(333): GuzzleHttp\\HandlerStack->__invoke(Object(GuzzleHttp\\Psr7\\Request), Array)
#14 E:\\Productivity\\wamp64\\www\\laravel\\originality\\vendor\\guzzlehttp\\guzzle\\src\\Client.php(169): GuzzleHttp\\Client->transfer(Object(GuzzleHttp\\Psr7\\Request), Array)
#15 E:\\Productivity\\wamp64\\www\\laravel\\originality\\vendor\\guzzlehttp\\guzzle\\src\\Client.php(189): GuzzleHttp\\Client->requestAsync('GET', Object(GuzzleHttp\\Psr7\\Uri), Array)
#16 E:\\Productivity\\wamp64\\www\\laravel\\originality\\vendor\\laravel\\framework\\src\\Illuminate\\Http\\Client\\PendingRequest.php(1188): GuzzleHttp\\Client->request('GET', 'me', Array)
#17 E:\\Productivity\\wamp64\\www\\laravel\\originality\\vendor\\laravel\\framework\\src\\Illuminate\\Http\\Client\\PendingRequest.php(933): Illuminate\\Http\\Client\\PendingRequest->sendRequest('GET', 'me', Array)
#18 E:\\Productivity\\wamp64\\www\\laravel\\originality\\vendor\\laravel\\framework\\src\\Illuminate\\Support\\helpers.php(329): Illuminate\\Http\\Client\\PendingRequest->Illuminate\\Http\\Client\\{closure}(1)
#19 E:\\Productivity\\wamp64\\www\\laravel\\originality\\vendor\\laravel\\framework\\src\\Illuminate\\Http\\Client\\PendingRequest.php(931): retry(0, Object(Closure), 100, Object(Closure))
#20 E:\\Productivity\\wamp64\\www\\laravel\\originality\\vendor\\laravel\\framework\\src\\Illuminate\\Http\\Client\\PendingRequest.php(798): Illuminate\\Http\\Client\\PendingRequest->send('GET', 'me', Array)
#21 E:\\Productivity\\wamp64\\www\\laravel\\originality\\app\\Http\\Middleware\\AuthApi.php(26): Illuminate\\Http\\Client\\PendingRequest->get('/me')
#22 E:\\Productivity\\wamp64\\www\\laravel\\originality\\vendor\\laravel\\framework\\src\\Illuminate\\Pipeline\\Pipeline.php(219): App\\Http\\Middleware\\AuthApi->handle(Object(Illuminate\\Http\\Request), Object(Closure))
#23 E:\\Productivity\\wamp64\\www\\laravel\\originality\\vendor\\laravel\\framework\\src\\Illuminate\\Routing\\Middleware\\SubstituteBindings.php(50): Illuminate\\Pipeline\\Pipeline->Illuminate\\Pipeline\\{closure}(Object(Illuminate\\Http\\Request))
#24 E:\\Productivity\\wamp64\\www\\laravel\\originality\\vendor\\laravel\\framework\\src\\Illuminate\\Pipeline\\Pipeline.php(219): Illuminate\\Routing\\Middleware\\SubstituteBindings->handle(Object(Illuminate\\Http\\Request), Object(Closure))
#25 E:\\Productivity\\wamp64\\www\\laravel\\originality\\vendor\\laravel\\framework\\src\\Illuminate\\Foundation\\Http\\Middleware\\VerifyCsrfToken.php(87): Illuminate\\Pipeline\\Pipeline->Illuminate\\Pipeline\\{closure}(Object(Illuminate\\Http\\Request))
#26 E:\\Productivity\\wamp64\\www\\laravel\\originality\\vendor\\laravel\\framework\\src\\Illuminate\\Pipeline\\Pipeline.php(219): Illuminate\\Foundation\\Http\\Middleware\\VerifyCsrfToken->handle(Object(Illuminate\\Http\\Request), Object(Closure))
#27 E:\\Productivity\\wamp64\\www\\laravel\\originality\\vendor\\laravel\\framework\\src\\Illuminate\\View\\Middleware\\ShareErrorsFromSession.php(48): Illuminate\\Pipeline\\Pipeline->Illuminate\\Pipeline\\{closure}(Object(Illuminate\\Http\\Request))
#28 E:\\Productivity\\wamp64\\www\\laravel\\originality\\vendor\\laravel\\framework\\src\\Illuminate\\Pipeline\\Pipeline.php(219): Illuminate\\View\\Middleware\\ShareErrorsFromSession->handle(Object(Illuminate\\Http\\Request), Object(Closure))
#29 E:\\Productivity\\wamp64\\www\\laravel\\originality\\vendor\\laravel\\framework\\src\\Illuminate\\Session\\Middleware\\StartSession.php(120): Illuminate\\Pipeline\\Pipeline->Illuminate\\Pipeline\\{closure}(Object(Illuminate\\Http\\Request))
#30 E:\\Productivity\\wamp64\\www\\laravel\\originality\\vendor\\laravel\\framework\\src\\Illuminate\\Session\\Middleware\\StartSession.php(63): Illuminate\\Session\\Middleware\\StartSession->handleStatefulRequest(Object(Illuminate\\Http\\Request), Object(Illuminate\\Session\\Store), Object(Closure))
#31 E:\\Productivity\\wamp64\\www\\laravel\\originality\\vendor\\laravel\\framework\\src\\Illuminate\\Pipeline\\Pipeline.php(219): Illuminate\\Session\\Middleware\\StartSession->handle(Object(Illuminate\\Http\\Request), Object(Closure))
#32 E:\\Productivity\\wamp64\\www\\laravel\\originality\\vendor\\laravel\\framework\\src\\Illuminate\\Cookie\\Middleware\\AddQueuedCookiesToResponse.php(36): Illuminate\\Pipeline\\Pipeline->Illuminate\\Pipeline\\{closure}(Object(Illuminate\\Http\\Request))
#33 E:\\Productivity\\wamp64\\www\\laravel\\originality\\vendor\\laravel\\framework\\src\\Illuminate\\Pipeline\\Pipeline.php(219): Illuminate\\Cookie\\Middleware\\AddQueuedCookiesToResponse->handle(Object(Illuminate\\Http\\Request), Object(Closure))
#34 E:\\Productivity\\wamp64\\www\\laravel\\originality\\vendor\\laravel\\framework\\src\\Illuminate\\Cookie\\Middleware\\EncryptCookies.php(74): Illuminate\\Pipeline\\Pipeline->Illuminate\\Pipeline\\{closure}(Object(Illuminate\\Http\\Request))
#35 E:\\Productivity\\wamp64\\www\\laravel\\originality\\vendor\\laravel\\framework\\src\\Illuminate\\Pipeline\\Pipeline.php(219): Illuminate\\Cookie\\Middleware\\EncryptCookies->handle(Object(Illuminate\\Http\\Request), Object(Closure))
#36 E:\\Productivity\\wamp64\\www\\laravel\\originality\\vendor\\laravel\\framework\\src\\Illuminate\\Pipeline\\Pipeline.php(137): Illuminate\\Pipeline\\Pipeline->Illuminate\\Pipeline\\{closure}(Object(Illuminate\\Http\\Request))
#37 E:\\Productivity\\wamp64\\www\\laravel\\originality\\vendor\\laravel\\framework\\src\\Illuminate\\Routing\\Router.php(821): Illuminate\\Pipeline\\Pipeline->then(Object(Closure))
#38 E:\\Productivity\\wamp64\\www\\laravel\\originality\\vendor\\laravel\\framework\\src\\Illuminate\\Routing\\Router.php(800): Illuminate\\Routing\\Router->runRouteWithinStack(Object(Illuminate\\Routing\\Route), Object(Illuminate\\Http\\Request))
#39 E:\\Productivity\\wamp64\\www\\laravel\\originality\\vendor\\laravel\\framework\\src\\Illuminate\\Routing\\Router.php(764): Illuminate\\Routing\\Router->runRoute(Object(Illuminate\\Http\\Request), Object(Illuminate\\Routing\\Route))
#40 E:\\Productivity\\wamp64\\www\\laravel\\originality\\vendor\\laravel\\framework\\src\\Illuminate\\Routing\\Router.php(753): Illuminate\\Routing\\Router->dispatchToRoute(Object(Illuminate\\Http\\Request))
#41 E:\\Productivity\\wamp64\\www\\laravel\\originality\\vendor\\laravel\\framework\\src\\Illuminate\\Foundation\\Http\\Kernel.php(200): Illuminate\\Routing\\Router->dispatch(Object(Illuminate\\Http\\Request))
#42 E:\\Productivity\\wamp64\\www\\laravel\\originality\\vendor\\laravel\\framework\\src\\Illuminate\\Pipeline\\Pipeline.php(180): Illuminate\\Foundation\\Http\\Kernel->Illuminate\\Foundation\\Http\\{closure}(Object(Illuminate\\Http\\Request))
#43 E:\\Productivity\\wamp64\\www\\laravel\\originality\\vendor\\livewire\\livewire\\src\\Features\\SupportDisablingBackButtonCache\\DisableBackButtonCacheMiddleware.php(19): Illuminate\\Pipeline\\Pipeline->Illuminate\\Pipeline\\{closure}(Object(Illuminate\\Http\\Request))
#44 E:\\Productivity\\wamp64\\www\\laravel\\originality\\vendor\\laravel\\framework\\src\\Illuminate\\Pipeline\\Pipeline.php(219): Livewire\\Features\\SupportDisablingBackButtonCache\\DisableBackButtonCacheMiddleware->handle(Object(Illuminate\\Http\\Request), Object(Closure))
#45 E:\\Productivity\\wamp64\\www\\laravel\\originality\\vendor\\laravel\\framework\\src\\Illuminate\\Foundation\\Http\\Middleware\\TransformsRequest.php(21): Illuminate\\Pipeline\\Pipeline->Illuminate\\Pipeline\\{closure}(Object(Illuminate\\Http\\Request))
#46 E:\\Productivity\\wamp64\\www\\laravel\\originality\\vendor\\laravel\\framework\\src\\Illuminate\\Foundation\\Http\\Middleware\\ConvertEmptyStringsToNull.php(31): Illuminate\\Foundation\\Http\\Middleware\\TransformsRequest->handle(Object(Illuminate\\Http\\Request), Object(Closure))
#47 E:\\Productivity\\wamp64\\www\\laravel\\originality\\vendor\\laravel\\framework\\src\\Illuminate\\Pipeline\\Pipeline.php(219): Illuminate\\Foundation\\Http\\Middleware\\ConvertEmptyStringsToNull->handle(Object(Illuminate\\Http\\Request), Object(Closure))
#48 E:\\Productivity\\wamp64\\www\\laravel\\originality\\vendor\\laravel\\framework\\src\\Illuminate\\Foundation\\Http\\Middleware\\TransformsRequest.php(21): Illuminate\\Pipeline\\Pipeline->Illuminate\\Pipeline\\{closure}(Object(Illuminate\\Http\\Request))
#49 E:\\Productivity\\wamp64\\www\\laravel\\originality\\vendor\\laravel\\framework\\src\\Illuminate\\Foundation\\Http\\Middleware\\TrimStrings.php(51): Illuminate\\Foundation\\Http\\Middleware\\TransformsRequest->handle(Object(Illuminate\\Http\\Request), Object(Closure))
#50 E:\\Productivity\\wamp64\\www\\laravel\\originality\\vendor\\laravel\\framework\\src\\Illuminate\\Pipeline\\Pipeline.php(219): Illuminate\\Foundation\\Http\\Middleware\\TrimStrings->handle(Object(Illuminate\\Http\\Request), Object(Closure))
#51 E:\\Productivity\\wamp64\\www\\laravel\\originality\\vendor\\laravel\\framework\\src\\Illuminate\\Http\\Middleware\\ValidatePostSize.php(27): Illuminate\\Pipeline\\Pipeline->Illuminate\\Pipeline\\{closure}(Object(Illuminate\\Http\\Request))
#52 E:\\Productivity\\wamp64\\www\\laravel\\originality\\vendor\\laravel\\framework\\src\\Illuminate\\Pipeline\\Pipeline.php(219): Illuminate\\Http\\Middleware\\ValidatePostSize->handle(Object(Illuminate\\Http\\Request), Object(Closure))
#53 E:\\Productivity\\wamp64\\www\\laravel\\originality\\vendor\\laravel\\framework\\src\\Illuminate\\Foundation\\Http\\Middleware\\PreventRequestsDuringMaintenance.php(109): Illuminate\\Pipeline\\Pipeline->Illuminate\\Pipeline\\{closure}(Object(Illuminate\\Http\\Request))
#54 E:\\Productivity\\wamp64\\www\\laravel\\originality\\vendor\\laravel\\framework\\src\\Illuminate\\Pipeline\\Pipeline.php(219): Illuminate\\Foundation\\Http\\Middleware\\PreventRequestsDuringMaintenance->handle(Object(Illuminate\\Http\\Request), Object(Closure))
#55 E:\\Productivity\\wamp64\\www\\laravel\\originality\\vendor\\laravel\\framework\\src\\Illuminate\\Http\\Middleware\\HandleCors.php(48): Illuminate\\Pipeline\\Pipeline->Illuminate\\Pipeline\\{closure}(Object(Illuminate\\Http\\Request))
#56 E:\\Productivity\\wamp64\\www\\laravel\\originality\\vendor\\laravel\\framework\\src\\Illuminate\\Pipeline\\Pipeline.php(219): Illuminate\\Http\\Middleware\\HandleCors->handle(Object(Illuminate\\Http\\Request), Object(Closure))
#57 E:\\Productivity\\wamp64\\www\\laravel\\originality\\vendor\\laravel\\framework\\src\\Illuminate\\Http\\Middleware\\TrustProxies.php(58): Illuminate\\Pipeline\\Pipeline->Illuminate\\Pipeline\\{closure}(Object(Illuminate\\Http\\Request))
#58 E:\\Productivity\\wamp64\\www\\laravel\\originality\\vendor\\laravel\\framework\\src\\Illuminate\\Pipeline\\Pipeline.php(219): Illuminate\\Http\\Middleware\\TrustProxies->handle(Object(Illuminate\\Http\\Request), Object(Closure))
#59 E:\\Productivity\\wamp64\\www\\laravel\\originality\\vendor\\laravel\\framework\\src\\Illuminate\\Foundation\\Http\\Middleware\\InvokeDeferredCallbacks.php(22): Illuminate\\Pipeline\\Pipeline->Illuminate\\Pipeline\\{closure}(Object(Illuminate\\Http\\Request))
#60 E:\\Productivity\\wamp64\\www\\laravel\\originality\\vendor\\laravel\\framework\\src\\Illuminate\\Pipeline\\Pipeline.php(219): Illuminate\\Foundation\\Http\\Middleware\\InvokeDeferredCallbacks->handle(Object(Illuminate\\Http\\Request), Object(Closure))
#61 E:\\Productivity\\wamp64\\www\\laravel\\originality\\vendor\\laravel\\framework\\src\\Illuminate\\Http\\Middleware\\ValidatePathEncoding.php(26): Illuminate\\Pipeline\\Pipeline->Illuminate\\Pipeline\\{closure}(Object(Illuminate\\Http\\Request))
#62 E:\\Productivity\\wamp64\\www\\laravel\\originality\\vendor\\laravel\\framework\\src\\Illuminate\\Pipeline\\Pipeline.php(219): Illuminate\\Http\\Middleware\\ValidatePathEncoding->handle(Object(Illuminate\\Http\\Request), Object(Closure))
#63 E:\\Productivity\\wamp64\\www\\laravel\\originality\\vendor\\laravel\\framework\\src\\Illuminate\\Pipeline\\Pipeline.php(137): Illuminate\\Pipeline\\Pipeline->Illuminate\\Pipeline\\{closure}(Object(Illuminate\\Http\\Request))
#64 E:\\Productivity\\wamp64\\www\\laravel\\originality\\vendor\\laravel\\framework\\src\\Illuminate\\Foundation\\Http\\Kernel.php(175): Illuminate\\Pipeline\\Pipeline->then(Object(Closure))
#65 E:\\Productivity\\wamp64\\www\\laravel\\originality\\vendor\\laravel\\framework\\src\\Illuminate\\Foundation\\Http\\Kernel.php(144): Illuminate\\Foundation\\Http\\Kernel->sendRequestThroughRouter(Object(Illuminate\\Http\\Request))
#66 E:\\Productivity\\wamp64\\www\\laravel\\originality\\vendor\\laravel\\framework\\src\\Illuminate\\Foundation\\Application.php(1220): Illuminate\\Foundation\\Http\\Kernel->handle(Object(Illuminate\\Http\\Request))
#67 E:\\Productivity\\wamp64\\www\\laravel\\originality\\public\\index.php(20): Illuminate\\Foundation\\Application->handleRequest(Object(Illuminate\\Http\\Request))
#68 E:\\Productivity\\wamp64\\www\\laravel\\originality\\vendor\\laravel\\framework\\src\\Illuminate\\Foundation\\resources\\server.php(23): require_once('E:\\\\Productivity...')
#69 {main}
"} 
